[daemon] equity auto-detected: $4.33 USDT ¡æ capacity: $129.79 (was $10,000 / $5,000 defaults)
[daemon] paper verification equity override: $50.00 USDT -> capacity: $1500.00
[DECISION] 2026-04-20T06:53:00+00:00 SOLUSDT mode=cash side=flat score=55.89
[SUBMISSION_GATE] SOLUSDT allow=False can_open=True existing=no pending_external=False order_cooldown=False manual_cooldown=False live_allowed=True
[EXEC_PREFLIGHT] SOLUSDT allow=False live_allowed=True managed=cash:0.00 prepared=cash:0.00 reasons=DIRECTION_CONFLICT,EDGE_BELOW_COST,EDGE_TOO_THIN,LIQUIDITY_TOO_WEAK,SCORE_TOO_LOW,SUPPORT_NOT_CONFIRMED
[CONNECT] websocket attempt=1
[HEARTBEAT] events=25 decisions=1 live_orders=0 tested_orders=0
[HEARTBEAT] events=50 decisions=1 live_orders=0 tested_orders=0
[HEARTBEAT] events=75 decisions=1 live_orders=0 tested_orders=0
[HEARTBEAT] events=100 decisions=1 live_orders=0 tested_orders=0
[HEARTBEAT] events=125 decisions=1 live_orders=0 tested_orders=0
[HEARTBEAT] events=150 decisions=1 live_orders=0 tested_orders=0
[HEARTBEAT] events=175 decisions=1 live_orders=0 tested_orders=0
[HEARTBEAT] events=200 decisions=1 live_orders=0 tested_orders=0
[HEARTBEAT] events=225 decisions=1 live_orders=0 tested_orders=0
[HEARTBEAT] events=250 decisions=1 live_orders=0 tested_orders=0
[HEARTBEAT] events=275 decisions=1 live_orders=0 tested_orders=0
[HEARTBEAT] events=300 decisions=1 live_orders=0 tested_orders=0
[HEARTBEAT] events=325 decisions=1 live_orders=0 tested_orders=0
[HEARTBEAT] events=350 decisions=1 live_orders=0 tested_orders=0
[HEARTBEAT] events=375 decisions=1 live_orders=0 tested_orders=0
[HEARTBEAT] events=400 decisions=1 live_orders=0 tested_orders=0
[HEARTBEAT] events=425 decisions=1 live_orders=0 tested_orders=0
[HEARTBEAT] events=450 decisions=1 live_orders=0 tested_orders=0
[HEARTBEAT] events=475 decisions=1 live_orders=0 tested_orders=0
[HEARTBEAT] events=500 decisions=1 live_orders=0 tested_orders=0
[HEARTBEAT] events=525 decisions=1 live_orders=0 tested_orders=0
[HEARTBEAT] events=550 decisions=1 live_orders=0 tested_orders=0
[HEARTBEAT] events=575 decisions=1 live_orders=0 tested_orders=0
[HEARTBEAT] events=600 decisions=1 live_orders=0 tested_orders=0
[HEARTBEAT] events=625 decisions=1 live_orders=0 tested_orders=0
[HEARTBEAT] events=650 decisions=1 live_orders=0 tested_orders=0
[HEARTBEAT] events=675 decisions=1 live_orders=0 tested_orders=0
[HEARTBEAT] events=700 decisions=1 live_orders=0 tested_orders=0
[HEARTBEAT] events=725 decisions=1 live_orders=0 tested_orders=0
[HEARTBEAT] events=750 decisions=1 live_orders=0 tested_orders=0
[HEARTBEAT] events=775 decisions=1 live_orders=0 tested_orders=0
[HEARTBEAT] events=800 decisions=1 live_orders=0 tested_orders=0
[HEARTBEAT] events=825 decisions=1 live_orders=0 tested_orders=0
[HEARTBEAT] events=850 decisions=1 live_orders=0 tested_orders=0
[HEARTBEAT] events=875 decisions=1 live_orders=0 tested_orders=0
[HEARTBEAT] events=900 decisions=1 live_orders=0 tested_orders=0
[HEARTBEAT] events=925 decisions=1 live_orders=0 tested_orders=0
[HEARTBEAT] events=950 decisions=1 live_orders=0 tested_orders=0
[HEARTBEAT] events=975 decisions=1 live_orders=0 tested_orders=0
[HEARTBEAT] events=1000 decisions=1 live_orders=0 tested_orders=0
[HEARTBEAT] events=1025 decisions=1 live_orders=0 tested_orders=0
[HEARTBEAT] events=1050 decisions=1 live_orders=0 tested_orders=0
[HEARTBEAT] events=1075 decisions=1 live_orders=0 tested_orders=0
[HEARTBEAT] events=1100 decisions=1 live_orders=0 tested_orders=0
[HEARTBEAT] events=1125 decisions=1 live_orders=0 tested_orders=0
[HEARTBEAT] events=1150 decisions=1 live_orders=0 tested_orders=0
[HEARTBEAT] events=1175 decisions=1 live_orders=0 tested_orders=0
[HEARTBEAT] events=1200 decisions=1 live_orders=0 tested_orders=0
[HEARTBEAT] events=1225 decisions=1 live_orders=0 tested_orders=0
[HEARTBEAT] events=1250 decisions=1 live_orders=0 tested_orders=0
[HEARTBEAT] events=1275 decisions=1 live_orders=0 tested_orders=0
[HEARTBEAT] events=1300 decisions=1 live_orders=0 tested_orders=0
[HEARTBEAT] events=1325 decisions=1 live_orders=0 tested_orders=0
[HEARTBEAT] events=1350 decisions=1 live_orders=0 tested_orders=0
[HEARTBEAT] events=1375 decisions=1 live_orders=0 tested_orders=0
[HEARTBEAT] events=1400 decisions=1 live_orders=0 tested_orders=0
[HEARTBEAT] events=1425 decisions=1 live_orders=0 tested_orders=0
[HEARTBEAT] events=1450 decisions=1 live_orders=0 tested_orders=0
[HEARTBEAT] events=1475 decisions=1 live_orders=0 tested_orders=0
[HEARTBEAT] events=1500 decisions=1 live_orders=0 tested_orders=0
[HEARTBEAT] events=1525 decisions=1 live_orders=0 tested_orders=0
[HEARTBEAT] events=1550 decisions=1 live_orders=0 tested_orders=0
[HEARTBEAT] events=1575 decisions=1 live_orders=0 tested_orders=0
[HEARTBEAT] events=1600 decisions=1 live_orders=0 tested_orders=0
[HEARTBEAT] events=1625 decisions=1 live_orders=0 tested_orders=0
[HEARTBEAT] events=1650 decisions=1 live_orders=0 tested_orders=0
[HEARTBEAT] events=1675 decisions=1 live_orders=0 tested_orders=0
[HEARTBEAT] events=1700 decisions=1 live_orders=0 tested_orders=0
[HEARTBEAT] events=1725 decisions=1 live_orders=0 tested_orders=0
[HEARTBEAT] events=1750 decisions=1 live_orders=0 tested_orders=0
[HEARTBEAT] events=1775 decisions=1 live_orders=0 tested_orders=0
[HEARTBEAT] events=1800 decisions=1 live_orders=0 tested_orders=0
[HEARTBEAT] events=1825 decisions=1 live_orders=0 tested_orders=0
[HEARTBEAT] events=1850 decisions=1 live_orders=0 tested_orders=0
[HEARTBEAT] events=1875 decisions=1 live_orders=0 tested_orders=0
[HEARTBEAT] events=1900 decisions=1 live_orders=0 tested_orders=0
[HEARTBEAT] events=1925 decisions=1 live_orders=0 tested_orders=0
[HEARTBEAT] events=1950 decisions=1 live_orders=0 tested_orders=0
[HEARTBEAT] events=1975 decisions=1 live_orders=0 tested_orders=0
[HEARTBEAT] events=2000 decisions=1 live_orders=0 tested_orders=0
[HEARTBEAT] events=2025 decisions=1 live_orders=0 tested_orders=0
[HEARTBEAT] events=2050 decisions=1 live_orders=0 tested_orders=0
[HEARTBEAT] events=2075 decisions=1 live_orders=0 tested_orders=0
[HEARTBEAT] events=2100 decisions=1 live_orders=0 tested_orders=0
[HEARTBEAT] events=2125 decisions=1 live_orders=0 tested_orders=0
[HEARTBEAT] events=2150 decisions=1 live_orders=0 tested_orders=0
[HEARTBEAT] events=2175 decisions=1 live_orders=0 tested_orders=0
[HEARTBEAT] events=2200 decisions=1 live_orders=0 tested_orders=0
[HEARTBEAT] events=2225 decisions=1 live_orders=0 tested_orders=0
[HEARTBEAT] events=2250 decisions=1 live_orders=0 tested_orders=0
[HEARTBEAT] events=2275 decisions=1 live_orders=0 tested_orders=0
[HEARTBEAT] events=2300 decisions=1 live_orders=0 tested_orders=0
[HEARTBEAT] events=2325 decisions=1 live_orders=0 tested_orders=0
[HEARTBEAT] events=2350 decisions=1 live_orders=0 tested_orders=0
[HEARTBEAT] events=2375 decisions=1 live_orders=0 tested_orders=0
[HEARTBEAT] events=2400 decisions=1 live_orders=0 tested_orders=0
[HEARTBEAT] events=2425 decisions=1 live_orders=0 tested_orders=0
[HEARTBEAT] events=2450 decisions=1 live_orders=0 tested_orders=0
[HEARTBEAT] events=2475 decisions=1 live_orders=0 tested_orders=0
[HEARTBEAT] events=2500 decisions=1 live_orders=0 tested_orders=0
[HEARTBEAT] events=2525 decisions=1 live_orders=0 tested_orders=0
[HEARTBEAT] events=2550 decisions=1 live_orders=0 tested_orders=0
[HEARTBEAT] events=2575 decisions=1 live_orders=0 tested_orders=0
[HEARTBEAT] events=2600 decisions=1 live_orders=0 tested_orders=0
[HEARTBEAT] events=2625 decisions=1 live_orders=0 tested_orders=0
[HEARTBEAT] events=2650 decisions=1 live_orders=0 tested_orders=0
[HEARTBEAT] events=2675 decisions=1 live_orders=0 tested_orders=0
[HEARTBEAT] events=2700 decisions=1 live_orders=0 tested_orders=0
[HEARTBEAT] events=2725 decisions=1 live_orders=0 tested_orders=0
[HEARTBEAT] events=2750 decisions=1 live_orders=0 tested_orders=0
[HEARTBEAT] events=2775 decisions=1 live_orders=0 tested_orders=0
[HEARTBEAT] events=2800 decisions=1 live_orders=0 tested_orders=0
[HEARTBEAT] events=2825 decisions=1 live_orders=0 tested_orders=0
[HEARTBEAT] events=2850 decisions=1 live_orders=0 tested_orders=0
[HEARTBEAT] events=2875 decisions=1 live_orders=0 tested_orders=0
[HEARTBEAT] events=2900 decisions=1 live_orders=0 tested_orders=0
[HEARTBEAT] events=2925 decisions=1 live_orders=0 tested_orders=0
[HEARTBEAT] events=2950 decisions=1 live_orders=0 tested_orders=0
[HEARTBEAT] events=2975 decisions=1 live_orders=0 tested_orders=0
[HEARTBEAT] events=3000 decisions=1 live_orders=0 tested_orders=0
[HEARTBEAT] events=3025 decisions=1 live_orders=0 tested_orders=0
[HEARTBEAT] events=3050 decisions=1 live_orders=0 tested_orders=0
[HEARTBEAT] events=3075 decisions=1 live_orders=0 tested_orders=0
[HEARTBEAT] events=3100 decisions=1 live_orders=0 tested_orders=0
[HEARTBEAT] events=3125 decisions=1 live_orders=0 tested_orders=0
[HEARTBEAT] events=3150 decisions=1 live_orders=0 tested_orders=0
[HEARTBEAT] events=3175 decisions=1 live_orders=0 tested_orders=0
[HEARTBEAT] events=3200 decisions=1 live_orders=0 tested_orders=0
[HEARTBEAT] events=3225 decisions=1 live_orders=0 tested_orders=0
[HEARTBEAT] events=3250 decisions=1 live_orders=0 tested_orders=0
[HEARTBEAT] events=3275 decisions=1 live_orders=0 tested_orders=0
[HEARTBEAT] events=3300 decisions=1 live_orders=0 tested_orders=0
[HEARTBEAT] events=3325 decisions=1 live_orders=0 tested_orders=0
[HEARTBEAT] events=3350 decisions=1 live_orders=0 tested_orders=0
[HEARTBEAT] events=3375 decisions=1 live_orders=0 tested_orders=0
[HEARTBEAT] events=3400 decisions=1 live_orders=0 tested_orders=0
[HEARTBEAT] events=3425 decisions=1 live_orders=0 tested_orders=0
[HEARTBEAT] events=3450 decisions=1 live_orders=0 tested_orders=0
[HEARTBEAT] events=3475 decisions=1 live_orders=0 tested_orders=0
[HEARTBEAT] events=3500 decisions=1 live_orders=0 tested_orders=0
[HEARTBEAT] events=3525 decisions=1 live_orders=0 tested_orders=0
[HEARTBEAT] events=3550 decisions=1 live_orders=0 tested_orders=0
[HEARTBEAT] events=3575 decisions=1 live_orders=0 tested_orders=0
[HEARTBEAT] events=3600 decisions=1 live_orders=0 tested_orders=0
[HEARTBEAT] events=3625 decisions=1 live_orders=0 tested_orders=0
[HEARTBEAT] events=3650 decisions=1 live_orders=0 tested_orders=0
[HEARTBEAT] events=3675 decisions=1 live_orders=0 tested_orders=0
[HEARTBEAT] events=3700 decisions=1 live_orders=0 tested_orders=0
[HEARTBEAT] events=3725 decisions=1 live_orders=0 tested_orders=0
[HEARTBEAT] events=3750 decisions=1 live_orders=0 tested_orders=0
[DECISION] 2026-04-20T06:54:00+00:00 SOLUSDT mode=cash side=flat score=52.32
[SUBMISSION_GATE] SOLUSDT allow=False can_open=True existing=no pending_external=False order_cooldown=False manual_cooldown=False live_allowed=True
[EXEC_PREFLIGHT] SOLUSDT allow=False live_allowed=True managed=cash:0.00 prepared=cash:0.00 reasons=DIRECTION_CONFLICT,EDGE_BELOW_COST,EDGE_TOO_THIN,LIQUIDITY_TOO_WEAK,SCORE_TOO_LOW,SUPPORT_NOT_CONFIRMED
[HEARTBEAT] events=3775 decisions=2 live_orders=0 tested_orders=0
[HEARTBEAT] events=3800 decisions=2 live_orders=0 tested_orders=0
[HEARTBEAT] events=3825 decisions=2 live_orders=0 tested_orders=0
[HEARTBEAT] events=3850 decisions=2 live_orders=0 tested_orders=0
[HEARTBEAT] events=3875 decisions=2 live_orders=0 tested_orders=0
[HEARTBEAT] events=3900 decisions=2 live_orders=0 tested_orders=0
[HEARTBEAT] events=3925 decisions=2 live_orders=0 tested_orders=0
[HEARTBEAT] events=3950 decisions=2 live_orders=0 tested_orders=0
[HEARTBEAT] events=3975 decisions=2 live_orders=0 tested_orders=0
[HEARTBEAT] events=4000 decisions=2 live_orders=0 tested_orders=0
[HEARTBEAT] events=4025 decisions=2 live_orders=0 tested_orders=0
[HEARTBEAT] events=4050 decisions=2 live_orders=0 tested_orders=0
[HEARTBEAT] events=4075 decisions=2 live_orders=0 tested_orders=0
[HEARTBEAT] events=4100 decisions=2 live_orders=0 tested_orders=0
[SYNC] 2026-04-20T06:54:24.013180+00:00 account/open-order snapshot refreshed
[HEARTBEAT] events=4125 decisions=2 live_orders=0 tested_orders=0
[HEARTBEAT] events=4150 decisions=2 live_orders=0 tested_orders=0
[HEARTBEAT] events=4175 decisions=2 live_orders=0 tested_orders=0
[HEARTBEAT] events=4200 decisions=2 live_orders=0 tested_orders=0
[HEARTBEAT] events=4225 decisions=2 live_orders=0 tested_orders=0
[HEARTBEAT] events=4250 decisions=2 live_orders=0 tested_orders=0
[HEARTBEAT] events=4275 decisions=2 live_orders=0 tested_orders=0
[HEARTBEAT] events=4300 decisions=2 live_orders=0 tested_orders=0
[HEARTBEAT] events=4325 decisions=2 live_orders=0 tested_orders=0
[HEARTBEAT] events=4350 decisions=2 live_orders=0 tested_orders=0
[HEARTBEAT] events=4375 decisions=2 live_orders=0 tested_orders=0
[HEARTBEAT] events=4400 decisions=2 live_orders=0 tested_orders=0
[HEARTBEAT] events=4425 decisions=2 live_orders=0 tested_orders=0
[HEARTBEAT] events=4450 decisions=2 live_orders=0 tested_orders=0
[HEARTBEAT] events=4475 decisions=2 live_orders=0 tested_orders=0
[HEARTBEAT] events=4500 decisions=2 live_orders=0 tested_orders=0
[HEARTBEAT] events=4525 decisions=2 live_orders=0 tested_orders=0
[HEARTBEAT] events=4550 decisions=2 live_orders=0 tested_orders=0
[HEARTBEAT] events=4575 decisions=2 live_orders=0 tested_orders=0
[HEARTBEAT] events=4600 decisions=2 live_orders=0 tested_orders=0
[HEARTBEAT] events=4625 decisions=2 live_orders=0 tested_orders=0
[HEARTBEAT] events=4650 decisions=2 live_orders=0 tested_orders=0
[HEARTBEAT] events=4675 decisions=2 live_orders=0 tested_orders=0
[HEARTBEAT] events=4700 decisions=2 live_orders=0 tested_orders=0
[HEARTBEAT] events=4725 decisions=2 live_orders=0 tested_orders=0
[DECISION] 2026-04-20T06:55:00+00:00 SOLUSDT mode=cash side=flat score=51.01
[SUBMISSION_GATE] SOLUSDT allow=False can_open=True existing=no pending_external=False order_cooldown=False manual_cooldown=False live_allowed=True
[EXEC_PREFLIGHT] SOLUSDT allow=False live_allowed=True managed=cash:0.00 prepared=cash:0.00 reasons=DIRECTION_CONFLICT,EDGE_BELOW_COST,EDGE_TOO_THIN,LIQUIDITY_TOO_WEAK,SCORE_TOO_LOW,SENTIMENT_CAUTION,SUPPORT_NOT_CONFIRMED
[HEARTBEAT] events=4750 decisions=3 live_orders=0 tested_orders=0
[HEARTBEAT] events=4775 decisions=3 live_orders=0 tested_orders=0
[HEARTBEAT] events=4800 decisions=3 live_orders=0 tested_orders=0
[HEARTBEAT] events=4825 decisions=3 live_orders=0 tested_orders=0
[HEARTBEAT] events=4850 decisions=3 live_orders=0 tested_orders=0
[HEARTBEAT] events=4875 decisions=3 live_orders=0 tested_orders=0
[HEARTBEAT] events=4900 decisions=3 live_orders=0 tested_orders=0
[HEARTBEAT] events=4925 decisions=3 live_orders=0 tested_orders=0
[HEARTBEAT] events=4950 decisions=3 live_orders=0 tested_orders=0
[HEARTBEAT] events=4975 decisions=3 live_orders=0 tested_orders=0
[HEARTBEAT] events=5000 decisions=3 live_orders=0 tested_orders=0
[HEARTBEAT] events=5025 decisions=3 live_orders=0 tested_orders=0
[HEARTBEAT] events=5050 decisions=3 live_orders=0 tested_orders=0
[HEARTBEAT] events=5075 decisions=3 live_orders=0 tested_orders=0
[SYNC] 2026-04-20T06:55:24.100883+00:00 account/open-order snapshot refreshed
[HEARTBEAT] events=5100 decisions=3 live_orders=0 tested_orders=0
[ERROR] websocket attempt=1 error=no close frame received or sent
[RETRY] attempt=2 sleeping=1.00s
[HEARTBEAT] events=5125 decisions=3 live_orders=0 tested_orders=0
[CONNECT] websocket attempt=2
[HEARTBEAT] events=5150 decisions=3 live_orders=0 tested_orders=0
[HEARTBEAT] events=5175 decisions=3 live_orders=0 tested_orders=0
[HEARTBEAT] events=5200 decisions=3 live_orders=0 tested_orders=0
[HEARTBEAT] events=5225 decisions=3 live_orders=0 tested_orders=0
[HEARTBEAT] events=5250 decisions=3 live_orders=0 tested_orders=0
[HEARTBEAT] events=5275 decisions=3 live_orders=0 tested_orders=0
[HEARTBEAT] events=5300 decisions=3 live_orders=0 tested_orders=0
[HEARTBEAT] events=5325 decisions=3 live_orders=0 tested_orders=0
[HEARTBEAT] events=5350 decisions=3 live_orders=0 tested_orders=0
[HEARTBEAT] events=5375 decisions=3 live_orders=0 tested_orders=0
[HEARTBEAT] events=5400 decisions=3 live_orders=0 tested_orders=0
[HEARTBEAT] events=5425 decisions=3 live_orders=0 tested_orders=0
[HEARTBEAT] events=5450 decisions=3 live_orders=0 tested_orders=0
[HEARTBEAT] events=5475 decisions=3 live_orders=0 tested_orders=0
[HEARTBEAT] events=5500 decisions=3 live_orders=0 tested_orders=0
[HEARTBEAT] events=5525 decisions=3 live_orders=0 tested_orders=0
[HEARTBEAT] events=5550 decisions=3 live_orders=0 tested_orders=0
[HEARTBEAT] events=5575 decisions=3 live_orders=0 tested_orders=0
[HEARTBEAT] events=5600 decisions=3 live_orders=0 tested_orders=0
[HEARTBEAT] events=5625 decisions=3 live_orders=0 tested_orders=0
[HEARTBEAT] events=5650 decisions=3 live_orders=0 tested_orders=0
[HEARTBEAT] events=5675 decisions=3 live_orders=0 tested_orders=0
[HEARTBEAT] events=5700 decisions=3 live_orders=0 tested_orders=0
[HEARTBEAT] events=5725 decisions=3 live_orders=0 tested_orders=0
[DECISION] 2026-04-20T06:53:00+00:00 SOLUSDT mode=futures side=short score=53.58
[SUBMISSION_GATE] SOLUSDT allow=True can_open=True existing=no pending_external=False order_cooldown=False manual_cooldown=False live_allowed=True
[EXEC_PREFLIGHT] SOLUSDT allow=True live_allowed=True managed=futures:1500.00 prepared=cash:0.00 reasons=LONG_ONLY_TURNAROUND_ENTRY_LONG_ONLY
[DECISION] 2026-04-20T06:54:00+00:00 SOLUSDT mode=futures side=short score=53.58
[SUBMISSION_GATE] SOLUSDT allow=True can_open=True existing=no pending_external=False order_cooldown=False manual_cooldown=False live_allowed=True
[EXEC_PREFLIGHT] SOLUSDT allow=True live_allowed=True managed=futures:1500.00 prepared=cash:0.00 reasons=LONG_ONLY_TURNAROUND_ENTRY_LONG_ONLY
[DECISION] 2026-04-20T06:55:00+00:00 SOLUSDT mode=futures side=short score=53.58
[SUBMISSION_GATE] SOLUSDT allow=True can_open=True existing=no pending_external=False order_cooldown=False manual_cooldown=False live_allowed=True
[EXEC_PREFLIGHT] SOLUSDT allow=True live_allowed=True managed=futures:1500.00 prepared=cash:0.00 reasons=LONG_ONLY_TURNAROUND_ENTRY_LONG_ONLY
[HEARTBEAT] events=5750 decisions=6 live_orders=0 tested_orders=0
[HEARTBEAT] events=5775 decisions=6 live_orders=0 tested_orders=0
[HEARTBEAT] events=5800 decisions=6 live_orders=0 tested_orders=0
[HEARTBEAT] events=5825 decisions=6 live_orders=0 tested_orders=0
[HEARTBEAT] events=5850 decisions=6 live_orders=0 tested_orders=0
[HEARTBEAT] events=5875 decisions=6 live_orders=0 tested_orders=0
[HEARTBEAT] events=5900 decisions=6 live_orders=0 tested_orders=0
[HEARTBEAT] events=5925 decisions=6 live_orders=0 tested_orders=0
[HEARTBEAT] events=5950 decisions=6 live_orders=0 tested_orders=0
[HEARTBEAT] events=5975 decisions=6 live_orders=0 tested_orders=0
[HEARTBEAT] events=6000 decisions=6 live_orders=0 tested_orders=0
[HEARTBEAT] events=6025 decisions=6 live_orders=0 tested_orders=0
[HEARTBEAT] events=6050 decisions=6 live_orders=0 tested_orders=0
[HEARTBEAT] events=6075 decisions=6 live_orders=0 tested_orders=0
[HEARTBEAT] events=6100 decisions=6 live_orders=0 tested_orders=0
[HEARTBEAT] events=6125 decisions=6 live_orders=0 tested_orders=0
[HEARTBEAT] events=6150 decisions=6 live_orders=0 tested_orders=0
[HEARTBEAT] events=6175 decisions=6 live_orders=0 tested_orders=0
[HEARTBEAT] events=6200 decisions=6 live_orders=0 tested_orders=0
[HEARTBEAT] events=6225 decisions=6 live_orders=0 tested_orders=0
[HEARTBEAT] events=6250 decisions=6 live_orders=0 tested_orders=0
[HEARTBEAT] events=6275 decisions=6 live_orders=0 tested_orders=0
[HEARTBEAT] events=6300 decisions=6 live_orders=0 tested_orders=0
[HEARTBEAT] events=6325 decisions=6 live_orders=0 tested_orders=0
[HEARTBEAT] events=6350 decisions=6 live_orders=0 tested_orders=0
[HEARTBEAT] events=6375 decisions=6 live_orders=0 tested_orders=0
[HEARTBEAT] events=6400 decisions=6 live_orders=0 tested_orders=0
[HEARTBEAT] events=6425 decisions=6 live_orders=0 tested_orders=0
[HEARTBEAT] events=6450 decisions=6 live_orders=0 tested_orders=0
[HEARTBEAT] events=6475 decisions=6 live_orders=0 tested_orders=0
[HEARTBEAT] events=6500 decisions=6 live_orders=0 tested_orders=0
[HEARTBEAT] events=6525 decisions=6 live_orders=0 tested_orders=0
[HEARTBEAT] events=6550 decisions=6 live_orders=0 tested_orders=0
[HEARTBEAT] events=6575 decisions=6 live_orders=0 tested_orders=0
[HEARTBEAT] events=6600 decisions=6 live_orders=0 tested_orders=0
[HEARTBEAT] events=6625 decisions=6 live_orders=0 tested_orders=0
[HEARTBEAT] events=6650 decisions=6 live_orders=0 tested_orders=0
[HEARTBEAT] events=6675 decisions=6 live_orders=0 tested_orders=0
[HEARTBEAT] events=6700 decisions=6 live_orders=0 tested_orders=0
[HEARTBEAT] events=6725 decisions=6 live_orders=0 tested_orders=0
[DECISION] 2026-04-20T06:53:00+00:00 SOLUSDT mode=cash side=flat score=49.33
[SUBMISSION_GATE] SOLUSDT allow=False can_open=True existing=no pending_external=False order_cooldown=False manual_cooldown=False live_allowed=True
[EXEC_PREFLIGHT] SOLUSDT allow=False live_allowed=True managed=cash:0.00 prepared=cash:0.00 reasons=DIRECTION_CONFLICT,EDGE_BELOW_COST,LIQUIDITY_TOO_WEAK,SCORE_TOO_LOW,SUPPORT_NOT_CONFIRMED
[DECISION] 2026-04-20T06:54:00+00:00 SOLUSDT mode=cash side=flat score=49.33
[SUBMISSION_GATE] SOLUSDT allow=False can_open=True existing=no pending_external=False order_cooldown=False manual_cooldown=False live_allowed=True
[EXEC_PREFLIGHT] SOLUSDT allow=False live_allowed=True managed=cash:0.00 prepared=cash:0.00 reasons=DIRECTION_CONFLICT,EDGE_BELOW_COST,LIQUIDITY_TOO_WEAK,SCORE_TOO_LOW,SUPPORT_NOT_CONFIRMED
[DECISION] 2026-04-20T06:55:00+00:00 SOLUSDT mode=cash side=flat score=49.33
[SUBMISSION_GATE] SOLUSDT allow=False can_open=True existing=no pending_external=False order_cooldown=False manual_cooldown=False live_allowed=True
[EXEC_PREFLIGHT] SOLUSDT allow=False live_allowed=True managed=cash:0.00 prepared=cash:0.00 reasons=DIRECTION_CONFLICT,EDGE_BELOW_COST,LIQUIDITY_TOO_WEAK,SCORE_TOO_LOW,SUPPORT_NOT_CONFIRMED
[HEARTBEAT] events=6750 decisions=9 live_orders=0 tested_orders=0
[HEARTBEAT] events=6775 decisions=9 live_orders=0 tested_orders=0
[HEARTBEAT] events=6800 decisions=9 live_orders=0 tested_orders=0
[HEARTBEAT] events=6825 decisions=9 live_orders=0 tested_orders=0
[HEARTBEAT] events=6850 decisions=9 live_orders=0 tested_orders=0
[HEARTBEAT] events=6875 decisions=9 live_orders=0 tested_orders=0
[HEARTBEAT] events=6900 decisions=9 live_orders=0 tested_orders=0
[HEARTBEAT] events=6925 decisions=9 live_orders=0 tested_orders=0
[HEARTBEAT] events=6950 decisions=9 live_orders=0 tested_orders=0
[HEARTBEAT] events=6975 decisions=9 live_orders=0 tested_orders=0
[HEARTBEAT] events=7000 decisions=9 live_orders=0 tested_orders=0
[HEARTBEAT] events=7025 decisions=9 live_orders=0 tested_orders=0
[HEARTBEAT] events=7050 decisions=9 live_orders=0 tested_orders=0
[HEARTBEAT] events=7075 decisions=9 live_orders=0 tested_orders=0
[HEARTBEAT] events=7100 decisions=9 live_orders=0 tested_orders=0
[HEARTBEAT] events=7125 decisions=9 live_orders=0 tested_orders=0
[HEARTBEAT] events=7150 decisions=9 live_orders=0 tested_orders=0
[HEARTBEAT] events=7175 decisions=9 live_orders=0 tested_orders=0
[HEARTBEAT] events=7200 decisions=9 live_orders=0 tested_orders=0
[HEARTBEAT] events=7225 decisions=9 live_orders=0 tested_orders=0
[HEARTBEAT] events=7250 decisions=9 live_orders=0 tested_orders=0
[HEARTBEAT] events=7275 decisions=9 live_orders=0 tested_orders=0
[HEARTBEAT] events=7300 decisions=9 live_orders=0 tested_orders=0
[HEARTBEAT] events=7325 decisions=9 live_orders=0 tested_orders=0
[HEARTBEAT] events=7350 decisions=9 live_orders=0 tested_orders=0
[HEARTBEAT] events=7375 decisions=9 live_orders=0 tested_orders=0
[HEARTBEAT] events=7400 decisions=9 live_orders=0 tested_orders=0
[HEARTBEAT] events=7425 decisions=9 live_orders=0 tested_orders=0
[HEARTBEAT] events=7450 decisions=9 live_orders=0 tested_orders=0
[HEARTBEAT] events=7475 decisions=9 live_orders=0 tested_orders=0
[HEARTBEAT] events=7500 decisions=9 live_orders=0 tested_orders=0
[HEARTBEAT] events=7525 decisions=9 live_orders=0 tested_orders=0
[HEARTBEAT] events=7550 decisions=9 live_orders=0 tested_orders=0
[HEARTBEAT] events=7575 decisions=9 live_orders=0 tested_orders=0
[HEARTBEAT] events=7600 decisions=9 live_orders=0 tested_orders=0
[HEARTBEAT] events=7625 decisions=9 live_orders=0 tested_orders=0
[HEARTBEAT] events=7650 decisions=9 live_orders=0 tested_orders=0
[HEARTBEAT] events=7675 decisions=9 live_orders=0 tested_orders=0
[HEARTBEAT] events=7700 decisions=9 live_orders=0 tested_orders=0
[HEARTBEAT] events=7725 decisions=9 live_orders=0 tested_orders=0
[HEARTBEAT] events=7750 decisions=9 live_orders=0 tested_orders=0
[HEARTBEAT] events=7775 decisions=9 live_orders=0 tested_orders=0
[HEARTBEAT] events=7800 decisions=9 live_orders=0 tested_orders=0
[HEARTBEAT] events=7825 decisions=9 live_orders=0 tested_orders=0
[HEARTBEAT] events=7850 decisions=9 live_orders=0 tested_orders=0
[HEARTBEAT] events=7875 decisions=9 live_orders=0 tested_orders=0
[HEARTBEAT] events=7900 decisions=9 live_orders=0 tested_orders=0
[HEARTBEAT] events=7925 decisions=9 live_orders=0 tested_orders=0
[HEARTBEAT] events=7950 decisions=9 live_orders=0 tested_orders=0
[HEARTBEAT] events=7975 decisions=9 live_orders=0 tested_orders=0
[HEARTBEAT] events=8000 decisions=9 live_orders=0 tested_orders=0
[HEARTBEAT] events=8025 decisions=9 live_orders=0 tested_orders=0
[HEARTBEAT] events=8050 decisions=9 live_orders=0 tested_orders=0
[HEARTBEAT] events=8075 decisions=9 live_orders=0 tested_orders=0
[HEARTBEAT] events=8100 decisions=9 live_orders=0 tested_orders=0
[HEARTBEAT] events=8125 decisions=9 live_orders=0 tested_orders=0
[HEARTBEAT] events=8150 decisions=9 live_orders=0 tested_orders=0
[HEARTBEAT] events=8175 decisions=9 live_orders=0 tested_orders=0
[HEARTBEAT] events=8200 decisions=9 live_orders=0 tested_orders=0
[HEARTBEAT] events=8225 decisions=9 live_orders=0 tested_orders=0
[HEARTBEAT] events=8250 decisions=9 live_orders=0 tested_orders=0
[HEARTBEAT] events=8275 decisions=9 live_orders=0 tested_orders=0
[HEARTBEAT] events=8300 decisions=9 live_orders=0 tested_orders=0
[HEARTBEAT] events=8325 decisions=9 live_orders=0 tested_orders=0
[HEARTBEAT] events=8350 decisions=9 live_orders=0 tested_orders=0
[HEARTBEAT] events=8375 decisions=9 live_orders=0 tested_orders=0
[HEARTBEAT] events=8400 decisions=9 live_orders=0 tested_orders=0
[HEARTBEAT] events=8425 decisions=9 live_orders=0 tested_orders=0
[HEARTBEAT] events=8450 decisions=9 live_orders=0 tested_orders=0
[HEARTBEAT] events=8475 decisions=9 live_orders=0 tested_orders=0
[HEARTBEAT] events=8500 decisions=9 live_orders=0 tested_orders=0
[HEARTBEAT] events=8525 decisions=9 live_orders=0 tested_orders=0
[HEARTBEAT] events=8550 decisions=9 live_orders=0 tested_orders=0
[HEARTBEAT] events=8575 decisions=9 live_orders=0 tested_orders=0
[HEARTBEAT] events=8600 decisions=9 live_orders=0 tested_orders=0
[HEARTBEAT] events=8625 decisions=9 live_orders=0 tested_orders=0
[HEARTBEAT] events=8650 decisions=9 live_orders=0 tested_orders=0
[HEARTBEAT] events=8675 decisions=9 live_orders=0 tested_orders=0
[HEARTBEAT] events=8700 decisions=9 live_orders=0 tested_orders=0
[HEARTBEAT] events=8725 decisions=9 live_orders=0 tested_orders=0
[HEARTBEAT] events=8750 decisions=9 live_orders=0 tested_orders=0
[DECISION] 2026-04-20T06:56:00+00:00 SOLUSDT mode=cash side=flat score=49.70
[SUBMISSION_GATE] SOLUSDT allow=False can_open=True existing=no pending_external=False order_cooldown=False manual_cooldown=False live_allowed=True
[EXEC_PREFLIGHT] SOLUSDT allow=False live_allowed=True managed=cash:0.00 prepared=cash:0.00 reasons=DIRECTION_CONFLICT,EDGE_BELOW_COST,EDGE_TOO_THIN,LIQUIDITY_TOO_WEAK,SCORE_TOO_LOW,SENTIMENT_CAUTION,SUPPORT_NOT_CONFIRMED
[HEARTBEAT] events=8775 decisions=10 live_orders=0 tested_orders=0
[HEARTBEAT] events=8800 decisions=10 live_orders=0 tested_orders=0
[HEARTBEAT] events=8825 decisions=10 live_orders=0 tested_orders=0
[HEARTBEAT] events=8850 decisions=10 live_orders=0 tested_orders=0
[HEARTBEAT] events=8875 decisions=10 live_orders=0 tested_orders=0
[HEARTBEAT] events=8900 decisions=10 live_orders=0 tested_orders=0
[HEARTBEAT] events=8925 decisions=10 live_orders=0 tested_orders=0
[HEARTBEAT] events=8950 decisions=10 live_orders=0 tested_orders=0
[HEARTBEAT] events=8975 decisions=10 live_orders=0 tested_orders=0
[HEARTBEAT] events=9000 decisions=10 live_orders=0 tested_orders=0
[HEARTBEAT] events=9025 decisions=10 live_orders=0 tested_orders=0
[HEARTBEAT] events=9050 decisions=10 live_orders=0 tested_orders=0
[HEARTBEAT] events=9075 decisions=10 live_orders=0 tested_orders=0
[HEARTBEAT] events=9100 decisions=10 live_orders=0 tested_orders=0
[HEARTBEAT] events=9125 decisions=10 live_orders=0 tested_orders=0
[HEARTBEAT] events=9150 decisions=10 live_orders=0 tested_orders=0
[HEARTBEAT] events=9175 decisions=10 live_orders=0 tested_orders=0
[HEARTBEAT] events=9200 decisions=10 live_orders=0 tested_orders=0
[HEARTBEAT] events=9225 decisions=10 live_orders=0 tested_orders=0
[HEARTBEAT] events=9250 decisions=10 live_orders=0 tested_orders=0
[HEARTBEAT] events=9275 decisions=10 live_orders=0 tested_orders=0
[HEARTBEAT] events=9300 decisions=10 live_orders=0 tested_orders=0
[HEARTBEAT] events=9325 decisions=10 live_orders=0 tested_orders=0
[HEARTBEAT] events=9350 decisions=10 live_orders=0 tested_orders=0
[HEARTBEAT] events=9375 decisions=10 live_orders=0 tested_orders=0
[SYNC] 2026-04-20T06:56:24.230181+00:00 account/open-order snapshot refreshed
[HEARTBEAT] events=9400 decisions=10 live_orders=0 tested_orders=0
[HEARTBEAT] events=9425 decisions=10 live_orders=0 tested_orders=0
[HEARTBEAT] events=9450 decisions=10 live_orders=0 tested_orders=0
[HEARTBEAT] events=9475 decisions=10 live_orders=0 tested_orders=0
[HEARTBEAT] events=9500 decisions=10 live_orders=0 tested_orders=0
[HEARTBEAT] events=9525 decisions=10 live_orders=0 tested_orders=0
[HEARTBEAT] events=9550 decisions=10 live_orders=0 tested_orders=0
[HEARTBEAT] events=9575 decisions=10 live_orders=0 tested_orders=0
[HEARTBEAT] events=9600 decisions=10 live_orders=0 tested_orders=0
[HEARTBEAT] events=9625 decisions=10 live_orders=0 tested_orders=0
[HEARTBEAT] events=9650 decisions=10 live_orders=0 tested_orders=0
[HEARTBEAT] events=9675 decisions=10 live_orders=0 tested_orders=0
[HEARTBEAT] events=9700 decisions=10 live_orders=0 tested_orders=0
[HEARTBEAT] events=9725 decisions=10 live_orders=0 tested_orders=0
[HEARTBEAT] events=9750 decisions=10 live_orders=0 tested_orders=0
[HEARTBEAT] events=9775 decisions=10 live_orders=0 tested_orders=0
[HEARTBEAT] events=9800 decisions=10 live_orders=0 tested_orders=0
[HEARTBEAT] events=9825 decisions=10 live_orders=0 tested_orders=0
[HEARTBEAT] events=9850 decisions=10 live_orders=0 tested_orders=0
[HEARTBEAT] events=9875 decisions=10 live_orders=0 tested_orders=0
[HEARTBEAT] events=9900 decisions=10 live_orders=0 tested_orders=0
[HEARTBEAT] events=9925 decisions=10 live_orders=0 tested_orders=0
[HEARTBEAT] events=9950 decisions=10 live_orders=0 tested_orders=0
[HEARTBEAT] events=9975 decisions=10 live_orders=0 tested_orders=0
[HEARTBEAT] events=10000 decisions=10 live_orders=0 tested_orders=0
[HEARTBEAT] events=10025 decisions=10 live_orders=0 tested_orders=0
[HEARTBEAT] events=10050 decisions=10 live_orders=0 tested_orders=0
[HEARTBEAT] events=10075 decisions=10 live_orders=0 tested_orders=0
[HEARTBEAT] events=10100 decisions=10 live_orders=0 tested_orders=0
[HEARTBEAT] events=10125 decisions=10 live_orders=0 tested_orders=0
[HEARTBEAT] events=10150 decisions=10 live_orders=0 tested_orders=0
[HEARTBEAT] events=10175 decisions=10 live_orders=0 tested_orders=0
[HEARTBEAT] events=10200 decisions=10 live_orders=0 tested_orders=0
[HEARTBEAT] events=10225 decisions=10 live_orders=0 tested_orders=0
[HEARTBEAT] events=10250 decisions=10 live_orders=0 tested_orders=0
[HEARTBEAT] events=10275 decisions=10 live_orders=0 tested_orders=0
[HEARTBEAT] events=10300 decisions=10 live_orders=0 tested_orders=0
[HEARTBEAT] events=10325 decisions=10 live_orders=0 tested_orders=0
[HEARTBEAT] events=10350 decisions=10 live_orders=0 tested_orders=0
[HEARTBEAT] events=10375 decisions=10 live_orders=0 tested_orders=0
[HEARTBEAT] events=10400 decisions=10 live_orders=0 tested_orders=0
[HEARTBEAT] events=10425 decisions=10 live_orders=0 tested_orders=0
[HEARTBEAT] events=10450 decisions=10 live_orders=0 tested_orders=0
[HEARTBEAT] events=10475 decisions=10 live_orders=0 tested_orders=0
[HEARTBEAT] events=10500 decisions=10 live_orders=0 tested_orders=0
[HEARTBEAT] events=10525 decisions=10 live_orders=0 tested_orders=0
[HEARTBEAT] events=10550 decisions=10 live_orders=0 tested_orders=0
[HEARTBEAT] events=10575 decisions=10 live_orders=0 tested_orders=0
[HEARTBEAT] events=10600 decisions=10 live_orders=0 tested_orders=0
[HEARTBEAT] events=10625 decisions=10 live_orders=0 tested_orders=0
[HEARTBEAT] events=10650 decisions=10 live_orders=0 tested_orders=0
[DECISION] 2026-04-20T06:57:00+00:00 SOLUSDT mode=cash side=flat score=48.56
[SUBMISSION_GATE] SOLUSDT allow=False can_open=True existing=no pending_external=False order_cooldown=False manual_cooldown=False live_allowed=True
[EXEC_PREFLIGHT] SOLUSDT allow=False live_allowed=True managed=cash:0.00 prepared=cash:0.00 reasons=DIRECTION_CONFLICT,EDGE_BELOW_COST,EDGE_TOO_THIN,LIQUIDITY_TOO_WEAK,SCORE_TOO_LOW,SENTIMENT_CAUTION,SENTIMENT_TOO_WEAK,SUPPORT_NOT_CONFIRMED
[HEARTBEAT] events=10675 decisions=11 live_orders=0 tested_orders=0
[HEARTBEAT] events=10700 decisions=11 live_orders=0 tested_orders=0
[HEARTBEAT] events=10725 decisions=11 live_orders=0 tested_orders=0
[HEARTBEAT] events=10750 decisions=11 live_orders=0 tested_orders=0
[HEARTBEAT] events=10775 decisions=11 live_orders=0 tested_orders=0
[HEARTBEAT] events=10800 decisions=11 live_orders=0 tested_orders=0
[HEARTBEAT] events=10825 decisions=11 live_orders=0 tested_orders=0
[HEARTBEAT] events=10850 decisions=11 live_orders=0 tested_orders=0
[HEARTBEAT] events=10875 decisions=11 live_orders=0 tested_orders=0
[HEARTBEAT] events=10900 decisions=11 live_orders=0 tested_orders=0
[HEARTBEAT] events=10925 decisions=11 live_orders=0 tested_orders=0
[HEARTBEAT] events=10950 decisions=11 live_orders=0 tested_orders=0
[HEARTBEAT] events=10975 decisions=11 live_orders=0 tested_orders=0
[HEARTBEAT] events=11000 decisions=11 live_orders=0 tested_orders=0
[HEARTBEAT] events=11025 decisions=11 live_orders=0 tested_orders=0
[HEARTBEAT] events=11050 decisions=11 live_orders=0 tested_orders=0
[HEARTBEAT] events=11075 decisions=11 live_orders=0 tested_orders=0
[HEARTBEAT] events=11100 decisions=11 live_orders=0 tested_orders=0
[HEARTBEAT] events=11125 decisions=11 live_orders=0 tested_orders=0
[HEARTBEAT] events=11150 decisions=11 live_orders=0 tested_orders=0
[HEARTBEAT] events=11175 decisions=11 live_orders=0 tested_orders=0
[HEARTBEAT] events=11200 decisions=11 live_orders=0 tested_orders=0
[HEARTBEAT] events=11225 decisions=11 live_orders=0 tested_orders=0
[SYNC] 2026-04-20T06:57:24.367383+00:00 account/open-order snapshot refreshed
[HEARTBEAT] events=11250 decisions=11 live_orders=0 tested_orders=0
[HEARTBEAT] events=11275 decisions=11 live_orders=0 tested_orders=0
[HEARTBEAT] events=11300 decisions=11 live_orders=0 tested_orders=0
[HEARTBEAT] events=11325 decisions=11 live_orders=0 tested_orders=0
[HEARTBEAT] events=11350 decisions=11 live_orders=0 tested_orders=0
[HEARTBEAT] events=11375 decisions=11 live_orders=0 tested_orders=0
[HEARTBEAT] events=11400 decisions=11 live_orders=0 tested_orders=0
[HEARTBEAT] events=11425 decisions=11 live_orders=0 tested_orders=0
[HEARTBEAT] events=11450 decisions=11 live_orders=0 tested_orders=0
[HEARTBEAT] events=11475 decisions=11 live_orders=0 tested_orders=0
[HEARTBEAT] events=11500 decisions=11 live_orders=0 tested_orders=0
[HEARTBEAT] events=11525 decisions=11 live_orders=0 tested_orders=0
[HEARTBEAT] events=11550 decisions=11 live_orders=0 tested_orders=0
[HEARTBEAT] events=11575 decisions=11 live_orders=0 tested_orders=0
[ERROR] websocket attempt=2 error=no close frame received or sent
[RETRY] attempt=3 sleeping=2.00s
[HEARTBEAT] events=11600 decisions=11 live_orders=0 tested_orders=0
[HEARTBEAT] events=11625 decisions=11 live_orders=0 tested_orders=0
[CONNECT] websocket attempt=3
[HEARTBEAT] events=11650 decisions=11 live_orders=0 tested_orders=0
[HEARTBEAT] events=11675 decisions=11 live_orders=0 tested_orders=0
[HEARTBEAT] events=11700 decisions=11 live_orders=0 tested_orders=0
[HEARTBEAT] events=11725 decisions=11 live_orders=0 tested_orders=0
[HEARTBEAT] events=11750 decisions=11 live_orders=0 tested_orders=0
[HEARTBEAT] events=11775 decisions=11 live_orders=0 tested_orders=0
[HEARTBEAT] events=11800 decisions=11 live_orders=0 tested_orders=0
[HEARTBEAT] events=11825 decisions=11 live_orders=0 tested_orders=0
[HEARTBEAT] events=11850 decisions=11 live_orders=0 tested_orders=0
[HEARTBEAT] events=11875 decisions=11 live_orders=0 tested_orders=0
[HEARTBEAT] events=11900 decisions=11 live_orders=0 tested_orders=0
[HEARTBEAT] events=11925 decisions=11 live_orders=0 tested_orders=0
[HEARTBEAT] events=11950 decisions=11 live_orders=0 tested_orders=0
[HEARTBEAT] events=11975 decisions=11 live_orders=0 tested_orders=0
[HEARTBEAT] events=12000 decisions=11 live_orders=0 tested_orders=0
[HEARTBEAT] events=12025 decisions=11 live_orders=0 tested_orders=0
[HEARTBEAT] events=12050 decisions=11 live_orders=0 tested_orders=0
[HEARTBEAT] events=12075 decisions=11 live_orders=0 tested_orders=0
[HEARTBEAT] events=12100 decisions=11 live_orders=0 tested_orders=0
[HEARTBEAT] events=12125 decisions=11 live_orders=0 tested_orders=0
[HEARTBEAT] events=12150 decisions=11 live_orders=0 tested_orders=0
[HEARTBEAT] events=12175 decisions=11 live_orders=0 tested_orders=0
[HEARTBEAT] events=12200 decisions=11 live_orders=0 tested_orders=0
[HEARTBEAT] events=12225 decisions=11 live_orders=0 tested_orders=0
[DECISION] 2026-04-20T06:53:00+00:00 SOLUSDT mode=cash side=flat score=53.52
[SUBMISSION_GATE] SOLUSDT allow=False can_open=True existing=no pending_external=False order_cooldown=False manual_cooldown=False live_allowed=True
[EXEC_PREFLIGHT] SOLUSDT allow=False live_allowed=True managed=cash:0.00 prepared=cash:0.00 reasons=DIRECTION_CONFLICT,EDGE_BELOW_COST,LIQUIDITY_TOO_WEAK,SCORE_TOO_LOW,SUPPORT_NOT_CONFIRMED
[DECISION] 2026-04-20T06:54:00+00:00 SOLUSDT mode=cash side=flat score=53.52
[SUBMISSION_GATE] SOLUSDT allow=False can_open=True existing=no pending_external=False order_cooldown=False manual_cooldown=False live_allowed=True
[EXEC_PREFLIGHT] SOLUSDT allow=False live_allowed=True managed=cash:0.00 prepared=cash:0.00 reasons=DIRECTION_CONFLICT,EDGE_BELOW_COST,LIQUIDITY_TOO_WEAK,SCORE_TOO_LOW,SUPPORT_NOT_CONFIRMED
[DECISION] 2026-04-20T06:55:00+00:00 SOLUSDT mode=cash side=flat score=53.52
[SUBMISSION_GATE] SOLUSDT allow=False can_open=True existing=no pending_external=False order_cooldown=False manual_cooldown=False live_allowed=True
[EXEC_PREFLIGHT] SOLUSDT allow=False live_allowed=True managed=cash:0.00 prepared=cash:0.00 reasons=DIRECTION_CONFLICT,EDGE_BELOW_COST,LIQUIDITY_TOO_WEAK,SCORE_TOO_LOW,SUPPORT_NOT_CONFIRMED
[DECISION] 2026-04-20T06:56:00+00:00 SOLUSDT mode=cash side=flat score=53.52
[SUBMISSION_GATE] SOLUSDT allow=False can_open=True existing=no pending_external=False order_cooldown=False manual_cooldown=False live_allowed=True
[EXEC_PREFLIGHT] SOLUSDT allow=False live_allowed=True managed=cash:0.00 prepared=cash:0.00 reasons=DIRECTION_CONFLICT,EDGE_BELOW_COST,LIQUIDITY_TOO_WEAK,SCORE_TOO_LOW,SUPPORT_NOT_CONFIRMED
[DECISION] 2026-04-20T06:57:00+00:00 SOLUSDT mode=futures side=long score=66.47
[SUBMISSION_GATE] SOLUSDT allow=True can_open=True existing=no pending_external=False order_cooldown=False manual_cooldown=False live_allowed=True
[EXEC_PREFLIGHT] SOLUSDT allow=True live_allowed=True managed=futures:1500.00 prepared=cash:0.00 reasons=HIGH_CONVICTION_RECENT_LONG_CONFIRMATION_REQUIRED
[HEARTBEAT] events=12250 decisions=16 live_orders=0 tested_orders=0
[HEARTBEAT] events=12275 decisions=16 live_orders=0 tested_orders=0
[HEARTBEAT] events=12300 decisions=16 live_orders=0 tested_orders=0
[HEARTBEAT] events=12325 decisions=16 live_orders=0 tested_orders=0
[HEARTBEAT] events=12350 decisions=16 live_orders=0 tested_orders=0
[HEARTBEAT] events=12375 decisions=16 live_orders=0 tested_orders=0
[HEARTBEAT] events=12400 decisions=16 live_orders=0 tested_orders=0
[HEARTBEAT] events=12425 decisions=16 live_orders=0 tested_orders=0
[HEARTBEAT] events=12450 decisions=16 live_orders=0 tested_orders=0
[HEARTBEAT] events=12475 decisions=16 live_orders=0 tested_orders=0
[HEARTBEAT] events=12500 decisions=16 live_orders=0 tested_orders=0
[HEARTBEAT] events=12525 decisions=16 live_orders=0 tested_orders=0
[HEARTBEAT] events=12550 decisions=16 live_orders=0 tested_orders=0
[HEARTBEAT] events=12575 decisions=16 live_orders=0 tested_orders=0
[HEARTBEAT] events=12600 decisions=16 live_orders=0 tested_orders=0
[HEARTBEAT] events=12625 decisions=16 live_orders=0 tested_orders=0
[HEARTBEAT] events=12650 decisions=16 live_orders=0 tested_orders=0
[HEARTBEAT] events=12675 decisions=16 live_orders=0 tested_orders=0
[HEARTBEAT] events=12700 decisions=16 live_orders=0 tested_orders=0
[HEARTBEAT] events=12725 decisions=16 live_orders=0 tested_orders=0
[HEARTBEAT] events=12750 decisions=16 live_orders=0 tested_orders=0
[HEARTBEAT] events=12775 decisions=16 live_orders=0 tested_orders=0
[HEARTBEAT] events=12800 decisions=16 live_orders=0 tested_orders=0
[HEARTBEAT] events=12825 decisions=16 live_orders=0 tested_orders=0
[HEARTBEAT] events=12850 decisions=16 live_orders=0 tested_orders=0
[HEARTBEAT] events=12875 decisions=16 live_orders=0 tested_orders=0
[HEARTBEAT] events=12900 decisions=16 live_orders=0 tested_orders=0
[HEARTBEAT] events=12925 decisions=16 live_orders=0 tested_orders=0
[HEARTBEAT] events=12950 decisions=16 live_orders=0 tested_orders=0
[HEARTBEAT] events=12975 decisions=16 live_orders=0 tested_orders=0
[HEARTBEAT] events=13000 decisions=16 live_orders=0 tested_orders=0
[HEARTBEAT] events=13025 decisions=16 live_orders=0 tested_orders=0
[HEARTBEAT] events=13050 decisions=16 live_orders=0 tested_orders=0
[HEARTBEAT] events=13075 decisions=16 live_orders=0 tested_orders=0
[HEARTBEAT] events=13100 decisions=16 live_orders=0 tested_orders=0
[HEARTBEAT] events=13125 decisions=16 live_orders=0 tested_orders=0
[HEARTBEAT] events=13150 decisions=16 live_orders=0 tested_orders=0
[HEARTBEAT] events=13175 decisions=16 live_orders=0 tested_orders=0
[HEARTBEAT] events=13200 decisions=16 live_orders=0 tested_orders=0
[HEARTBEAT] events=13225 decisions=16 live_orders=0 tested_orders=0
[DECISION] 2026-04-20T06:53:00+00:00 SOLUSDT mode=cash side=flat score=53.52
[SUBMISSION_GATE] SOLUSDT allow=False can_open=True existing=no pending_external=False order_cooldown=False manual_cooldown=False live_allowed=True
[EXEC_PREFLIGHT] SOLUSDT allow=False live_allowed=True managed=cash:0.00 prepared=cash:0.00 reasons=DIRECTION_CONFLICT,EDGE_BELOW_COST,LIQUIDITY_TOO_WEAK,SCORE_TOO_LOW,SUPPORT_NOT_CONFIRMED
[DECISION] 2026-04-20T06:54:00+00:00 SOLUSDT mode=cash side=flat score=53.52
[SUBMISSION_GATE] SOLUSDT allow=False can_open=True existing=no pending_external=False order_cooldown=False manual_cooldown=False live_allowed=True
[EXEC_PREFLIGHT] SOLUSDT allow=False live_allowed=True managed=cash:0.00 prepared=cash:0.00 reasons=DIRECTION_CONFLICT,EDGE_BELOW_COST,LIQUIDITY_TOO_WEAK,SCORE_TOO_LOW,SUPPORT_NOT_CONFIRMED
[DECISION] 2026-04-20T06:55:00+00:00 SOLUSDT mode=cash side=flat score=53.52
[SUBMISSION_GATE] SOLUSDT allow=False can_open=True existing=no pending_external=False order_cooldown=False manual_cooldown=False live_allowed=True
[EXEC_PREFLIGHT] SOLUSDT allow=False live_allowed=True managed=cash:0.00 prepared=cash:0.00 reasons=DIRECTION_CONFLICT,EDGE_BELOW_COST,LIQUIDITY_TOO_WEAK,SCORE_TOO_LOW,SUPPORT_NOT_CONFIRMED
[DECISION] 2026-04-20T06:56:00+00:00 SOLUSDT mode=cash side=flat score=53.52
[SUBMISSION_GATE] SOLUSDT allow=False can_open=True existing=no pending_external=False order_cooldown=False manual_cooldown=False live_allowed=True
[EXEC_PREFLIGHT] SOLUSDT allow=False live_allowed=True managed=cash:0.00 prepared=cash:0.00 reasons=DIRECTION_CONFLICT,EDGE_BELOW_COST,LIQUIDITY_TOO_WEAK,SCORE_TOO_LOW,SUPPORT_NOT_CONFIRMED
[DECISION] 2026-04-20T06:57:00+00:00 SOLUSDT mode=futures side=long score=66.47
[SUBMISSION_GATE] SOLUSDT allow=True can_open=True existing=no pending_external=False order_cooldown=False manual_cooldown=False live_allowed=True
[EXEC_PREFLIGHT] SOLUSDT allow=True live_allowed=True managed=futures:1500.00 prepared=cash:0.00 reasons=HIGH_CONVICTION_RECENT_LONG_CONFIRMATION_REQUIRED
[HEARTBEAT] events=13250 decisions=21 live_orders=0 tested_orders=0
[DECISION] 2026-04-20T06:58:00+00:00 SOLUSDT mode=futures side=long score=66.82
[SUBMISSION_GATE] SOLUSDT allow=True can_open=True existing=no pending_external=False order_cooldown=False manual_cooldown=False live_allowed=True
[EXEC_PREFLIGHT] SOLUSDT allow=True live_allowed=True managed=futures:1500.00 prepared=futures:900.00 reasons=none
[TEST_ORDER] SOLUSDT market=futures side=buy qty=10.65403966 accepted=True
[HEARTBEAT] events=13275 decisions=22 live_orders=0 tested_orders=1
[HEARTBEAT] events=13300 decisions=22 live_orders=0 tested_orders=1
[HEARTBEAT] events=13325 decisions=22 live_orders=0 tested_orders=1
[HEARTBEAT] events=13350 decisions=22 live_orders=0 tested_orders=1
[HEARTBEAT] events=13375 decisions=22 live_orders=0 tested_orders=1
[HEARTBEAT] events=13400 decisions=22 live_orders=0 tested_orders=1
[HEARTBEAT] events=13425 decisions=22 live_orders=0 tested_orders=1
[HEARTBEAT] events=13450 decisions=22 live_orders=0 tested_orders=1
[HEARTBEAT] events=13475 decisions=22 live_orders=0 tested_orders=1
[HEARTBEAT] events=13500 decisions=22 live_orders=0 tested_orders=1
[HEARTBEAT] events=13525 decisions=22 live_orders=0 tested_orders=1
[HEARTBEAT] events=13550 decisions=22 live_orders=0 tested_orders=1
[HEARTBEAT] events=13575 decisions=22 live_orders=0 tested_orders=1
[HEARTBEAT] events=13600 decisions=22 live_orders=0 tested_orders=1
[HEARTBEAT] events=13625 decisions=22 live_orders=0 tested_orders=1
[HEARTBEAT] events=13650 decisions=22 live_orders=0 tested_orders=1
[HEARTBEAT] events=13675 decisions=22 live_orders=0 tested_orders=1
[HEARTBEAT] events=13700 decisions=22 live_orders=0 tested_orders=1
[HEARTBEAT] events=13725 decisions=22 live_orders=0 tested_orders=1
[HEARTBEAT] events=13750 decisions=22 live_orders=0 tested_orders=1
[HEARTBEAT] events=13775 decisions=22 live_orders=0 tested_orders=1
[HEARTBEAT] events=13800 decisions=22 live_orders=0 tested_orders=1
[HEARTBEAT] events=13825 decisions=22 live_orders=0 tested_orders=1
[HEARTBEAT] events=13850 decisions=22 live_orders=0 tested_orders=1
[HEARTBEAT] events=13875 decisions=22 live_orders=0 tested_orders=1
[HEARTBEAT] events=13900 decisions=22 live_orders=0 tested_orders=1
[HEARTBEAT] events=13925 decisions=22 live_orders=0 tested_orders=1
[HEARTBEAT] events=13950 decisions=22 live_orders=0 tested_orders=1
[HEARTBEAT] events=13975 decisions=22 live_orders=0 tested_orders=1
[HEARTBEAT] events=14000 decisions=22 live_orders=0 tested_orders=1
[HEARTBEAT] events=14025 decisions=22 live_orders=0 tested_orders=1
[HEARTBEAT] events=14050 decisions=22 live_orders=0 tested_orders=1
[HEARTBEAT] events=14075 decisions=22 live_orders=0 tested_orders=1
[HEARTBEAT] events=14100 decisions=22 live_orders=0 tested_orders=1
[HEARTBEAT] events=14125 decisions=22 live_orders=0 tested_orders=1
[HEARTBEAT] events=14150 decisions=22 live_orders=0 tested_orders=1
[HEARTBEAT] events=14175 decisions=22 live_orders=0 tested_orders=1
[HEARTBEAT] events=14200 decisions=22 live_orders=0 tested_orders=1
[HEARTBEAT] events=14225 decisions=22 live_orders=0 tested_orders=1
[HEARTBEAT] events=14250 decisions=22 live_orders=0 tested_orders=1
[HEARTBEAT] events=14275 decisions=22 live_orders=0 tested_orders=1
[HEARTBEAT] events=14300 decisions=22 live_orders=0 tested_orders=1
[HEARTBEAT] events=14325 decisions=22 live_orders=0 tested_orders=1
[HEARTBEAT] events=14350 decisions=22 live_orders=0 tested_orders=1
[HEARTBEAT] events=14375 decisions=22 live_orders=0 tested_orders=1
[HEARTBEAT] events=14400 decisions=22 live_orders=0 tested_orders=1
[HEARTBEAT] events=14425 decisions=22 live_orders=0 tested_orders=1
[HEARTBEAT] events=14450 decisions=22 live_orders=0 tested_orders=1
[HEARTBEAT] events=14475 decisions=22 live_orders=0 tested_orders=1
[HEARTBEAT] events=14500 decisions=22 live_orders=0 tested_orders=1
[HEARTBEAT] events=14525 decisions=22 live_orders=0 tested_orders=1
[HEARTBEAT] events=14550 decisions=22 live_orders=0 tested_orders=1
[HEARTBEAT] events=14575 decisions=22 live_orders=0 tested_orders=1
[HEARTBEAT] events=14600 decisions=22 live_orders=0 tested_orders=1
[HEARTBEAT] events=14625 decisions=22 live_orders=0 tested_orders=1
[HEARTBEAT] events=14650 decisions=22 live_orders=0 tested_orders=1
[HEARTBEAT] events=14675 decisions=22 live_orders=0 tested_orders=1
[HEARTBEAT] events=14700 decisions=22 live_orders=0 tested_orders=1
[HEARTBEAT] events=14725 decisions=22 live_orders=0 tested_orders=1
[HEARTBEAT] events=14750 decisions=22 live_orders=0 tested_orders=1
[HEARTBEAT] events=14775 decisions=22 live_orders=0 tested_orders=1
[HEARTBEAT] events=14800 decisions=22 live_orders=0 tested_orders=1
[HEARTBEAT] events=14825 decisions=22 live_orders=0 tested_orders=1
[HEARTBEAT] events=14850 decisions=22 live_orders=0 tested_orders=1
[HEARTBEAT] events=14875 decisions=22 live_orders=0 tested_orders=1
[HEARTBEAT] events=14900 decisions=22 live_orders=0 tested_orders=1
[HEARTBEAT] events=14925 decisions=22 live_orders=0 tested_orders=1
[HEARTBEAT] events=14950 decisions=22 live_orders=0 tested_orders=1
[HEARTBEAT] events=14975 decisions=22 live_orders=0 tested_orders=1
[HEARTBEAT] events=15000 decisions=22 live_orders=0 tested_orders=1
[HEARTBEAT] events=15025 decisions=22 live_orders=0 tested_orders=1
[HEARTBEAT] events=15050 decisions=22 live_orders=0 tested_orders=1
[HEARTBEAT] events=15075 decisions=22 live_orders=0 tested_orders=1
[HEARTBEAT] events=15100 decisions=22 live_orders=0 tested_orders=1
[HEARTBEAT] events=15125 decisions=22 live_orders=0 tested_orders=1
[HEARTBEAT] events=15150 decisions=22 live_orders=0 tested_orders=1
[HEARTBEAT] events=15175 decisions=22 live_orders=0 tested_orders=1
[HEARTBEAT] events=15200 decisions=22 live_orders=0 tested_orders=1
[HEARTBEAT] events=15225 decisions=22 live_orders=0 tested_orders=1
[HEARTBEAT] events=15250 decisions=22 live_orders=0 tested_orders=1
[HEARTBEAT] events=15275 decisions=22 live_orders=0 tested_orders=1
[HEARTBEAT] events=15300 decisions=22 live_orders=0 tested_orders=1
[HEARTBEAT] events=15325 decisions=22 live_orders=0 tested_orders=1
[HEARTBEAT] events=15350 decisions=22 live_orders=0 tested_orders=1
[HEARTBEAT] events=15375 decisions=22 live_orders=0 tested_orders=1
[HEARTBEAT] events=15400 decisions=22 live_orders=0 tested_orders=1
[HEARTBEAT] events=15425 decisions=22 live_orders=0 tested_orders=1
[HEARTBEAT] events=15450 decisions=22 live_orders=0 tested_orders=1
[HEARTBEAT] events=15475 decisions=22 live_orders=0 tested_orders=1
[HEARTBEAT] events=15500 decisions=22 live_orders=0 tested_orders=1
[HEARTBEAT] events=15525 decisions=22 live_orders=0 tested_orders=1
[SYNC] 2026-04-20T06:58:24.371414+00:00 account/open-order snapshot refreshed
[HEARTBEAT] events=15550 decisions=22 live_orders=0 tested_orders=1
[HEARTBEAT] events=15575 decisions=22 live_orders=0 tested_orders=1
[HEARTBEAT] events=15600 decisions=22 live_orders=0 tested_orders=1
[HEARTBEAT] events=15625 decisions=22 live_orders=0 tested_orders=1
[HEARTBEAT] events=15650 decisions=22 live_orders=0 tested_orders=1
[HEARTBEAT] events=15675 decisions=22 live_orders=0 tested_orders=1
[HEARTBEAT] events=15700 decisions=22 live_orders=0 tested_orders=1
[HEARTBEAT] events=15725 decisions=22 live_orders=0 tested_orders=1
[HEARTBEAT] events=15750 decisions=22 live_orders=0 tested_orders=1
[HEARTBEAT] events=15775 decisions=22 live_orders=0 tested_orders=1
[HEARTBEAT] events=15800 decisions=22 live_orders=0 tested_orders=1
[HEARTBEAT] events=15825 decisions=22 live_orders=0 tested_orders=1
[HEARTBEAT] events=15850 decisions=22 live_orders=0 tested_orders=1
[HEARTBEAT] events=15875 decisions=22 live_orders=0 tested_orders=1
[HEARTBEAT] events=15900 decisions=22 live_orders=0 tested_orders=1
[HEARTBEAT] events=15925 decisions=22 live_orders=0 tested_orders=1
[HEARTBEAT] events=15950 decisions=22 live_orders=0 tested_orders=1
[HEARTBEAT] events=15975 decisions=22 live_orders=0 tested_orders=1
[HEARTBEAT] events=16000 decisions=22 live_orders=0 tested_orders=1
[HEARTBEAT] events=16025 decisions=22 live_orders=0 tested_orders=1
[HEARTBEAT] events=16050 decisions=22 live_orders=0 tested_orders=1
[HEARTBEAT] events=16075 decisions=22 live_orders=0 tested_orders=1
[DECISION] 2026-04-20T06:59:00+00:00 SOLUSDT mode=futures side=long score=62.86
[SUBMISSION_GATE] SOLUSDT allow=False can_open=True existing=yes pending_external=False order_cooldown=False manual_cooldown=False live_allowed=True
[EXEC_PREFLIGHT] SOLUSDT allow=False live_allowed=True managed=futures:600.00 prepared=futures:600.00 reasons=none
[HEARTBEAT] events=16100 decisions=23 live_orders=0 tested_orders=1
[HEARTBEAT] events=16125 decisions=23 live_orders=0 tested_orders=1
[HEARTBEAT] events=16150 decisions=23 live_orders=0 tested_orders=1
[HEARTBEAT] events=16175 decisions=23 live_orders=0 tested_orders=1
[HEARTBEAT] events=16200 decisions=23 live_orders=0 tested_orders=1
[HEARTBEAT] events=16225 decisions=23 live_orders=0 tested_orders=1
[HEARTBEAT] events=16250 decisions=23 live_orders=0 tested_orders=1
[HEARTBEAT] events=16275 decisions=23 live_orders=0 tested_orders=1
[HEARTBEAT] events=16300 decisions=23 live_orders=0 tested_orders=1
[HEARTBEAT] events=16325 decisions=23 live_orders=0 tested_orders=1
[HEARTBEAT] events=16350 decisions=23 live_orders=0 tested_orders=1
[HEARTBEAT] events=16375 decisions=23 live_orders=0 tested_orders=1
[HEARTBEAT] events=16400 decisions=23 live_orders=0 tested_orders=1
[SYNC] 2026-04-20T06:59:24.398162+00:00 account/open-order snapshot refreshed
[HEARTBEAT] events=16425 decisions=23 live_orders=0 tested_orders=1
[HEARTBEAT] events=16450 decisions=23 live_orders=0 tested_orders=1
[HEARTBEAT] events=16475 decisions=23 live_orders=0 tested_orders=1
[HEARTBEAT] events=16500 decisions=23 live_orders=0 tested_orders=1
[HEARTBEAT] events=16525 decisions=23 live_orders=0 tested_orders=1
[HEARTBEAT] events=16550 decisions=23 live_orders=0 tested_orders=1
[HEARTBEAT] events=16575 decisions=23 live_orders=0 tested_orders=1
[HEARTBEAT] events=16600 decisions=23 live_orders=0 tested_orders=1
[HEARTBEAT] events=16625 decisions=23 live_orders=0 tested_orders=1
[HEARTBEAT] events=16650 decisions=23 live_orders=0 tested_orders=1
[HEARTBEAT] events=16675 decisions=23 live_orders=0 tested_orders=1
[HEARTBEAT] events=16700 decisions=23 live_orders=0 tested_orders=1
[HEARTBEAT] events=16725 decisions=23 live_orders=0 tested_orders=1
[HEARTBEAT] events=16750 decisions=23 live_orders=0 tested_orders=1
[HEARTBEAT] events=16775 decisions=23 live_orders=0 tested_orders=1
[HEARTBEAT] events=16800 decisions=23 live_orders=0 tested_orders=1
[HEARTBEAT] events=16825 decisions=23 live_orders=0 tested_orders=1
[HEARTBEAT] events=16850 decisions=23 live_orders=0 tested_orders=1
[ERROR] websocket attempt=3 error=no close frame received or sent
[RETRY] attempt=4 sleeping=4.00s
[HEARTBEAT] events=16875 decisions=23 live_orders=0 tested_orders=1
[HEARTBEAT] events=16900 decisions=23 live_orders=0 tested_orders=1
[CONNECT] websocket attempt=4
[HEARTBEAT] events=16925 decisions=23 live_orders=0 tested_orders=1
[HEARTBEAT] events=16950 decisions=23 live_orders=0 tested_orders=1
[HEARTBEAT] events=16975 decisions=23 live_orders=0 tested_orders=1
[HEARTBEAT] events=17000 decisions=23 live_orders=0 tested_orders=1
[HEARTBEAT] events=17025 decisions=23 live_orders=0 tested_orders=1
[HEARTBEAT] events=17050 decisions=23 live_orders=0 tested_orders=1
[HEARTBEAT] events=17075 decisions=23 live_orders=0 tested_orders=1
[HEARTBEAT] events=17100 decisions=23 live_orders=0 tested_orders=1
[HEARTBEAT] events=17125 decisions=23 live_orders=0 tested_orders=1
[HEARTBEAT] events=17150 decisions=23 live_orders=0 tested_orders=1
[HEARTBEAT] events=17175 decisions=23 live_orders=0 tested_orders=1
[HEARTBEAT] events=17200 decisions=23 live_orders=0 tested_orders=1
[HEARTBEAT] events=17225 decisions=23 live_orders=0 tested_orders=1
[HEARTBEAT] events=17250 decisions=23 live_orders=0 tested_orders=1
[HEARTBEAT] events=17275 decisions=23 live_orders=0 tested_orders=1
[HEARTBEAT] events=17300 decisions=23 live_orders=0 tested_orders=1
[HEARTBEAT] events=17325 decisions=23 live_orders=0 tested_orders=1
[HEARTBEAT] events=17350 decisions=23 live_orders=0 tested_orders=1
[HEARTBEAT] events=17375 decisions=23 live_orders=0 tested_orders=1
[HEARTBEAT] events=17400 decisions=23 live_orders=0 tested_orders=1
[HEARTBEAT] events=17425 decisions=23 live_orders=0 tested_orders=1
[HEARTBEAT] events=17450 decisions=23 live_orders=0 tested_orders=1
[HEARTBEAT] events=17475 decisions=23 live_orders=0 tested_orders=1
[HEARTBEAT] events=17500 decisions=23 live_orders=0 tested_orders=1
[DECISION] 2026-04-20T06:53:00+00:00 SOLUSDT mode=futures side=short score=54.86
[SUBMISSION_GATE] SOLUSDT allow=False can_open=True existing=yes pending_external=False order_cooldown=False manual_cooldown=False live_allowed=True
[EXEC_PREFLIGHT] SOLUSDT allow=False live_allowed=True managed=futures:600.87 prepared=futures:600.87 reasons=none
[DECISION] 2026-04-20T06:54:00+00:00 SOLUSDT mode=futures side=short score=54.86
[SUBMISSION_GATE] SOLUSDT allow=False can_open=True existing=yes pending_external=False order_cooldown=False manual_cooldown=False live_allowed=True
[EXEC_PREFLIGHT] SOLUSDT allow=False live_allowed=True managed=futures:600.87 prepared=futures:600.87 reasons=none
[DECISION] 2026-04-20T06:55:00+00:00 SOLUSDT mode=futures side=short score=54.86
[SUBMISSION_GATE] SOLUSDT allow=False can_open=True existing=yes pending_external=False order_cooldown=False manual_cooldown=False live_allowed=True
[EXEC_PREFLIGHT] SOLUSDT allow=False live_allowed=True managed=futures:600.87 prepared=futures:600.87 reasons=none
[DECISION] 2026-04-20T06:56:00+00:00 SOLUSDT mode=futures side=short score=54.86
[SUBMISSION_GATE] SOLUSDT allow=False can_open=True existing=yes pending_external=False order_cooldown=False manual_cooldown=False live_allowed=True
[EXEC_PREFLIGHT] SOLUSDT allow=False live_allowed=True managed=futures:600.87 prepared=futures:600.87 reasons=none
[DECISION] 2026-04-20T06:57:00+00:00 SOLUSDT mode=futures side=long score=67.81
[SUBMISSION_GATE] SOLUSDT allow=False can_open=True existing=yes pending_external=False order_cooldown=False manual_cooldown=False live_allowed=True
[EXEC_PREFLIGHT] SOLUSDT allow=False live_allowed=True managed=futures:600.87 prepared=futures:600.87 reasons=none
[DECISION] 2026-04-20T06:58:00+00:00 SOLUSDT mode=futures side=long score=67.81
[SUBMISSION_GATE] SOLUSDT allow=False can_open=True existing=yes pending_external=False order_cooldown=False manual_cooldown=False live_allowed=True
[EXEC_PREFLIGHT] SOLUSDT allow=False live_allowed=True managed=futures:600.87 prepared=futures:600.87 reasons=none
[DECISION] 2026-04-20T06:59:00+00:00 SOLUSDT mode=futures side=long score=67.81
[SUBMISSION_GATE] SOLUSDT allow=False can_open=True existing=yes pending_external=False order_cooldown=False manual_cooldown=False live_allowed=True
[EXEC_PREFLIGHT] SOLUSDT allow=False live_allowed=True managed=futures:600.87 prepared=futures:600.87 reasons=none
[HEARTBEAT] events=17525 decisions=30 live_orders=0 tested_orders=1
[HEARTBEAT] events=17550 decisions=30 live_orders=0 tested_orders=1
[HEARTBEAT] events=17575 decisions=30 live_orders=0 tested_orders=1
[HEARTBEAT] events=17600 decisions=30 live_orders=0 tested_orders=1
[HEARTBEAT] events=17625 decisions=30 live_orders=0 tested_orders=1
[HEARTBEAT] events=17650 decisions=30 live_orders=0 tested_orders=1
[HEARTBEAT] events=17675 decisions=30 live_orders=0 tested_orders=1
[HEARTBEAT] events=17700 decisions=30 live_orders=0 tested_orders=1
[HEARTBEAT] events=17725 decisions=30 live_orders=0 tested_orders=1
[HEARTBEAT] events=17750 decisions=30 live_orders=0 tested_orders=1
[HEARTBEAT] events=17775 decisions=30 live_orders=0 tested_orders=1
[HEARTBEAT] events=17800 decisions=30 live_orders=0 tested_orders=1
[HEARTBEAT] events=17825 decisions=30 live_orders=0 tested_orders=1
[HEARTBEAT] events=17850 decisions=30 live_orders=0 tested_orders=1
[HEARTBEAT] events=17875 decisions=30 live_orders=0 tested_orders=1
[HEARTBEAT] events=17900 decisions=30 live_orders=0 tested_orders=1
[HEARTBEAT] events=17925 decisions=30 live_orders=0 tested_orders=1
[HEARTBEAT] events=17950 decisions=30 live_orders=0 tested_orders=1
[HEARTBEAT] events=17975 decisions=30 live_orders=0 tested_orders=1
[HEARTBEAT] events=18000 decisions=30 live_orders=0 tested_orders=1
[HEARTBEAT] events=18025 decisions=30 live_orders=0 tested_orders=1
[HEARTBEAT] events=18050 decisions=30 live_orders=0 tested_orders=1
[HEARTBEAT] events=18075 decisions=30 live_orders=0 tested_orders=1
[SYNC] 2026-04-20T07:00:24.412463+00:00 account/open-order snapshot refreshed
[HEARTBEAT] events=18100 decisions=30 live_orders=0 tested_orders=1
[HEARTBEAT] events=18125 decisions=30 live_orders=0 tested_orders=1
[HEARTBEAT] events=18150 decisions=30 live_orders=0 tested_orders=1
[HEARTBEAT] events=18175 decisions=30 live_orders=0 tested_orders=1
[HEARTBEAT] events=18200 decisions=30 live_orders=0 tested_orders=1
[HEARTBEAT] events=18225 decisions=30 live_orders=0 tested_orders=1
[HEARTBEAT] events=18250 decisions=30 live_orders=0 tested_orders=1
[HEARTBEAT] events=18275 decisions=30 live_orders=0 tested_orders=1
[HEARTBEAT] events=18300 decisions=30 live_orders=0 tested_orders=1
[HEARTBEAT] events=18325 decisions=30 live_orders=0 tested_orders=1
[HEARTBEAT] events=18350 decisions=30 live_orders=0 tested_orders=1
[HEARTBEAT] events=18375 decisions=30 live_orders=0 tested_orders=1
[HEARTBEAT] events=18400 decisions=30 live_orders=0 tested_orders=1
[HEARTBEAT] events=18425 decisions=30 live_orders=0 tested_orders=1
[HEARTBEAT] events=18450 decisions=30 live_orders=0 tested_orders=1
[HEARTBEAT] events=18475 decisions=30 live_orders=0 tested_orders=1
[HEARTBEAT] events=18500 decisions=30 live_orders=0 tested_orders=1
[DECISION] 2026-04-20T06:53:00+00:00 SOLUSDT mode=futures side=short score=72.54
[SUBMISSION_GATE] SOLUSDT allow=False can_open=True existing=yes pending_external=False order_cooldown=False manual_cooldown=False live_allowed=True
[EXEC_PREFLIGHT] SOLUSDT allow=False live_allowed=True managed=futures:600.16 prepared=futures:600.16 reasons=none
[DECISION] 2026-04-20T06:54:00+00:00 SOLUSDT mode=futures side=short score=72.54
[SUBMISSION_GATE] SOLUSDT allow=False can_open=True existing=yes pending_external=False order_cooldown=False manual_cooldown=False live_allowed=True
[EXEC_PREFLIGHT] SOLUSDT allow=False live_allowed=True managed=futures:600.16 prepared=futures:600.16 reasons=none
[DECISION] 2026-04-20T06:55:00+00:00 SOLUSDT mode=futures side=short score=72.54
[SUBMISSION_GATE] SOLUSDT allow=False can_open=True existing=yes pending_external=False order_cooldown=False manual_cooldown=False live_allowed=True
[EXEC_PREFLIGHT] SOLUSDT allow=False live_allowed=True managed=futures:600.16 prepared=futures:600.16 reasons=none
[DECISION] 2026-04-20T06:56:00+00:00 SOLUSDT mode=futures side=short score=72.54
[SUBMISSION_GATE] SOLUSDT allow=False can_open=True existing=yes pending_external=False order_cooldown=False manual_cooldown=False live_allowed=True
[EXEC_PREFLIGHT] SOLUSDT allow=False live_allowed=True managed=futures:600.16 prepared=futures:600.16 reasons=none
[DECISION] 2026-04-20T06:57:00+00:00 SOLUSDT mode=futures side=short score=54.79
[SUBMISSION_GATE] SOLUSDT allow=False can_open=True existing=yes pending_external=False order_cooldown=False manual_cooldown=False live_allowed=True
[EXEC_PREFLIGHT] SOLUSDT allow=False live_allowed=True managed=futures:600.16 prepared=futures:600.16 reasons=none
[DECISION] 2026-04-20T06:58:00+00:00 SOLUSDT mode=futures side=long score=67.74
[SUBMISSION_GATE] SOLUSDT allow=False can_open=True existing=yes pending_external=False order_cooldown=False manual_cooldown=False live_allowed=True
[EXEC_PREFLIGHT] SOLUSDT allow=False live_allowed=True managed=futures:600.16 prepared=futures:600.16 reasons=none
[DECISION] 2026-04-20T06:59:00+00:00 SOLUSDT mode=futures side=short score=69.32
[SUBMISSION_GATE] SOLUSDT allow=False can_open=True existing=yes pending_external=False order_cooldown=False manual_cooldown=False live_allowed=True
[EXEC_PREFLIGHT] SOLUSDT allow=False live_allowed=True managed=futures:600.16 prepared=futures:600.16 reasons=none
[DECISION] 2026-04-20T07:00:00+00:00 SOLUSDT mode=futures side=short score=54.79
[SUBMISSION_GATE] SOLUSDT allow=False can_open=True existing=yes pending_external=False order_cooldown=False manual_cooldown=False live_allowed=True
[EXEC_PREFLIGHT] SOLUSDT allow=False live_allowed=True managed=futures:600.16 prepared=futures:600.16 reasons=none
[HEARTBEAT] events=18525 decisions=38 live_orders=0 tested_orders=1
[HEARTBEAT] events=18550 decisions=38 live_orders=0 tested_orders=1
[HEARTBEAT] events=18575 decisions=38 live_orders=0 tested_orders=1
[HEARTBEAT] events=18600 decisions=38 live_orders=0 tested_orders=1
[HEARTBEAT] events=18625 decisions=38 live_orders=0 tested_orders=1
[HEARTBEAT] events=18650 decisions=38 live_orders=0 tested_orders=1
[HEARTBEAT] events=18675 decisions=38 live_orders=0 tested_orders=1
[HEARTBEAT] events=18700 decisions=38 live_orders=0 tested_orders=1
[HEARTBEAT] events=18725 decisions=38 live_orders=0 tested_orders=1
[HEARTBEAT] events=18750 decisions=38 live_orders=0 tested_orders=1
[HEARTBEAT] events=18775 decisions=38 live_orders=0 tested_orders=1
[HEARTBEAT] events=18800 decisions=38 live_orders=0 tested_orders=1
[HEARTBEAT] events=18825 decisions=38 live_orders=0 tested_orders=1
[HEARTBEAT] events=18850 decisions=38 live_orders=0 tested_orders=1
[HEARTBEAT] events=18875 decisions=38 live_orders=0 tested_orders=1
[HEARTBEAT] events=18900 decisions=38 live_orders=0 tested_orders=1
[HEARTBEAT] events=18925 decisions=38 live_orders=0 tested_orders=1
[HEARTBEAT] events=18950 decisions=38 live_orders=0 tested_orders=1
[HEARTBEAT] events=18975 decisions=38 live_orders=0 tested_orders=1
[HEARTBEAT] events=19000 decisions=38 live_orders=0 tested_orders=1
[HEARTBEAT] events=19025 decisions=38 live_orders=0 tested_orders=1
[HEARTBEAT] events=19050 decisions=38 live_orders=0 tested_orders=1
[HEARTBEAT] events=19075 decisions=38 live_orders=0 tested_orders=1
[HEARTBEAT] events=19100 decisions=38 live_orders=0 tested_orders=1
[HEARTBEAT] events=19125 decisions=38 live_orders=0 tested_orders=1
[HEARTBEAT] events=19150 decisions=38 live_orders=0 tested_orders=1
[HEARTBEAT] events=19175 decisions=38 live_orders=0 tested_orders=1
[HEARTBEAT] events=19200 decisions=38 live_orders=0 tested_orders=1
[HEARTBEAT] events=19225 decisions=38 live_orders=0 tested_orders=1
[HEARTBEAT] events=19250 decisions=38 live_orders=0 tested_orders=1
[HEARTBEAT] events=19275 decisions=38 live_orders=0 tested_orders=1
[HEARTBEAT] events=19300 decisions=38 live_orders=0 tested_orders=1
[HEARTBEAT] events=19325 decisions=38 live_orders=0 tested_orders=1
[HEARTBEAT] events=19350 decisions=38 live_orders=0 tested_orders=1
[HEARTBEAT] events=19375 decisions=38 live_orders=0 tested_orders=1
[HEARTBEAT] events=19400 decisions=38 live_orders=0 tested_orders=1
[HEARTBEAT] events=19425 decisions=38 live_orders=0 tested_orders=1
[HEARTBEAT] events=19450 decisions=38 live_orders=0 tested_orders=1
[HEARTBEAT] events=19475 decisions=38 live_orders=0 tested_orders=1
[HEARTBEAT] events=19500 decisions=38 live_orders=0 tested_orders=1
[HEARTBEAT] events=19525 decisions=38 live_orders=0 tested_orders=1
[HEARTBEAT] events=19550 decisions=38 live_orders=0 tested_orders=1
[HEARTBEAT] events=19575 decisions=38 live_orders=0 tested_orders=1
[HEARTBEAT] events=19600 decisions=38 live_orders=0 tested_orders=1
[HEARTBEAT] events=19625 decisions=38 live_orders=0 tested_orders=1
[HEARTBEAT] events=19650 decisions=38 live_orders=0 tested_orders=1
[HEARTBEAT] events=19675 decisions=38 live_orders=0 tested_orders=1
[HEARTBEAT] events=19700 decisions=38 live_orders=0 tested_orders=1
[HEARTBEAT] events=19725 decisions=38 live_orders=0 tested_orders=1
[HEARTBEAT] events=19750 decisions=38 live_orders=0 tested_orders=1
[HEARTBEAT] events=19775 decisions=38 live_orders=0 tested_orders=1
[HEARTBEAT] events=19800 decisions=38 live_orders=0 tested_orders=1
[HEARTBEAT] events=19825 decisions=38 live_orders=0 tested_orders=1
[HEARTBEAT] events=19850 decisions=38 live_orders=0 tested_orders=1
[HEARTBEAT] events=19875 decisions=38 live_orders=0 tested_orders=1
[HEARTBEAT] events=19900 decisions=38 live_orders=0 tested_orders=1
[HEARTBEAT] events=19925 decisions=38 live_orders=0 tested_orders=1
[HEARTBEAT] events=19950 decisions=38 live_orders=0 tested_orders=1
[HEARTBEAT] events=19975 decisions=38 live_orders=0 tested_orders=1
[HEARTBEAT] events=20000 decisions=38 live_orders=0 tested_orders=1
[HEARTBEAT] events=20025 decisions=38 live_orders=0 tested_orders=1
[HEARTBEAT] events=20050 decisions=38 live_orders=0 tested_orders=1
[HEARTBEAT] events=20075 decisions=38 live_orders=0 tested_orders=1
[HEARTBEAT] events=20100 decisions=38 live_orders=0 tested_orders=1
[HEARTBEAT] events=20125 decisions=38 live_orders=0 tested_orders=1
[HEARTBEAT] events=20150 decisions=38 live_orders=0 tested_orders=1
[HEARTBEAT] events=20175 decisions=38 live_orders=0 tested_orders=1
[HEARTBEAT] events=20200 decisions=38 live_orders=0 tested_orders=1
[HEARTBEAT] events=20225 decisions=38 live_orders=0 tested_orders=1
[HEARTBEAT] events=20250 decisions=38 live_orders=0 tested_orders=1
[HEARTBEAT] events=20275 decisions=38 live_orders=0 tested_orders=1
[HEARTBEAT] events=20300 decisions=38 live_orders=0 tested_orders=1
[HEARTBEAT] events=20325 decisions=38 live_orders=0 tested_orders=1
[HEARTBEAT] events=20350 decisions=38 live_orders=0 tested_orders=1
[HEARTBEAT] events=20375 decisions=38 live_orders=0 tested_orders=1
[HEARTBEAT] events=20400 decisions=38 live_orders=0 tested_orders=1
[HEARTBEAT] events=20425 decisions=38 live_orders=0 tested_orders=1
[HEARTBEAT] events=20450 decisions=38 live_orders=0 tested_orders=1
[HEARTBEAT] events=20475 decisions=38 live_orders=0 tested_orders=1
[HEARTBEAT] events=20500 decisions=38 live_orders=0 tested_orders=1
[HEARTBEAT] events=20525 decisions=38 live_orders=0 tested_orders=1
[HEARTBEAT] events=20550 decisions=38 live_orders=0 tested_orders=1
[HEARTBEAT] events=20575 decisions=38 live_orders=0 tested_orders=1
[HEARTBEAT] events=20600 decisions=38 live_orders=0 tested_orders=1
[HEARTBEAT] events=20625 decisions=38 live_orders=0 tested_orders=1
[HEARTBEAT] events=20650 decisions=38 live_orders=0 tested_orders=1
[HEARTBEAT] events=20675 decisions=38 live_orders=0 tested_orders=1
[HEARTBEAT] events=20700 decisions=38 live_orders=0 tested_orders=1
[HEARTBEAT] events=20725 decisions=38 live_orders=0 tested_orders=1
[HEARTBEAT] events=20750 decisions=38 live_orders=0 tested_orders=1
[HEARTBEAT] events=20775 decisions=38 live_orders=0 tested_orders=1
[HEARTBEAT] events=20800 decisions=38 live_orders=0 tested_orders=1
[HEARTBEAT] events=20825 decisions=38 live_orders=0 tested_orders=1
[HEARTBEAT] events=20850 decisions=38 live_orders=0 tested_orders=1
[HEARTBEAT] events=20875 decisions=38 live_orders=0 tested_orders=1
[HEARTBEAT] events=20900 decisions=38 live_orders=0 tested_orders=1
[HEARTBEAT] events=20925 decisions=38 live_orders=0 tested_orders=1
[HEARTBEAT] events=20950 decisions=38 live_orders=0 tested_orders=1
[HEARTBEAT] events=20975 decisions=38 live_orders=0 tested_orders=1
[HEARTBEAT] events=21000 decisions=38 live_orders=0 tested_orders=1
[HEARTBEAT] events=21025 decisions=38 live_orders=0 tested_orders=1
[HEARTBEAT] events=21050 decisions=38 live_orders=0 tested_orders=1
[HEARTBEAT] events=21075 decisions=38 live_orders=0 tested_orders=1
[HEARTBEAT] events=21100 decisions=38 live_orders=0 tested_orders=1
[HEARTBEAT] events=21125 decisions=38 live_orders=0 tested_orders=1
[HEARTBEAT] events=21150 decisions=38 live_orders=0 tested_orders=1
[HEARTBEAT] events=21175 decisions=38 live_orders=0 tested_orders=1
[HEARTBEAT] events=21200 decisions=38 live_orders=0 tested_orders=1
[HEARTBEAT] events=21225 decisions=38 live_orders=0 tested_orders=1
[HEARTBEAT] events=21250 decisions=38 live_orders=0 tested_orders=1
[HEARTBEAT] events=21275 decisions=38 live_orders=0 tested_orders=1
[HEARTBEAT] events=21300 decisions=38 live_orders=0 tested_orders=1
[HEARTBEAT] events=21325 decisions=38 live_orders=0 tested_orders=1
[HEARTBEAT] events=21350 decisions=38 live_orders=0 tested_orders=1
[HEARTBEAT] events=21375 decisions=38 live_orders=0 tested_orders=1
[HEARTBEAT] events=21400 decisions=38 live_orders=0 tested_orders=1
[HEARTBEAT] events=21425 decisions=38 live_orders=0 tested_orders=1
[HEARTBEAT] events=21450 decisions=38 live_orders=0 tested_orders=1
[HEARTBEAT] events=21475 decisions=38 live_orders=0 tested_orders=1
[HEARTBEAT] events=21500 decisions=38 live_orders=0 tested_orders=1
[HEARTBEAT] events=21525 decisions=38 live_orders=0 tested_orders=1
[HEARTBEAT] events=21550 decisions=38 live_orders=0 tested_orders=1
[HEARTBEAT] events=21575 decisions=38 live_orders=0 tested_orders=1
[HEARTBEAT] events=21600 decisions=38 live_orders=0 tested_orders=1
[HEARTBEAT] events=21625 decisions=38 live_orders=0 tested_orders=1
[HEARTBEAT] events=21650 decisions=38 live_orders=0 tested_orders=1
[HEARTBEAT] events=21675 decisions=38 live_orders=0 tested_orders=1
[HEARTBEAT] events=21700 decisions=38 live_orders=0 tested_orders=1
[HEARTBEAT] events=21725 decisions=38 live_orders=0 tested_orders=1
[HEARTBEAT] events=21750 decisions=38 live_orders=0 tested_orders=1
[HEARTBEAT] events=21775 decisions=38 live_orders=0 tested_orders=1
[HEARTBEAT] events=21800 decisions=38 live_orders=0 tested_orders=1
[HEARTBEAT] events=21825 decisions=38 live_orders=0 tested_orders=1
[HEARTBEAT] events=21850 decisions=38 live_orders=0 tested_orders=1
[HEARTBEAT] events=21875 decisions=38 live_orders=0 tested_orders=1
[HEARTBEAT] events=21900 decisions=38 live_orders=0 tested_orders=1
[HEARTBEAT] events=21925 decisions=38 live_orders=0 tested_orders=1
[HEARTBEAT] events=21950 decisions=38 live_orders=0 tested_orders=1
[HEARTBEAT] events=21975 decisions=38 live_orders=0 tested_orders=1
[HEARTBEAT] events=22000 decisions=38 live_orders=0 tested_orders=1
[HEARTBEAT] events=22025 decisions=38 live_orders=0 tested_orders=1
[HEARTBEAT] events=22050 decisions=38 live_orders=0 tested_orders=1
[HEARTBEAT] events=22075 decisions=38 live_orders=0 tested_orders=1
[HEARTBEAT] events=22100 decisions=38 live_orders=0 tested_orders=1
[HEARTBEAT] events=22125 decisions=38 live_orders=0 tested_orders=1
[HEARTBEAT] events=22150 decisions=38 live_orders=0 tested_orders=1
[HEARTBEAT] events=22175 decisions=38 live_orders=0 tested_orders=1
[HEARTBEAT] events=22200 decisions=38 live_orders=0 tested_orders=1
[HEARTBEAT] events=22225 decisions=38 live_orders=0 tested_orders=1
[HEARTBEAT] events=22250 decisions=38 live_orders=0 tested_orders=1
[HEARTBEAT] events=22275 decisions=38 live_orders=0 tested_orders=1
[HEARTBEAT] events=22300 decisions=38 live_orders=0 tested_orders=1
[HEARTBEAT] events=22325 decisions=38 live_orders=0 tested_orders=1
[HEARTBEAT] events=22350 decisions=38 live_orders=0 tested_orders=1
[HEARTBEAT] events=22375 decisions=38 live_orders=0 tested_orders=1
[HEARTBEAT] events=22400 decisions=38 live_orders=0 tested_orders=1
[HEARTBEAT] events=22425 decisions=38 live_orders=0 tested_orders=1
[HEARTBEAT] events=22450 decisions=38 live_orders=0 tested_orders=1
[DECISION] 2026-04-20T07:01:00+00:00 SOLUSDT mode=futures side=long score=75.24
[SUBMISSION_GATE] SOLUSDT allow=False can_open=True existing=yes pending_external=False order_cooldown=False manual_cooldown=False live_allowed=True
[EXEC_PREFLIGHT] SOLUSDT allow=False live_allowed=True managed=futures:600.16 prepared=futures:600.16 reasons=none
[HEARTBEAT] events=22475 decisions=39 live_orders=0 tested_orders=1
[HEARTBEAT] events=22500 decisions=39 live_orders=0 tested_orders=1
[HEARTBEAT] events=22525 decisions=39 live_orders=0 tested_orders=1
[HEARTBEAT] events=22550 decisions=39 live_orders=0 tested_orders=1
[HEARTBEAT] events=22575 decisions=39 live_orders=0 tested_orders=1
[HEARTBEAT] events=22600 decisions=39 live_orders=0 tested_orders=1
[HEARTBEAT] events=22625 decisions=39 live_orders=0 tested_orders=1
[HEARTBEAT] events=22650 decisions=39 live_orders=0 tested_orders=1
[HEARTBEAT] events=22675 decisions=39 live_orders=0 tested_orders=1
[HEARTBEAT] events=22700 decisions=39 live_orders=0 tested_orders=1
[HEARTBEAT] events=22725 decisions=39 live_orders=0 tested_orders=1
[HEARTBEAT] events=22750 decisions=39 live_orders=0 tested_orders=1
[HEARTBEAT] events=22775 decisions=39 live_orders=0 tested_orders=1
[HEARTBEAT] events=22800 decisions=39 live_orders=0 tested_orders=1
[HEARTBEAT] events=22825 decisions=39 live_orders=0 tested_orders=1
[HEARTBEAT] events=22850 decisions=39 live_orders=0 tested_orders=1
[HEARTBEAT] events=22875 decisions=39 live_orders=0 tested_orders=1
[SYNC] 2026-04-20T07:01:24.418395+00:00 account/open-order snapshot refreshed
[HEARTBEAT] events=22900 decisions=39 live_orders=0 tested_orders=1
[HEARTBEAT] events=22925 decisions=39 live_orders=0 tested_orders=1
[HEARTBEAT] events=22950 decisions=39 live_orders=0 tested_orders=1
[HEARTBEAT] events=22975 decisions=39 live_orders=0 tested_orders=1
[HEARTBEAT] events=23000 decisions=39 live_orders=0 tested_orders=1
[HEARTBEAT] events=23025 decisions=39 live_orders=0 tested_orders=1
[HEARTBEAT] events=23050 decisions=39 live_orders=0 tested_orders=1
[HEARTBEAT] events=23075 decisions=39 live_orders=0 tested_orders=1
[HEARTBEAT] events=23100 decisions=39 live_orders=0 tested_orders=1
[HEARTBEAT] events=23125 decisions=39 live_orders=0 tested_orders=1
[HEARTBEAT] events=23150 decisions=39 live_orders=0 tested_orders=1
[HEARTBEAT] events=23175 decisions=39 live_orders=0 tested_orders=1
[HEARTBEAT] events=23200 decisions=39 live_orders=0 tested_orders=1
[HEARTBEAT] events=23225 decisions=39 live_orders=0 tested_orders=1
[HEARTBEAT] events=23250 decisions=39 live_orders=0 tested_orders=1
[HEARTBEAT] events=23275 decisions=39 live_orders=0 tested_orders=1
[HEARTBEAT] events=23300 decisions=39 live_orders=0 tested_orders=1
[HEARTBEAT] events=23325 decisions=39 live_orders=0 tested_orders=1
[HEARTBEAT] events=23350 decisions=39 live_orders=0 tested_orders=1
[HEARTBEAT] events=23375 decisions=39 live_orders=0 tested_orders=1
[HEARTBEAT] events=23400 decisions=39 live_orders=0 tested_orders=1
[HEARTBEAT] events=23425 decisions=39 live_orders=0 tested_orders=1
[HEARTBEAT] events=23450 decisions=39 live_orders=0 tested_orders=1
[HEARTBEAT] events=23475 decisions=39 live_orders=0 tested_orders=1
[DECISION] 2026-04-20T07:02:00+00:00 SOLUSDT mode=futures side=long score=74.34
[SUBMISSION_GATE] SOLUSDT allow=False can_open=True existing=yes pending_external=False order_cooldown=False manual_cooldown=False live_allowed=True
[EXEC_PREFLIGHT] SOLUSDT allow=False live_allowed=True managed=futures:599.40 prepared=futures:599.40 reasons=none
[HEARTBEAT] events=23500 decisions=40 live_orders=0 tested_orders=1
[HEARTBEAT] events=23525 decisions=40 live_orders=0 tested_orders=1
[HEARTBEAT] events=23550 decisions=40 live_orders=0 tested_orders=1
[HEARTBEAT] events=23575 decisions=40 live_orders=0 tested_orders=1
[HEARTBEAT] events=23600 decisions=40 live_orders=0 tested_orders=1
[HEARTBEAT] events=23625 decisions=40 live_orders=0 tested_orders=1
[ERROR] websocket attempt=4 error=no close frame received or sent
[RETRY] attempt=5 sleeping=8.00s
[HEARTBEAT] events=23650 decisions=40 live_orders=0 tested_orders=1
[HEARTBEAT] events=23675 decisions=40 live_orders=0 tested_orders=1
[HEARTBEAT] events=23700 decisions=40 live_orders=0 tested_orders=1
[CONNECT] websocket attempt=5
[HEARTBEAT] events=23725 decisions=40 live_orders=0 tested_orders=1
[HEARTBEAT] events=23750 decisions=40 live_orders=0 tested_orders=1
[HEARTBEAT] events=23775 decisions=40 live_orders=0 tested_orders=1
[HEARTBEAT] events=23800 decisions=40 live_orders=0 tested_orders=1
[HEARTBEAT] events=23825 decisions=40 live_orders=0 tested_orders=1
[HEARTBEAT] events=23850 decisions=40 live_orders=0 tested_orders=1
[HEARTBEAT] events=23875 decisions=40 live_orders=0 tested_orders=1
[HEARTBEAT] events=23900 decisions=40 live_orders=0 tested_orders=1
[HEARTBEAT] events=23925 decisions=40 live_orders=0 tested_orders=1
[HEARTBEAT] events=23950 decisions=40 live_orders=0 tested_orders=1
[HEARTBEAT] events=23975 decisions=40 live_orders=0 tested_orders=1
[HEARTBEAT] events=24000 decisions=40 live_orders=0 tested_orders=1
[SYNC] 2026-04-20T07:02:24.437895+00:00 account/open-order snapshot refreshed
[HEARTBEAT] events=24025 decisions=40 live_orders=0 tested_orders=1
[HEARTBEAT] events=24050 decisions=40 live_orders=0 tested_orders=1
[HEARTBEAT] events=24075 decisions=40 live_orders=0 tested_orders=1
[HEARTBEAT] events=24100 decisions=40 live_orders=0 tested_orders=1
[HEARTBEAT] events=24125 decisions=40 live_orders=0 tested_orders=1
[HEARTBEAT] events=24150 decisions=40 live_orders=0 tested_orders=1
[HEARTBEAT] events=24175 decisions=40 live_orders=0 tested_orders=1
[HEARTBEAT] events=24200 decisions=40 live_orders=0 tested_orders=1
[HEARTBEAT] events=24225 decisions=40 live_orders=0 tested_orders=1
[HEARTBEAT] events=24250 decisions=40 live_orders=0 tested_orders=1
[HEARTBEAT] events=24275 decisions=40 live_orders=0 tested_orders=1
[DECISION] 2026-04-20T06:53:00+00:00 SOLUSDT mode=futures side=short score=80.11
[SUBMISSION_GATE] SOLUSDT allow=False can_open=True existing=yes pending_external=False order_cooldown=False manual_cooldown=False live_allowed=True
[EXEC_PREFLIGHT] SOLUSDT allow=False live_allowed=True managed=futures:599.87 prepared=futures:599.87 reasons=none
[DECISION] 2026-04-20T06:54:00+00:00 SOLUSDT mode=futures side=short score=80.11
[SUBMISSION_GATE] SOLUSDT allow=False can_open=True existing=yes pending_external=False order_cooldown=False manual_cooldown=False live_allowed=True
[EXEC_PREFLIGHT] SOLUSDT allow=False live_allowed=True managed=futures:599.87 prepared=futures:599.87 reasons=none
[HEARTBEAT] events=24300 decisions=42 live_orders=0 tested_orders=1
[DECISION] 2026-04-20T06:55:00+00:00 SOLUSDT mode=futures side=short score=80.11
[SUBMISSION_GATE] SOLUSDT allow=False can_open=True existing=yes pending_external=False order_cooldown=False manual_cooldown=False live_allowed=True
[EXEC_PREFLIGHT] SOLUSDT allow=False live_allowed=True managed=futures:599.87 prepared=futures:599.87 reasons=none
[DECISION] 2026-04-20T06:56:00+00:00 SOLUSDT mode=futures side=short score=80.11
[SUBMISSION_GATE] SOLUSDT allow=False can_open=True existing=yes pending_external=False order_cooldown=False manual_cooldown=False live_allowed=True
[EXEC_PREFLIGHT] SOLUSDT allow=False live_allowed=True managed=futures:599.87 prepared=futures:599.87 reasons=none
[DECISION] 2026-04-20T06:57:00+00:00 SOLUSDT mode=futures side=short score=62.36
[SUBMISSION_GATE] SOLUSDT allow=False can_open=True existing=yes pending_external=False order_cooldown=False manual_cooldown=False live_allowed=True
[EXEC_PREFLIGHT] SOLUSDT allow=False live_allowed=True managed=futures:599.87 prepared=futures:599.87 reasons=none
[DECISION] 2026-04-20T06:58:00+00:00 SOLUSDT mode=futures side=long score=75.31
[SUBMISSION_GATE] SOLUSDT allow=False can_open=True existing=yes pending_external=False order_cooldown=False manual_cooldown=False live_allowed=True
[EXEC_PREFLIGHT] SOLUSDT allow=False live_allowed=True managed=futures:599.87 prepared=futures:599.87 reasons=none
[DECISION] 2026-04-20T06:59:00+00:00 SOLUSDT mode=futures side=short score=62.36
[SUBMISSION_GATE] SOLUSDT allow=False can_open=True existing=yes pending_external=False order_cooldown=False manual_cooldown=False live_allowed=True
[EXEC_PREFLIGHT] SOLUSDT allow=False live_allowed=True managed=futures:599.87 prepared=futures:599.87 reasons=none
[DECISION] 2026-04-20T07:00:00+00:00 SOLUSDT mode=futures side=short score=62.36
[SUBMISSION_GATE] SOLUSDT allow=False can_open=True existing=yes pending_external=False order_cooldown=False manual_cooldown=False live_allowed=True
[EXEC_PREFLIGHT] SOLUSDT allow=False live_allowed=True managed=futures:599.87 prepared=futures:599.87 reasons=none
[DECISION] 2026-04-20T07:01:00+00:00 SOLUSDT mode=futures side=long score=75.31
[SUBMISSION_GATE] SOLUSDT allow=False can_open=True existing=yes pending_external=False order_cooldown=False manual_cooldown=False live_allowed=True
[EXEC_PREFLIGHT] SOLUSDT allow=False live_allowed=True managed=futures:599.87 prepared=futures:599.87 reasons=none
[DECISION] 2026-04-20T07:02:00+00:00 SOLUSDT mode=futures side=long score=75.31
[SUBMISSION_GATE] SOLUSDT allow=False can_open=True existing=yes pending_external=False order_cooldown=False manual_cooldown=False live_allowed=True
[EXEC_PREFLIGHT] SOLUSDT allow=False live_allowed=True managed=futures:599.87 prepared=futures:599.87 reasons=none
[HEARTBEAT] events=24325 decisions=50 live_orders=0 tested_orders=1
[HEARTBEAT] events=24350 decisions=50 live_orders=0 tested_orders=1
[HEARTBEAT] events=24375 decisions=50 live_orders=0 tested_orders=1
[HEARTBEAT] events=24400 decisions=50 live_orders=0 tested_orders=1
[HEARTBEAT] events=24425 decisions=50 live_orders=0 tested_orders=1
[HEARTBEAT] events=24450 decisions=50 live_orders=0 tested_orders=1
[HEARTBEAT] events=24475 decisions=50 live_orders=0 tested_orders=1
[HEARTBEAT] events=24500 decisions=50 live_orders=0 tested_orders=1
[HEARTBEAT] events=24525 decisions=50 live_orders=0 tested_orders=1
[HEARTBEAT] events=24550 decisions=50 live_orders=0 tested_orders=1
[HEARTBEAT] events=24575 decisions=50 live_orders=0 tested_orders=1
[HEARTBEAT] events=24600 decisions=50 live_orders=0 tested_orders=1
[HEARTBEAT] events=24625 decisions=50 live_orders=0 tested_orders=1
[HEARTBEAT] events=24650 decisions=50 live_orders=0 tested_orders=1
[HEARTBEAT] events=24675 decisions=50 live_orders=0 tested_orders=1
[HEARTBEAT] events=24700 decisions=50 live_orders=0 tested_orders=1
[HEARTBEAT] events=24725 decisions=50 live_orders=0 tested_orders=1
[HEARTBEAT] events=24750 decisions=50 live_orders=0 tested_orders=1
[HEARTBEAT] events=24775 decisions=50 live_orders=0 tested_orders=1
[HEARTBEAT] events=24800 decisions=50 live_orders=0 tested_orders=1
[HEARTBEAT] events=24825 decisions=50 live_orders=0 tested_orders=1
[HEARTBEAT] events=24850 decisions=50 live_orders=0 tested_orders=1
[HEARTBEAT] events=24875 decisions=50 live_orders=0 tested_orders=1
[HEARTBEAT] events=24900 decisions=50 live_orders=0 tested_orders=1
[HEARTBEAT] events=24925 decisions=50 live_orders=0 tested_orders=1
[HEARTBEAT] events=24950 decisions=50 live_orders=0 tested_orders=1
[HEARTBEAT] events=24975 decisions=50 live_orders=0 tested_orders=1
[HEARTBEAT] events=25000 decisions=50 live_orders=0 tested_orders=1
[HEARTBEAT] events=25025 decisions=50 live_orders=0 tested_orders=1
[HEARTBEAT] events=25050 decisions=50 live_orders=0 tested_orders=1
[HEARTBEAT] events=25075 decisions=50 live_orders=0 tested_orders=1
[HEARTBEAT] events=25100 decisions=50 live_orders=0 tested_orders=1
[HEARTBEAT] events=25125 decisions=50 live_orders=0 tested_orders=1
[HEARTBEAT] events=25150 decisions=50 live_orders=0 tested_orders=1
[HEARTBEAT] events=25175 decisions=50 live_orders=0 tested_orders=1
[HEARTBEAT] events=25200 decisions=50 live_orders=0 tested_orders=1
[HEARTBEAT] events=25225 decisions=50 live_orders=0 tested_orders=1
[HEARTBEAT] events=25250 decisions=50 live_orders=0 tested_orders=1
[HEARTBEAT] events=25275 decisions=50 live_orders=0 tested_orders=1
[DECISION] 2026-04-20T06:53:00+00:00 SOLUSDT mode=futures side=short score=79.90
[SUBMISSION_GATE] SOLUSDT allow=False can_open=True existing=yes pending_external=False order_cooldown=False manual_cooldown=False live_allowed=True
[EXEC_PREFLIGHT] SOLUSDT allow=False live_allowed=True managed=futures:599.87 prepared=futures:599.87 reasons=none
[DECISION] 2026-04-20T06:54:00+00:00 SOLUSDT mode=futures side=short score=79.90
[SUBMISSION_GATE] SOLUSDT allow=False can_open=True existing=yes pending_external=False order_cooldown=False manual_cooldown=False live_allowed=True
[EXEC_PREFLIGHT] SOLUSDT allow=False live_allowed=True managed=futures:599.87 prepared=futures:599.87 reasons=none
[HEARTBEAT] events=25300 decisions=52 live_orders=0 tested_orders=1
[DECISION] 2026-04-20T06:55:00+00:00 SOLUSDT mode=futures side=short score=79.90
[SUBMISSION_GATE] SOLUSDT allow=False can_open=True existing=yes pending_external=False order_cooldown=False manual_cooldown=False live_allowed=True
[EXEC_PREFLIGHT] SOLUSDT allow=False live_allowed=True managed=futures:599.87 prepared=futures:599.87 reasons=none
[DECISION] 2026-04-20T06:56:00+00:00 SOLUSDT mode=futures side=short score=79.90
[SUBMISSION_GATE] SOLUSDT allow=False can_open=True existing=yes pending_external=False order_cooldown=False manual_cooldown=False live_allowed=True
[EXEC_PREFLIGHT] SOLUSDT allow=False live_allowed=True managed=futures:599.87 prepared=futures:599.87 reasons=none
[DECISION] 2026-04-20T06:57:00+00:00 SOLUSDT mode=futures side=short score=62.15
[SUBMISSION_GATE] SOLUSDT allow=False can_open=True existing=yes pending_external=False order_cooldown=False manual_cooldown=False live_allowed=True
[EXEC_PREFLIGHT] SOLUSDT allow=False live_allowed=True managed=futures:599.87 prepared=futures:599.87 reasons=none
[DECISION] 2026-04-20T06:58:00+00:00 SOLUSDT mode=futures side=long score=75.10
[SUBMISSION_GATE] SOLUSDT allow=False can_open=True existing=yes pending_external=False order_cooldown=False manual_cooldown=False live_allowed=True
[EXEC_PREFLIGHT] SOLUSDT allow=False live_allowed=True managed=futures:599.87 prepared=futures:599.87 reasons=none
[DECISION] 2026-04-20T06:59:00+00:00 SOLUSDT mode=futures side=short score=76.68
[SUBMISSION_GATE] SOLUSDT allow=False can_open=True existing=yes pending_external=False order_cooldown=False manual_cooldown=False live_allowed=True
[EXEC_PREFLIGHT] SOLUSDT allow=False live_allowed=True managed=futures:599.87 prepared=futures:599.87 reasons=none
[DECISION] 2026-04-20T07:00:00+00:00 SOLUSDT mode=futures side=short score=62.15
[SUBMISSION_GATE] SOLUSDT allow=False can_open=True existing=yes pending_external=False order_cooldown=False manual_cooldown=False live_allowed=True
[EXEC_PREFLIGHT] SOLUSDT allow=False live_allowed=True managed=futures:599.87 prepared=futures:599.87 reasons=none
[DECISION] 2026-04-20T07:01:00+00:00 SOLUSDT mode=futures side=long score=75.10
[SUBMISSION_GATE] SOLUSDT allow=False can_open=True existing=yes pending_external=False order_cooldown=False manual_cooldown=False live_allowed=True
[EXEC_PREFLIGHT] SOLUSDT allow=False live_allowed=True managed=futures:599.87 prepared=futures:599.87 reasons=none
[DECISION] 2026-04-20T07:02:00+00:00 SOLUSDT mode=futures side=long score=75.10
[SUBMISSION_GATE] SOLUSDT allow=False can_open=True existing=yes pending_external=False order_cooldown=False manual_cooldown=False live_allowed=True
[EXEC_PREFLIGHT] SOLUSDT allow=False live_allowed=True managed=futures:599.87 prepared=futures:599.87 reasons=none
[HEARTBEAT] events=25325 decisions=60 live_orders=0 tested_orders=1
[DECISION] 2026-04-20T07:03:00+00:00 SOLUSDT mode=futures side=long score=75.59
[SUBMISSION_GATE] SOLUSDT allow=False can_open=True existing=yes pending_external=False order_cooldown=False manual_cooldown=False live_allowed=True
[EXEC_PREFLIGHT] SOLUSDT allow=False live_allowed=True managed=futures:599.87 prepared=futures:599.87 reasons=none
[HEARTBEAT] events=25350 decisions=61 live_orders=0 tested_orders=1
[HEARTBEAT] events=25375 decisions=61 live_orders=0 tested_orders=1
[HEARTBEAT] events=25400 decisions=61 live_orders=0 tested_orders=1
[HEARTBEAT] events=25425 decisions=61 live_orders=0 tested_orders=1
[HEARTBEAT] events=25450 decisions=61 live_orders=0 tested_orders=1
[HEARTBEAT] events=25475 decisions=61 live_orders=0 tested_orders=1
[HEARTBEAT] events=25500 decisions=61 live_orders=0 tested_orders=1
[HEARTBEAT] events=25525 decisions=61 live_orders=0 tested_orders=1
[HEARTBEAT] events=25550 decisions=61 live_orders=0 tested_orders=1
[HEARTBEAT] events=25575 decisions=61 live_orders=0 tested_orders=1
[HEARTBEAT] events=25600 decisions=61 live_orders=0 tested_orders=1
[HEARTBEAT] events=25625 decisions=61 live_orders=0 tested_orders=1
[HEARTBEAT] events=25650 decisions=61 live_orders=0 tested_orders=1
[HEARTBEAT] events=25675 decisions=61 live_orders=0 tested_orders=1
[HEARTBEAT] events=25700 decisions=61 live_orders=0 tested_orders=1
[HEARTBEAT] events=25725 decisions=61 live_orders=0 tested_orders=1
[HEARTBEAT] events=25750 decisions=61 live_orders=0 tested_orders=1
[HEARTBEAT] events=25775 decisions=61 live_orders=0 tested_orders=1
[HEARTBEAT] events=25800 decisions=61 live_orders=0 tested_orders=1
[HEARTBEAT] events=25825 decisions=61 live_orders=0 tested_orders=1
[HEARTBEAT] events=25850 decisions=61 live_orders=0 tested_orders=1
[HEARTBEAT] events=25875 decisions=61 live_orders=0 tested_orders=1
[HEARTBEAT] events=25900 decisions=61 live_orders=0 tested_orders=1
[HEARTBEAT] events=25925 decisions=61 live_orders=0 tested_orders=1
[HEARTBEAT] events=25950 decisions=61 live_orders=0 tested_orders=1
[HEARTBEAT] events=25975 decisions=61 live_orders=0 tested_orders=1
[HEARTBEAT] events=26000 decisions=61 live_orders=0 tested_orders=1
[HEARTBEAT] events=26025 decisions=61 live_orders=0 tested_orders=1
[HEARTBEAT] events=26050 decisions=61 live_orders=0 tested_orders=1
[HEARTBEAT] events=26075 decisions=61 live_orders=0 tested_orders=1
[HEARTBEAT] events=26100 decisions=61 live_orders=0 tested_orders=1
[HEARTBEAT] events=26125 decisions=61 live_orders=0 tested_orders=1
[HEARTBEAT] events=26150 decisions=61 live_orders=0 tested_orders=1
[HEARTBEAT] events=26175 decisions=61 live_orders=0 tested_orders=1
[HEARTBEAT] events=26200 decisions=61 live_orders=0 tested_orders=1
[HEARTBEAT] events=26225 decisions=61 live_orders=0 tested_orders=1
[HEARTBEAT] events=26250 decisions=61 live_orders=0 tested_orders=1
[HEARTBEAT] events=26275 decisions=61 live_orders=0 tested_orders=1
[HEARTBEAT] events=26300 decisions=61 live_orders=0 tested_orders=1
[HEARTBEAT] events=26325 decisions=61 live_orders=0 tested_orders=1
[HEARTBEAT] events=26350 decisions=61 live_orders=0 tested_orders=1
[HEARTBEAT] events=26375 decisions=61 live_orders=0 tested_orders=1
[HEARTBEAT] events=26400 decisions=61 live_orders=0 tested_orders=1
[HEARTBEAT] events=26425 decisions=61 live_orders=0 tested_orders=1
[HEARTBEAT] events=26450 decisions=61 live_orders=0 tested_orders=1
[HEARTBEAT] events=26475 decisions=61 live_orders=0 tested_orders=1
[HEARTBEAT] events=26500 decisions=61 live_orders=0 tested_orders=1
[HEARTBEAT] events=26525 decisions=61 live_orders=0 tested_orders=1
[HEARTBEAT] events=26550 decisions=61 live_orders=0 tested_orders=1
[HEARTBEAT] events=26575 decisions=61 live_orders=0 tested_orders=1
[HEARTBEAT] events=26600 decisions=61 live_orders=0 tested_orders=1
[HEARTBEAT] events=26625 decisions=61 live_orders=0 tested_orders=1
[HEARTBEAT] events=26650 decisions=61 live_orders=0 tested_orders=1
[HEARTBEAT] events=26675 decisions=61 live_orders=0 tested_orders=1
[HEARTBEAT] events=26700 decisions=61 live_orders=0 tested_orders=1
[HEARTBEAT] events=26725 decisions=61 live_orders=0 tested_orders=1
[HEARTBEAT] events=26750 decisions=61 live_orders=0 tested_orders=1
[HEARTBEAT] events=26775 decisions=61 live_orders=0 tested_orders=1
[HEARTBEAT] events=26800 decisions=61 live_orders=0 tested_orders=1
[HEARTBEAT] events=26825 decisions=61 live_orders=0 tested_orders=1
[HEARTBEAT] events=26850 decisions=61 live_orders=0 tested_orders=1
[HEARTBEAT] events=26875 decisions=61 live_orders=0 tested_orders=1
[HEARTBEAT] events=26900 decisions=61 live_orders=0 tested_orders=1
[HEARTBEAT] events=26925 decisions=61 live_orders=0 tested_orders=1
[HEARTBEAT] events=26950 decisions=61 live_orders=0 tested_orders=1
[HEARTBEAT] events=26975 decisions=61 live_orders=0 tested_orders=1
[HEARTBEAT] events=27000 decisions=61 live_orders=0 tested_orders=1
[HEARTBEAT] events=27025 decisions=61 live_orders=0 tested_orders=1
[HEARTBEAT] events=27050 decisions=61 live_orders=0 tested_orders=1
[HEARTBEAT] events=27075 decisions=61 live_orders=0 tested_orders=1
[HEARTBEAT] events=27100 decisions=61 live_orders=0 tested_orders=1
[HEARTBEAT] events=27125 decisions=61 live_orders=0 tested_orders=1
[HEARTBEAT] events=27150 decisions=61 live_orders=0 tested_orders=1
[HEARTBEAT] events=27175 decisions=61 live_orders=0 tested_orders=1
[HEARTBEAT] events=27200 decisions=61 live_orders=0 tested_orders=1
[HEARTBEAT] events=27225 decisions=61 live_orders=0 tested_orders=1
[HEARTBEAT] events=27250 decisions=61 live_orders=0 tested_orders=1
[HEARTBEAT] events=27275 decisions=61 live_orders=0 tested_orders=1
[HEARTBEAT] events=27300 decisions=61 live_orders=0 tested_orders=1
[HEARTBEAT] events=27325 decisions=61 live_orders=0 tested_orders=1
[HEARTBEAT] events=27350 decisions=61 live_orders=0 tested_orders=1
[HEARTBEAT] events=27375 decisions=61 live_orders=0 tested_orders=1
[HEARTBEAT] events=27400 decisions=61 live_orders=0 tested_orders=1
[HEARTBEAT] events=27425 decisions=61 live_orders=0 tested_orders=1
[HEARTBEAT] events=27450 decisions=61 live_orders=0 tested_orders=1
[HEARTBEAT] events=27475 decisions=61 live_orders=0 tested_orders=1
[HEARTBEAT] events=27500 decisions=61 live_orders=0 tested_orders=1
[HEARTBEAT] events=27525 decisions=61 live_orders=0 tested_orders=1
[HEARTBEAT] events=27550 decisions=61 live_orders=0 tested_orders=1
[HEARTBEAT] events=27575 decisions=61 live_orders=0 tested_orders=1
[HEARTBEAT] events=27600 decisions=61 live_orders=0 tested_orders=1
[HEARTBEAT] events=27625 decisions=61 live_orders=0 tested_orders=1
[HEARTBEAT] events=27650 decisions=61 live_orders=0 tested_orders=1
[HEARTBEAT] events=27675 decisions=61 live_orders=0 tested_orders=1
[HEARTBEAT] events=27700 decisions=61 live_orders=0 tested_orders=1
[HEARTBEAT] events=27725 decisions=61 live_orders=0 tested_orders=1
[HEARTBEAT] events=27750 decisions=61 live_orders=0 tested_orders=1
[HEARTBEAT] events=27775 decisions=61 live_orders=0 tested_orders=1
[HEARTBEAT] events=27800 decisions=61 live_orders=0 tested_orders=1
[HEARTBEAT] events=27825 decisions=61 live_orders=0 tested_orders=1
[HEARTBEAT] events=27850 decisions=61 live_orders=0 tested_orders=1
[HEARTBEAT] events=27875 decisions=61 live_orders=0 tested_orders=1
[HEARTBEAT] events=27900 decisions=61 live_orders=0 tested_orders=1
[HEARTBEAT] events=27925 decisions=61 live_orders=0 tested_orders=1
[HEARTBEAT] events=27950 decisions=61 live_orders=0 tested_orders=1
[HEARTBEAT] events=27975 decisions=61 live_orders=0 tested_orders=1
[HEARTBEAT] events=28000 decisions=61 live_orders=0 tested_orders=1
[HEARTBEAT] events=28025 decisions=61 live_orders=0 tested_orders=1
[HEARTBEAT] events=28050 decisions=61 live_orders=0 tested_orders=1
[SYNC] 2026-04-20T07:03:24.499462+00:00 account/open-order snapshot refreshed
[HEARTBEAT] events=28075 decisions=61 live_orders=0 tested_orders=1
[HEARTBEAT] events=28100 decisions=61 live_orders=0 tested_orders=1
[HEARTBEAT] events=28125 decisions=61 live_orders=0 tested_orders=1
[HEARTBEAT] events=28150 decisions=61 live_orders=0 tested_orders=1
[HEARTBEAT] events=28175 decisions=61 live_orders=0 tested_orders=1
[HEARTBEAT] events=28200 decisions=61 live_orders=0 tested_orders=1
[HEARTBEAT] events=28225 decisions=61 live_orders=0 tested_orders=1
[HEARTBEAT] events=28250 decisions=61 live_orders=0 tested_orders=1
[HEARTBEAT] events=28275 decisions=61 live_orders=0 tested_orders=1
[HEARTBEAT] events=28300 decisions=61 live_orders=0 tested_orders=1
[HEARTBEAT] events=28325 decisions=61 live_orders=0 tested_orders=1
[HEARTBEAT] events=28350 decisions=61 live_orders=0 tested_orders=1
[HEARTBEAT] events=28375 decisions=61 live_orders=0 tested_orders=1
[HEARTBEAT] events=28400 decisions=61 live_orders=0 tested_orders=1
[HEARTBEAT] events=28425 decisions=61 live_orders=0 tested_orders=1
[HEARTBEAT] events=28450 decisions=61 live_orders=0 tested_orders=1
[HEARTBEAT] events=28475 decisions=61 live_orders=0 tested_orders=1
[HEARTBEAT] events=28500 decisions=61 live_orders=0 tested_orders=1
[HEARTBEAT] events=28525 decisions=61 live_orders=0 tested_orders=1
[HEARTBEAT] events=28550 decisions=61 live_orders=0 tested_orders=1
[HEARTBEAT] events=28575 decisions=61 live_orders=0 tested_orders=1
[HEARTBEAT] events=28600 decisions=61 live_orders=0 tested_orders=1
[HEARTBEAT] events=28625 decisions=61 live_orders=0 tested_orders=1
[HEARTBEAT] events=28650 decisions=61 live_orders=0 tested_orders=1
[HEARTBEAT] events=28675 decisions=61 live_orders=0 tested_orders=1
[HEARTBEAT] events=28700 decisions=61 live_orders=0 tested_orders=1
[HEARTBEAT] events=28725 decisions=61 live_orders=0 tested_orders=1
[DECISION] 2026-04-20T07:04:00+00:00 SOLUSDT mode=futures side=long score=76.09
[SUBMISSION_GATE] SOLUSDT allow=False can_open=True existing=yes pending_external=False order_cooldown=False manual_cooldown=False live_allowed=True
[EXEC_PREFLIGHT] SOLUSDT allow=False live_allowed=True managed=futures:599.83 prepared=futures:599.83 reasons=none
[HEARTBEAT] events=28750 decisions=62 live_orders=0 tested_orders=1
[HEARTBEAT] events=28775 decisions=62 live_orders=0 tested_orders=1
[HEARTBEAT] events=28800 decisions=62 live_orders=0 tested_orders=1
[HEARTBEAT] events=28825 decisions=62 live_orders=0 tested_orders=1
[HEARTBEAT] events=28850 decisions=62 live_orders=0 tested_orders=1
[HEARTBEAT] events=28875 decisions=62 live_orders=0 tested_orders=1
[HEARTBEAT] events=28900 decisions=62 live_orders=0 tested_orders=1
[HEARTBEAT] events=28925 decisions=62 live_orders=0 tested_orders=1
[HEARTBEAT] events=28950 decisions=62 live_orders=0 tested_orders=1
[HEARTBEAT] events=28975 decisions=62 live_orders=0 tested_orders=1
[HEARTBEAT] events=29000 decisions=62 live_orders=0 tested_orders=1
[HEARTBEAT] events=29025 decisions=62 live_orders=0 tested_orders=1
[HEARTBEAT] events=29050 decisions=62 live_orders=0 tested_orders=1
[ERROR] websocket attempt=5 error=no close frame received or sent
[RETRY] attempt=6 sleeping=16.00s
[CONNECT] websocket attempt=6
[SYNC] 2026-04-20T07:04:33.754391+00:00 account/open-order snapshot refreshed
[HEARTBEAT] events=29075 decisions=62 live_orders=0 tested_orders=1
[HEARTBEAT] events=29100 decisions=62 live_orders=0 tested_orders=1
[HEARTBEAT] events=29125 decisions=62 live_orders=0 tested_orders=1
[HEARTBEAT] events=29150 decisions=62 live_orders=0 tested_orders=1
[HEARTBEAT] events=29175 decisions=62 live_orders=0 tested_orders=1
[HEARTBEAT] events=29200 decisions=62 live_orders=0 tested_orders=1
[HEARTBEAT] events=29225 decisions=62 live_orders=0 tested_orders=1
[HEARTBEAT] events=29250 decisions=62 live_orders=0 tested_orders=1
[HEARTBEAT] events=29275 decisions=62 live_orders=0 tested_orders=1
[HEARTBEAT] events=29300 decisions=62 live_orders=0 tested_orders=1
[HEARTBEAT] events=29325 decisions=62 live_orders=0 tested_orders=1
[HEARTBEAT] events=29350 decisions=62 live_orders=0 tested_orders=1
[HEARTBEAT] events=29375 decisions=62 live_orders=0 tested_orders=1
[HEARTBEAT] events=29400 decisions=62 live_orders=0 tested_orders=1
[HEARTBEAT] events=29425 decisions=62 live_orders=0 tested_orders=1
[HEARTBEAT] events=29450 decisions=62 live_orders=0 tested_orders=1
[HEARTBEAT] events=29475 decisions=62 live_orders=0 tested_orders=1
[HEARTBEAT] events=29500 decisions=62 live_orders=0 tested_orders=1
[HEARTBEAT] events=29525 decisions=62 live_orders=0 tested_orders=1
[HEARTBEAT] events=29550 decisions=62 live_orders=0 tested_orders=1
[HEARTBEAT] events=29575 decisions=62 live_orders=0 tested_orders=1
[HEARTBEAT] events=29600 decisions=62 live_orders=0 tested_orders=1
[HEARTBEAT] events=29625 decisions=62 live_orders=0 tested_orders=1
[HEARTBEAT] events=29650 decisions=62 live_orders=0 tested_orders=1
[DECISION] 2026-04-20T06:53:00+00:00 SOLUSDT mode=cash side=flat score=77.98
[SUBMISSION_GATE] SOLUSDT allow=False can_open=True existing=yes pending_external=False order_cooldown=False manual_cooldown=False live_allowed=True
[EXEC_PREFLIGHT] SOLUSDT allow=False live_allowed=True managed=cash:0.00 prepared=cash:0.00 reasons=DIRECTION_CONFLICT,EDGE_BELOW_COST,LIQUIDITY_TOO_WEAK,SCORE_TOO_LOW,SUPPORT_NOT_CONFIRMED
[DECISION] 2026-04-20T06:54:00+00:00 SOLUSDT mode=cash side=flat score=77.99
[SUBMISSION_GATE] SOLUSDT allow=False can_open=True existing=yes pending_external=False order_cooldown=False manual_cooldown=False live_allowed=True
[EXEC_PREFLIGHT] SOLUSDT allow=False live_allowed=True managed=cash:0.00 prepared=cash:0.00 reasons=DIRECTION_CONFLICT,EDGE_BELOW_COST,LIQUIDITY_TOO_WEAK,SCORE_TOO_LOW,SUPPORT_NOT_CONFIRMED
[DECISION] 2026-04-20T06:55:00+00:00 SOLUSDT mode=cash side=flat score=77.98
[SUBMISSION_GATE] SOLUSDT allow=False can_open=True existing=yes pending_external=False order_cooldown=False manual_cooldown=False live_allowed=True
[EXEC_PREFLIGHT] SOLUSDT allow=False live_allowed=True managed=cash:0.00 prepared=cash:0.00 reasons=DIRECTION_CONFLICT,EDGE_BELOW_COST,LIQUIDITY_TOO_WEAK,SCORE_TOO_LOW,SUPPORT_NOT_CONFIRMED
[DECISION] 2026-04-20T06:56:00+00:00 SOLUSDT mode=cash side=flat score=77.98
[SUBMISSION_GATE] SOLUSDT allow=False can_open=True existing=yes pending_external=False order_cooldown=False manual_cooldown=False live_allowed=True
[EXEC_PREFLIGHT] SOLUSDT allow=False live_allowed=True managed=cash:0.00 prepared=cash:0.00 reasons=DIRECTION_CONFLICT,EDGE_BELOW_COST,LIQUIDITY_TOO_WEAK,SCORE_TOO_LOW,SUPPORT_NOT_CONFIRMED
[DECISION] 2026-04-20T06:57:00+00:00 SOLUSDT mode=cash side=flat score=60.24
[SUBMISSION_GATE] SOLUSDT allow=False can_open=True existing=yes pending_external=False order_cooldown=False manual_cooldown=False live_allowed=True
[EXEC_PREFLIGHT] SOLUSDT allow=False live_allowed=True managed=cash:0.00 prepared=cash:0.00 reasons=DIRECTION_CONFLICT,EDGE_BELOW_COST,LIQUIDITY_TOO_WEAK,SCORE_TOO_LOW,SUPPORT_NOT_CONFIRMED
[DECISION] 2026-04-20T06:58:00+00:00 SOLUSDT mode=futures side=long score=73.19
[SUBMISSION_GATE] SOLUSDT allow=False can_open=True existing=yes pending_external=False order_cooldown=False manual_cooldown=False live_allowed=True
[EXEC_PREFLIGHT] SOLUSDT allow=False live_allowed=True managed=futures:599.52 prepared=futures:599.52 reasons=none
[DECISION] 2026-04-20T06:59:00+00:00 SOLUSDT mode=cash side=flat score=60.24
[SUBMISSION_GATE] SOLUSDT allow=False can_open=True existing=yes pending_external=False order_cooldown=False manual_cooldown=False live_allowed=True
[EXEC_PREFLIGHT] SOLUSDT allow=False live_allowed=True managed=cash:0.00 prepared=cash:0.00 reasons=DIRECTION_CONFLICT,EDGE_BELOW_COST,LIQUIDITY_TOO_WEAK,SCORE_TOO_LOW,SUPPORT_NOT_CONFIRMED
[DECISION] 2026-04-20T07:00:00+00:00 SOLUSDT mode=cash side=flat score=60.24
[SUBMISSION_GATE] SOLUSDT allow=False can_open=True existing=yes pending_external=False order_cooldown=False manual_cooldown=False live_allowed=True
[EXEC_PREFLIGHT] SOLUSDT allow=False live_allowed=True managed=cash:0.00 prepared=cash:0.00 reasons=DIRECTION_CONFLICT,EDGE_BELOW_COST,LIQUIDITY_TOO_WEAK,SCORE_TOO_LOW,SUPPORT_NOT_CONFIRMED
[DECISION] 2026-04-20T07:01:00+00:00 SOLUSDT mode=futures side=long score=73.19
[SUBMISSION_GATE] SOLUSDT allow=False can_open=True existing=yes pending_external=False order_cooldown=False manual_cooldown=False live_allowed=True
[EXEC_PREFLIGHT] SOLUSDT allow=False live_allowed=True managed=futures:599.52 prepared=futures:599.52 reasons=none
[DECISION] 2026-04-20T07:02:00+00:00 SOLUSDT mode=futures side=long score=73.19
[SUBMISSION_GATE] SOLUSDT allow=False can_open=True existing=yes pending_external=False order_cooldown=False manual_cooldown=False live_allowed=True
[EXEC_PREFLIGHT] SOLUSDT allow=False live_allowed=True managed=futures:599.52 prepared=futures:599.52 reasons=none
[DECISION] 2026-04-20T07:03:00+00:00 SOLUSDT mode=futures side=long score=73.19
[SUBMISSION_GATE] SOLUSDT allow=False can_open=True existing=yes pending_external=False order_cooldown=False manual_cooldown=False live_allowed=True
[EXEC_PREFLIGHT] SOLUSDT allow=False live_allowed=True managed=futures:599.52 prepared=futures:599.52 reasons=none
[DECISION] 2026-04-20T07:04:00+00:00 SOLUSDT mode=futures side=long score=73.19
[SUBMISSION_GATE] SOLUSDT allow=False can_open=True existing=yes pending_external=False order_cooldown=False manual_cooldown=False live_allowed=True
[EXEC_PREFLIGHT] SOLUSDT allow=False live_allowed=True managed=futures:599.52 prepared=futures:599.52 reasons=none
[HEARTBEAT] events=29675 decisions=74 live_orders=0 tested_orders=1
[HEARTBEAT] events=29700 decisions=74 live_orders=0 tested_orders=1
[HEARTBEAT] events=29725 decisions=74 live_orders=0 tested_orders=1
[HEARTBEAT] events=29750 decisions=74 live_orders=0 tested_orders=1
[HEARTBEAT] events=29775 decisions=74 live_orders=0 tested_orders=1
[HEARTBEAT] events=29800 decisions=74 live_orders=0 tested_orders=1
[HEARTBEAT] events=29825 decisions=74 live_orders=0 tested_orders=1
[HEARTBEAT] events=29850 decisions=74 live_orders=0 tested_orders=1
[HEARTBEAT] events=29875 decisions=74 live_orders=0 tested_orders=1
[HEARTBEAT] events=29900 decisions=74 live_orders=0 tested_orders=1
[HEARTBEAT] events=29925 decisions=74 live_orders=0 tested_orders=1
[HEARTBEAT] events=29950 decisions=74 live_orders=0 tested_orders=1
[HEARTBEAT] events=29975 decisions=74 live_orders=0 tested_orders=1
[HEARTBEAT] events=30000 decisions=74 live_orders=0 tested_orders=1
[HEARTBEAT] events=30025 decisions=74 live_orders=0 tested_orders=1
[HEARTBEAT] events=30050 decisions=74 live_orders=0 tested_orders=1
[HEARTBEAT] events=30075 decisions=74 live_orders=0 tested_orders=1
[HEARTBEAT] events=30100 decisions=74 live_orders=0 tested_orders=1
[HEARTBEAT] events=30125 decisions=74 live_orders=0 tested_orders=1
[HEARTBEAT] events=30150 decisions=74 live_orders=0 tested_orders=1
[HEARTBEAT] events=30175 decisions=74 live_orders=0 tested_orders=1
[HEARTBEAT] events=30200 decisions=74 live_orders=0 tested_orders=1
[HEARTBEAT] events=30225 decisions=74 live_orders=0 tested_orders=1
[HEARTBEAT] events=30250 decisions=74 live_orders=0 tested_orders=1
[HEARTBEAT] events=30275 decisions=74 live_orders=0 tested_orders=1
[HEARTBEAT] events=30300 decisions=74 live_orders=0 tested_orders=1
[HEARTBEAT] events=30325 decisions=74 live_orders=0 tested_orders=1
[HEARTBEAT] events=30350 decisions=74 live_orders=0 tested_orders=1
[HEARTBEAT] events=30375 decisions=74 live_orders=0 tested_orders=1
[HEARTBEAT] events=30400 decisions=74 live_orders=0 tested_orders=1
[HEARTBEAT] events=30425 decisions=74 live_orders=0 tested_orders=1
[HEARTBEAT] events=30450 decisions=74 live_orders=0 tested_orders=1
[HEARTBEAT] events=30475 decisions=74 live_orders=0 tested_orders=1
[HEARTBEAT] events=30500 decisions=74 live_orders=0 tested_orders=1
[HEARTBEAT] events=30525 decisions=74 live_orders=0 tested_orders=1
[HEARTBEAT] events=30550 decisions=74 live_orders=0 tested_orders=1
[HEARTBEAT] events=30575 decisions=74 live_orders=0 tested_orders=1
[HEARTBEAT] events=30600 decisions=74 live_orders=0 tested_orders=1
[HEARTBEAT] events=30625 decisions=74 live_orders=0 tested_orders=1
[HEARTBEAT] events=30650 decisions=74 live_orders=0 tested_orders=1
[DECISION] 2026-04-20T06:53:00+00:00 SOLUSDT mode=cash side=flat score=77.77
[SUBMISSION_GATE] SOLUSDT allow=False can_open=True existing=yes pending_external=False order_cooldown=False manual_cooldown=False live_allowed=True
[EXEC_PREFLIGHT] SOLUSDT allow=False live_allowed=True managed=cash:0.00 prepared=cash:0.00 reasons=DIRECTION_CONFLICT,EDGE_BELOW_COST,LIQUIDITY_TOO_WEAK,SCORE_TOO_LOW,SUPPORT_NOT_CONFIRMED
[DECISION] 2026-04-20T06:54:00+00:00 SOLUSDT mode=cash side=flat score=77.77
[SUBMISSION_GATE] SOLUSDT allow=False can_open=True existing=yes pending_external=False order_cooldown=False manual_cooldown=False live_allowed=True
[EXEC_PREFLIGHT] SOLUSDT allow=False live_allowed=True managed=cash:0.00 prepared=cash:0.00 reasons=DIRECTION_CONFLICT,EDGE_BELOW_COST,LIQUIDITY_TOO_WEAK,SCORE_TOO_LOW,SUPPORT_NOT_CONFIRMED
[DECISION] 2026-04-20T06:55:00+00:00 SOLUSDT mode=cash side=flat score=77.77
[SUBMISSION_GATE] SOLUSDT allow=False can_open=True existing=yes pending_external=False order_cooldown=False manual_cooldown=False live_allowed=True
[EXEC_PREFLIGHT] SOLUSDT allow=False live_allowed=True managed=cash:0.00 prepared=cash:0.00 reasons=DIRECTION_CONFLICT,EDGE_BELOW_COST,LIQUIDITY_TOO_WEAK,SCORE_TOO_LOW,SUPPORT_NOT_CONFIRMED
[DECISION] 2026-04-20T06:56:00+00:00 SOLUSDT mode=cash side=flat score=77.77
[SUBMISSION_GATE] SOLUSDT allow=False can_open=True existing=yes pending_external=False order_cooldown=False manual_cooldown=False live_allowed=True
[EXEC_PREFLIGHT] SOLUSDT allow=False live_allowed=True managed=cash:0.00 prepared=cash:0.00 reasons=DIRECTION_CONFLICT,EDGE_BELOW_COST,LIQUIDITY_TOO_WEAK,SCORE_TOO_LOW,SUPPORT_NOT_CONFIRMED
[DECISION] 2026-04-20T06:57:00+00:00 SOLUSDT mode=cash side=flat score=60.02
[SUBMISSION_GATE] SOLUSDT allow=False can_open=True existing=yes pending_external=False order_cooldown=False manual_cooldown=False live_allowed=True
[EXEC_PREFLIGHT] SOLUSDT allow=False live_allowed=True managed=cash:0.00 prepared=cash:0.00 reasons=DIRECTION_CONFLICT,EDGE_BELOW_COST,LIQUIDITY_TOO_WEAK,SCORE_TOO_LOW,SUPPORT_NOT_CONFIRMED
[DECISION] 2026-04-20T06:58:00+00:00 SOLUSDT mode=futures side=long score=72.97
[SUBMISSION_GATE] SOLUSDT allow=False can_open=True existing=yes pending_external=False order_cooldown=False manual_cooldown=False live_allowed=True
[EXEC_PREFLIGHT] SOLUSDT allow=False live_allowed=True managed=futures:599.52 prepared=futures:599.52 reasons=none
[DECISION] 2026-04-20T06:59:00+00:00 SOLUSDT mode=cash side=flat score=74.55
[SUBMISSION_GATE] SOLUSDT allow=False can_open=True existing=yes pending_external=False order_cooldown=False manual_cooldown=False live_allowed=True
[EXEC_PREFLIGHT] SOLUSDT allow=False live_allowed=True managed=cash:0.00 prepared=cash:0.00 reasons=DIRECTION_CONFLICT,EDGE_BELOW_COST,LIQUIDITY_TOO_WEAK,SCORE_TOO_LOW,SUPPORT_NOT_CONFIRMED
[DECISION] 2026-04-20T07:00:00+00:00 SOLUSDT mode=cash side=flat score=60.02
[SUBMISSION_GATE] SOLUSDT allow=False can_open=True existing=yes pending_external=False order_cooldown=False manual_cooldown=False live_allowed=True
[EXEC_PREFLIGHT] SOLUSDT allow=False live_allowed=True managed=cash:0.00 prepared=cash:0.00 reasons=DIRECTION_CONFLICT,EDGE_BELOW_COST,LIQUIDITY_TOO_WEAK,SCORE_TOO_LOW,SUPPORT_NOT_CONFIRMED
[DECISION] 2026-04-20T07:01:00+00:00 SOLUSDT mode=futures side=long score=72.97
[SUBMISSION_GATE] SOLUSDT allow=False can_open=True existing=yes pending_external=False order_cooldown=False manual_cooldown=False live_allowed=True
[EXEC_PREFLIGHT] SOLUSDT allow=False live_allowed=True managed=futures:599.52 prepared=futures:599.52 reasons=none
[DECISION] 2026-04-20T07:02:00+00:00 SOLUSDT mode=futures side=long score=72.97
[SUBMISSION_GATE] SOLUSDT allow=False can_open=True existing=yes pending_external=False order_cooldown=False manual_cooldown=False live_allowed=True
[EXEC_PREFLIGHT] SOLUSDT allow=False live_allowed=True managed=futures:599.52 prepared=futures:599.52 reasons=none
[DECISION] 2026-04-20T07:03:00+00:00 SOLUSDT mode=futures side=long score=72.97
[SUBMISSION_GATE] SOLUSDT allow=False can_open=True existing=yes pending_external=False order_cooldown=False manual_cooldown=False live_allowed=True
[EXEC_PREFLIGHT] SOLUSDT allow=False live_allowed=True managed=futures:599.52 prepared=futures:599.52 reasons=none
[DECISION] 2026-04-20T07:04:00+00:00 SOLUSDT mode=futures side=long score=72.97
[SUBMISSION_GATE] SOLUSDT allow=False can_open=True existing=yes pending_external=False order_cooldown=False manual_cooldown=False live_allowed=True
[EXEC_PREFLIGHT] SOLUSDT allow=False live_allowed=True managed=futures:599.52 prepared=futures:599.52 reasons=none
[HEARTBEAT] events=30675 decisions=86 live_orders=0 tested_orders=1
[DECISION] 2026-04-20T07:05:00+00:00 SOLUSDT mode=futures side=long score=73.86
[SUBMISSION_GATE] SOLUSDT allow=False can_open=True existing=yes pending_external=False order_cooldown=False manual_cooldown=False live_allowed=True
[EXEC_PREFLIGHT] SOLUSDT allow=False live_allowed=True managed=futures:599.52 prepared=futures:599.52 reasons=none
[HEARTBEAT] events=30700 decisions=87 live_orders=0 tested_orders=1
[HEARTBEAT] events=30725 decisions=87 live_orders=0 tested_orders=1
[HEARTBEAT] events=30750 decisions=87 live_orders=0 tested_orders=1
[HEARTBEAT] events=30775 decisions=87 live_orders=0 tested_orders=1
[HEARTBEAT] events=30800 decisions=87 live_orders=0 tested_orders=1
[HEARTBEAT] events=30825 decisions=87 live_orders=0 tested_orders=1
[HEARTBEAT] events=30850 decisions=87 live_orders=0 tested_orders=1
[HEARTBEAT] events=30875 decisions=87 live_orders=0 tested_orders=1
[HEARTBEAT] events=30900 decisions=87 live_orders=0 tested_orders=1
[HEARTBEAT] events=30925 decisions=87 live_orders=0 tested_orders=1
[HEARTBEAT] events=30950 decisions=87 live_orders=0 tested_orders=1
[HEARTBEAT] events=30975 decisions=87 live_orders=0 tested_orders=1
[HEARTBEAT] events=31000 decisions=87 live_orders=0 tested_orders=1
[HEARTBEAT] events=31025 decisions=87 live_orders=0 tested_orders=1
[HEARTBEAT] events=31050 decisions=87 live_orders=0 tested_orders=1
[HEARTBEAT] events=31075 decisions=87 live_orders=0 tested_orders=1
[HEARTBEAT] events=31100 decisions=87 live_orders=0 tested_orders=1
[HEARTBEAT] events=31125 decisions=87 live_orders=0 tested_orders=1
[HEARTBEAT] events=31150 decisions=87 live_orders=0 tested_orders=1
[HEARTBEAT] events=31175 decisions=87 live_orders=0 tested_orders=1
[HEARTBEAT] events=31200 decisions=87 live_orders=0 tested_orders=1
[HEARTBEAT] events=31225 decisions=87 live_orders=0 tested_orders=1
[HEARTBEAT] events=31250 decisions=87 live_orders=0 tested_orders=1
[HEARTBEAT] events=31275 decisions=87 live_orders=0 tested_orders=1
[HEARTBEAT] events=31300 decisions=87 live_orders=0 tested_orders=1
[HEARTBEAT] events=31325 decisions=87 live_orders=0 tested_orders=1
[HEARTBEAT] events=31350 decisions=87 live_orders=0 tested_orders=1
[HEARTBEAT] events=31375 decisions=87 live_orders=0 tested_orders=1
[HEARTBEAT] events=31400 decisions=87 live_orders=0 tested_orders=1
[HEARTBEAT] events=31425 decisions=87 live_orders=0 tested_orders=1
[HEARTBEAT] events=31450 decisions=87 live_orders=0 tested_orders=1
[HEARTBEAT] events=31475 decisions=87 live_orders=0 tested_orders=1
[HEARTBEAT] events=31500 decisions=87 live_orders=0 tested_orders=1
[HEARTBEAT] events=31525 decisions=87 live_orders=0 tested_orders=1
[HEARTBEAT] events=31550 decisions=87 live_orders=0 tested_orders=1
[HEARTBEAT] events=31575 decisions=87 live_orders=0 tested_orders=1
[HEARTBEAT] events=31600 decisions=87 live_orders=0 tested_orders=1
[HEARTBEAT] events=31625 decisions=87 live_orders=0 tested_orders=1
[HEARTBEAT] events=31650 decisions=87 live_orders=0 tested_orders=1
[HEARTBEAT] events=31675 decisions=87 live_orders=0 tested_orders=1
[HEARTBEAT] events=31700 decisions=87 live_orders=0 tested_orders=1
[HEARTBEAT] events=31725 decisions=87 live_orders=0 tested_orders=1
[HEARTBEAT] events=31750 decisions=87 live_orders=0 tested_orders=1
[HEARTBEAT] events=31775 decisions=87 live_orders=0 tested_orders=1
[HEARTBEAT] events=31800 decisions=87 live_orders=0 tested_orders=1
[HEARTBEAT] events=31825 decisions=87 live_orders=0 tested_orders=1
[HEARTBEAT] events=31850 decisions=87 live_orders=0 tested_orders=1
[HEARTBEAT] events=31875 decisions=87 live_orders=0 tested_orders=1
[HEARTBEAT] events=31900 decisions=87 live_orders=0 tested_orders=1
[HEARTBEAT] events=31925 decisions=87 live_orders=0 tested_orders=1
[HEARTBEAT] events=31950 decisions=87 live_orders=0 tested_orders=1
[HEARTBEAT] events=31975 decisions=87 live_orders=0 tested_orders=1
[HEARTBEAT] events=32000 decisions=87 live_orders=0 tested_orders=1
[HEARTBEAT] events=32025 decisions=87 live_orders=0 tested_orders=1
[HEARTBEAT] events=32050 decisions=87 live_orders=0 tested_orders=1
[HEARTBEAT] events=32075 decisions=87 live_orders=0 tested_orders=1
[HEARTBEAT] events=32100 decisions=87 live_orders=0 tested_orders=1
[HEARTBEAT] events=32125 decisions=87 live_orders=0 tested_orders=1
[HEARTBEAT] events=32150 decisions=87 live_orders=0 tested_orders=1
[HEARTBEAT] events=32175 decisions=87 live_orders=0 tested_orders=1
[HEARTBEAT] events=32200 decisions=87 live_orders=0 tested_orders=1
[HEARTBEAT] events=32225 decisions=87 live_orders=0 tested_orders=1
[HEARTBEAT] events=32250 decisions=87 live_orders=0 tested_orders=1
[HEARTBEAT] events=32275 decisions=87 live_orders=0 tested_orders=1
[HEARTBEAT] events=32300 decisions=87 live_orders=0 tested_orders=1
[HEARTBEAT] events=32325 decisions=87 live_orders=0 tested_orders=1
[HEARTBEAT] events=32350 decisions=87 live_orders=0 tested_orders=1
[HEARTBEAT] events=32375 decisions=87 live_orders=0 tested_orders=1
[HEARTBEAT] events=32400 decisions=87 live_orders=0 tested_orders=1
[HEARTBEAT] events=32425 decisions=87 live_orders=0 tested_orders=1
[HEARTBEAT] events=32450 decisions=87 live_orders=0 tested_orders=1
[HEARTBEAT] events=32475 decisions=87 live_orders=0 tested_orders=1
[HEARTBEAT] events=32500 decisions=87 live_orders=0 tested_orders=1
[HEARTBEAT] events=32525 decisions=87 live_orders=0 tested_orders=1
[HEARTBEAT] events=32550 decisions=87 live_orders=0 tested_orders=1
[HEARTBEAT] events=32575 decisions=87 live_orders=0 tested_orders=1
[HEARTBEAT] events=32600 decisions=87 live_orders=0 tested_orders=1
[HEARTBEAT] events=32625 decisions=87 live_orders=0 tested_orders=1
[HEARTBEAT] events=32650 decisions=87 live_orders=0 tested_orders=1
[HEARTBEAT] events=32675 decisions=87 live_orders=0 tested_orders=1
[HEARTBEAT] events=32700 decisions=87 live_orders=0 tested_orders=1
[HEARTBEAT] events=32725 decisions=87 live_orders=0 tested_orders=1
[HEARTBEAT] events=32750 decisions=87 live_orders=0 tested_orders=1
[HEARTBEAT] events=32775 decisions=87 live_orders=0 tested_orders=1
[HEARTBEAT] events=32800 decisions=87 live_orders=0 tested_orders=1
[HEARTBEAT] events=32825 decisions=87 live_orders=0 tested_orders=1
[HEARTBEAT] events=32850 decisions=87 live_orders=0 tested_orders=1
[HEARTBEAT] events=32875 decisions=87 live_orders=0 tested_orders=1
[HEARTBEAT] events=32900 decisions=87 live_orders=0 tested_orders=1
[HEARTBEAT] events=32925 decisions=87 live_orders=0 tested_orders=1
[HEARTBEAT] events=32950 decisions=87 live_orders=0 tested_orders=1
[HEARTBEAT] events=32975 decisions=87 live_orders=0 tested_orders=1
[HEARTBEAT] events=33000 decisions=87 live_orders=0 tested_orders=1
[HEARTBEAT] events=33025 decisions=87 live_orders=0 tested_orders=1
[HEARTBEAT] events=33050 decisions=87 live_orders=0 tested_orders=1
[HEARTBEAT] events=33075 decisions=87 live_orders=0 tested_orders=1
[SYNC] 2026-04-20T07:05:33.795137+00:00 account/open-order snapshot refreshed
[HEARTBEAT] events=33100 decisions=87 live_orders=0 tested_orders=1
[HEARTBEAT] events=33125 decisions=87 live_orders=0 tested_orders=1
[HEARTBEAT] events=33150 decisions=87 live_orders=0 tested_orders=1
[HEARTBEAT] events=33175 decisions=87 live_orders=0 tested_orders=1
[HEARTBEAT] events=33200 decisions=87 live_orders=0 tested_orders=1
[HEARTBEAT] events=33225 decisions=87 live_orders=0 tested_orders=1
[HEARTBEAT] events=33250 decisions=87 live_orders=0 tested_orders=1
[HEARTBEAT] events=33275 decisions=87 live_orders=0 tested_orders=1
[HEARTBEAT] events=33300 decisions=87 live_orders=0 tested_orders=1
[HEARTBEAT] events=33325 decisions=87 live_orders=0 tested_orders=1
[HEARTBEAT] events=33350 decisions=87 live_orders=0 tested_orders=1
[HEARTBEAT] events=33375 decisions=87 live_orders=0 tested_orders=1
[HEARTBEAT] events=33400 decisions=87 live_orders=0 tested_orders=1
[HEARTBEAT] events=33425 decisions=87 live_orders=0 tested_orders=1
[HEARTBEAT] events=33450 decisions=87 live_orders=0 tested_orders=1
[HEARTBEAT] events=33475 decisions=87 live_orders=0 tested_orders=1
[DECISION] 2026-04-20T07:06:00+00:00 SOLUSDT mode=futures side=long score=73.70
[SUBMISSION_GATE] SOLUSDT allow=False can_open=True existing=yes pending_external=False order_cooldown=False manual_cooldown=False live_allowed=True
[EXEC_PREFLIGHT] SOLUSDT allow=False live_allowed=True managed=futures:600.00 prepared=futures:600.00 reasons=none
[HEARTBEAT] events=33500 decisions=88 live_orders=0 tested_orders=1
[HEARTBEAT] events=33525 decisions=88 live_orders=0 tested_orders=1
[HEARTBEAT] events=33550 decisions=88 live_orders=0 tested_orders=1
[HEARTBEAT] events=33575 decisions=88 live_orders=0 tested_orders=1
[HEARTBEAT] events=33600 decisions=88 live_orders=0 tested_orders=1
[HEARTBEAT] events=33625 decisions=88 live_orders=0 tested_orders=1
[HEARTBEAT] events=33650 decisions=88 live_orders=0 tested_orders=1
[HEARTBEAT] events=33675 decisions=88 live_orders=0 tested_orders=1
[HEARTBEAT] events=33700 decisions=88 live_orders=0 tested_orders=1
[HEARTBEAT] events=33725 decisions=88 live_orders=0 tested_orders=1
[HEARTBEAT] events=33750 decisions=88 live_orders=0 tested_orders=1
[HEARTBEAT] events=33775 decisions=88 live_orders=0 tested_orders=1
[HEARTBEAT] events=33800 decisions=88 live_orders=0 tested_orders=1
[HEARTBEAT] events=33825 decisions=88 live_orders=0 tested_orders=1
[HEARTBEAT] events=33850 decisions=88 live_orders=0 tested_orders=1
[HEARTBEAT] events=33875 decisions=88 live_orders=0 tested_orders=1
[HEARTBEAT] events=33900 decisions=88 live_orders=0 tested_orders=1
[HEARTBEAT] events=33925 decisions=88 live_orders=0 tested_orders=1
[HEARTBEAT] events=33950 decisions=88 live_orders=0 tested_orders=1
[HEARTBEAT] events=33975 decisions=88 live_orders=0 tested_orders=1
[HEARTBEAT] events=34000 decisions=88 live_orders=0 tested_orders=1
[HEARTBEAT] events=34025 decisions=88 live_orders=0 tested_orders=1
[SYNC] 2026-04-20T07:06:33.806169+00:00 account/open-order snapshot refreshed
[HEARTBEAT] events=34050 decisions=88 live_orders=0 tested_orders=1
[HEARTBEAT] events=34075 decisions=88 live_orders=0 tested_orders=1
[HEARTBEAT] events=34100 decisions=88 live_orders=0 tested_orders=1
[HEARTBEAT] events=34125 decisions=88 live_orders=0 tested_orders=1
[HEARTBEAT] events=34150 decisions=88 live_orders=0 tested_orders=1
[HEARTBEAT] events=34175 decisions=88 live_orders=0 tested_orders=1
[HEARTBEAT] events=34200 decisions=88 live_orders=0 tested_orders=1
[ERROR] websocket attempt=6 error=no close frame received or sent
[RETRY] attempt=7 sleeping=30.00s
[HEARTBEAT] events=34225 decisions=88 live_orders=0 tested_orders=1
[HEARTBEAT] events=34250 decisions=88 live_orders=0 tested_orders=1
[CONNECT] websocket attempt=7
[DECISION] 2026-04-20T07:07:00+00:00 SOLUSDT mode=futures side=long score=75.14
[SUBMISSION_GATE] SOLUSDT allow=False can_open=True existing=yes pending_external=False order_cooldown=False manual_cooldown=False live_allowed=True
[EXEC_PREFLIGHT] SOLUSDT allow=False live_allowed=True managed=futures:599.79 prepared=futures:599.79 reasons=none
