[daemon] equity auto-detected: $5.40 USDT ¡æ capacity: $162.10 (was $10,000 / $5,000 defaults)
[daemon] paper verification equity override: $50.00 USDT -> capacity: $1500.00
[DECISION] 2026-04-21T05:22:00+00:00 DOGEUSDT mode=cash side=flat score=50.45
[DECISION] 2026-04-21T05:22:00+00:00 ETHUSDT mode=cash side=flat score=46.10
[DECISION] 2026-04-21T05:22:00+00:00 PEPEUSDT mode=futures side=long score=68.85
[DECISION] 2026-04-21T05:22:00+00:00 SOLUSDT mode=cash side=flat score=45.45
[SUBMISSION_GATE] DOGEUSDT allow=False can_open=True existing=no pending_external=False order_cooldown=False manual_cooldown=False live_allowed=True
[EXEC_PREFLIGHT] DOGEUSDT allow=False live_allowed=True managed=cash:0.00 prepared=cash:0.00 reasons=BUYING_INTO_RESISTANCE,DIRECTION_CONFLICT,EDGE_BELOW_COST,EDGE_TOO_THIN,LIQUIDITY_TOO_WEAK,SCORE_TOO_LOW
[SUBMISSION_GATE] ETHUSDT allow=False can_open=True existing=no pending_external=False order_cooldown=False manual_cooldown=False live_allowed=True
[EXEC_PREFLIGHT] ETHUSDT allow=False live_allowed=True managed=cash:0.00 prepared=cash:0.00 reasons=DIRECTION_CONFLICT,EDGE_BELOW_COST,EDGE_TOO_THIN,LIQUIDITY_TOO_WEAK,SCORE_TOO_LOW,SENTIMENT_CAUTION
[SUBMISSION_GATE] PEPEUSDT allow=False can_open=True existing=no pending_external=False order_cooldown=False manual_cooldown=False live_allowed=True
[EXEC_PREFLIGHT] PEPEUSDT allow=False live_allowed=True managed=cash:0.00 prepared=cash:0.00 reasons=HIGH_CONVICTION_RECENT_LONG_CONFIRMATION_REQUIRED
[SUBMISSION_GATE] SOLUSDT allow=False can_open=True existing=no pending_external=False order_cooldown=False manual_cooldown=False live_allowed=True
[EXEC_PREFLIGHT] SOLUSDT allow=False live_allowed=True managed=cash:0.00 prepared=cash:0.00 reasons=BUYING_INTO_RESISTANCE,DIRECTION_CONFLICT,EDGE_BELOW_COST,EDGE_TOO_THIN,LIQUIDITY_TOO_WEAK,SCORE_TOO_LOW,SUPPORT_NOT_CONFIRMED
[CONNECT] websocket attempt=1
[HEARTBEAT] events=25 decisions=4 live_orders=0 tested_orders=0
[HEARTBEAT] events=50 decisions=4 live_orders=0 tested_orders=0
[HEARTBEAT] events=75 decisions=4 live_orders=0 tested_orders=0
[HEARTBEAT] events=100 decisions=4 live_orders=0 tested_orders=0
[HEARTBEAT] events=125 decisions=4 live_orders=0 tested_orders=0
[HEARTBEAT] events=150 decisions=4 live_orders=0 tested_orders=0
[HEARTBEAT] events=175 decisions=4 live_orders=0 tested_orders=0
[HEARTBEAT] events=200 decisions=4 live_orders=0 tested_orders=0
[HEARTBEAT] events=225 decisions=4 live_orders=0 tested_orders=0
[HEARTBEAT] events=250 decisions=4 live_orders=0 tested_orders=0
[HEARTBEAT] events=275 decisions=4 live_orders=0 tested_orders=0
[HEARTBEAT] events=300 decisions=4 live_orders=0 tested_orders=0
[HEARTBEAT] events=325 decisions=4 live_orders=0 tested_orders=0
[HEARTBEAT] events=350 decisions=4 live_orders=0 tested_orders=0
[HEARTBEAT] events=375 decisions=4 live_orders=0 tested_orders=0
[HEARTBEAT] events=400 decisions=4 live_orders=0 tested_orders=0
[HEARTBEAT] events=425 decisions=4 live_orders=0 tested_orders=0
[HEARTBEAT] events=450 decisions=4 live_orders=0 tested_orders=0
[HEARTBEAT] events=475 decisions=4 live_orders=0 tested_orders=0
[HEARTBEAT] events=500 decisions=4 live_orders=0 tested_orders=0
[HEARTBEAT] events=525 decisions=4 live_orders=0 tested_orders=0
[HEARTBEAT] events=550 decisions=4 live_orders=0 tested_orders=0
[HEARTBEAT] events=575 decisions=4 live_orders=0 tested_orders=0
[HEARTBEAT] events=600 decisions=4 live_orders=0 tested_orders=0
[HEARTBEAT] events=625 decisions=4 live_orders=0 tested_orders=0
[HEARTBEAT] events=650 decisions=4 live_orders=0 tested_orders=0
[HEARTBEAT] events=675 decisions=4 live_orders=0 tested_orders=0
[HEARTBEAT] events=700 decisions=4 live_orders=0 tested_orders=0
[HEARTBEAT] events=725 decisions=4 live_orders=0 tested_orders=0
[HEARTBEAT] events=750 decisions=4 live_orders=0 tested_orders=0
[HEARTBEAT] events=775 decisions=4 live_orders=0 tested_orders=0
[HEARTBEAT] events=800 decisions=4 live_orders=0 tested_orders=0
[HEARTBEAT] events=825 decisions=4 live_orders=0 tested_orders=0
[HEARTBEAT] events=850 decisions=4 live_orders=0 tested_orders=0
[HEARTBEAT] events=875 decisions=4 live_orders=0 tested_orders=0
[HEARTBEAT] events=900 decisions=4 live_orders=0 tested_orders=0
[HEARTBEAT] events=925 decisions=4 live_orders=0 tested_orders=0
[HEARTBEAT] events=950 decisions=4 live_orders=0 tested_orders=0
[HEARTBEAT] events=975 decisions=4 live_orders=0 tested_orders=0
[HEARTBEAT] events=1000 decisions=4 live_orders=0 tested_orders=0
[HEARTBEAT] events=1025 decisions=4 live_orders=0 tested_orders=0
[HEARTBEAT] events=1050 decisions=4 live_orders=0 tested_orders=0
[HEARTBEAT] events=1075 decisions=4 live_orders=0 tested_orders=0
[HEARTBEAT] events=1100 decisions=4 live_orders=0 tested_orders=0
[HEARTBEAT] events=1125 decisions=4 live_orders=0 tested_orders=0
[HEARTBEAT] events=1150 decisions=4 live_orders=0 tested_orders=0
[HEARTBEAT] events=1175 decisions=4 live_orders=0 tested_orders=0
[HEARTBEAT] events=1200 decisions=4 live_orders=0 tested_orders=0
[HEARTBEAT] events=1225 decisions=4 live_orders=0 tested_orders=0
[HEARTBEAT] events=1250 decisions=4 live_orders=0 tested_orders=0
[HEARTBEAT] events=1275 decisions=4 live_orders=0 tested_orders=0
[HEARTBEAT] events=1300 decisions=4 live_orders=0 tested_orders=0
[HEARTBEAT] events=1325 decisions=4 live_orders=0 tested_orders=0
[HEARTBEAT] events=1350 decisions=4 live_orders=0 tested_orders=0
[HEARTBEAT] events=1375 decisions=4 live_orders=0 tested_orders=0
[HEARTBEAT] events=1400 decisions=4 live_orders=0 tested_orders=0
[HEARTBEAT] events=1425 decisions=4 live_orders=0 tested_orders=0
[HEARTBEAT] events=1450 decisions=4 live_orders=0 tested_orders=0
[HEARTBEAT] events=1475 decisions=4 live_orders=0 tested_orders=0
[HEARTBEAT] events=1500 decisions=4 live_orders=0 tested_orders=0
[HEARTBEAT] events=1525 decisions=4 live_orders=0 tested_orders=0
[HEARTBEAT] events=1550 decisions=4 live_orders=0 tested_orders=0
[HEARTBEAT] events=1575 decisions=4 live_orders=0 tested_orders=0
[HEARTBEAT] events=1600 decisions=4 live_orders=0 tested_orders=0
[HEARTBEAT] events=1625 decisions=4 live_orders=0 tested_orders=0
[HEARTBEAT] events=1650 decisions=4 live_orders=0 tested_orders=0
[HEARTBEAT] events=1675 decisions=4 live_orders=0 tested_orders=0
[HEARTBEAT] events=1700 decisions=4 live_orders=0 tested_orders=0
[HEARTBEAT] events=1725 decisions=4 live_orders=0 tested_orders=0
[HEARTBEAT] events=1750 decisions=4 live_orders=0 tested_orders=0
[HEARTBEAT] events=1775 decisions=4 live_orders=0 tested_orders=0
[HEARTBEAT] events=1800 decisions=4 live_orders=0 tested_orders=0
[HEARTBEAT] events=1825 decisions=4 live_orders=0 tested_orders=0
[HEARTBEAT] events=1850 decisions=4 live_orders=0 tested_orders=0
[HEARTBEAT] events=1875 decisions=4 live_orders=0 tested_orders=0
[HEARTBEAT] events=1900 decisions=4 live_orders=0 tested_orders=0
[HEARTBEAT] events=1925 decisions=4 live_orders=0 tested_orders=0
[HEARTBEAT] events=1950 decisions=4 live_orders=0 tested_orders=0
[HEARTBEAT] events=1975 decisions=4 live_orders=0 tested_orders=0
[HEARTBEAT] events=2000 decisions=4 live_orders=0 tested_orders=0
[HEARTBEAT] events=2025 decisions=4 live_orders=0 tested_orders=0
[HEARTBEAT] events=2050 decisions=4 live_orders=0 tested_orders=0
[HEARTBEAT] events=2075 decisions=4 live_orders=0 tested_orders=0
[HEARTBEAT] events=2100 decisions=4 live_orders=0 tested_orders=0
[HEARTBEAT] events=2125 decisions=4 live_orders=0 tested_orders=0
[HEARTBEAT] events=2150 decisions=4 live_orders=0 tested_orders=0
[HEARTBEAT] events=2175 decisions=4 live_orders=0 tested_orders=0
[HEARTBEAT] events=2200 decisions=4 live_orders=0 tested_orders=0
[HEARTBEAT] events=2225 decisions=4 live_orders=0 tested_orders=0
[HEARTBEAT] events=2250 decisions=4 live_orders=0 tested_orders=0
[HEARTBEAT] events=2275 decisions=4 live_orders=0 tested_orders=0
[HEARTBEAT] events=2300 decisions=4 live_orders=0 tested_orders=0
[HEARTBEAT] events=2325 decisions=4 live_orders=0 tested_orders=0
[HEARTBEAT] events=2350 decisions=4 live_orders=0 tested_orders=0
[HEARTBEAT] events=2375 decisions=4 live_orders=0 tested_orders=0
[HEARTBEAT] events=2400 decisions=4 live_orders=0 tested_orders=0
[HEARTBEAT] events=2425 decisions=4 live_orders=0 tested_orders=0
[HEARTBEAT] events=2450 decisions=4 live_orders=0 tested_orders=0
[HEARTBEAT] events=2475 decisions=4 live_orders=0 tested_orders=0
[HEARTBEAT] events=2500 decisions=4 live_orders=0 tested_orders=0
[HEARTBEAT] events=2525 decisions=4 live_orders=0 tested_orders=0
[HEARTBEAT] events=2550 decisions=4 live_orders=0 tested_orders=0
[HEARTBEAT] events=2575 decisions=4 live_orders=0 tested_orders=0
[HEARTBEAT] events=2600 decisions=4 live_orders=0 tested_orders=0
[HEARTBEAT] events=2625 decisions=4 live_orders=0 tested_orders=0
[HEARTBEAT] events=2650 decisions=4 live_orders=0 tested_orders=0
[HEARTBEAT] events=2675 decisions=4 live_orders=0 tested_orders=0
[HEARTBEAT] events=2700 decisions=4 live_orders=0 tested_orders=0
[HEARTBEAT] events=2725 decisions=4 live_orders=0 tested_orders=0
[HEARTBEAT] events=2750 decisions=4 live_orders=0 tested_orders=0
[HEARTBEAT] events=2775 decisions=4 live_orders=0 tested_orders=0
[HEARTBEAT] events=2800 decisions=4 live_orders=0 tested_orders=0
[HEARTBEAT] events=2825 decisions=4 live_orders=0 tested_orders=0
[HEARTBEAT] events=2850 decisions=4 live_orders=0 tested_orders=0
[HEARTBEAT] events=2875 decisions=4 live_orders=0 tested_orders=0
[HEARTBEAT] events=2900 decisions=4 live_orders=0 tested_orders=0
[HEARTBEAT] events=2925 decisions=4 live_orders=0 tested_orders=0
[HEARTBEAT] events=2950 decisions=4 live_orders=0 tested_orders=0
[HEARTBEAT] events=2975 decisions=4 live_orders=0 tested_orders=0
[HEARTBEAT] events=3000 decisions=4 live_orders=0 tested_orders=0
[HEARTBEAT] events=3025 decisions=4 live_orders=0 tested_orders=0
[HEARTBEAT] events=3050 decisions=4 live_orders=0 tested_orders=0
[HEARTBEAT] events=3075 decisions=4 live_orders=0 tested_orders=0
[HEARTBEAT] events=3100 decisions=4 live_orders=0 tested_orders=0
[HEARTBEAT] events=3125 decisions=4 live_orders=0 tested_orders=0
[HEARTBEAT] events=3150 decisions=4 live_orders=0 tested_orders=0
[HEARTBEAT] events=3175 decisions=4 live_orders=0 tested_orders=0
[HEARTBEAT] events=3200 decisions=4 live_orders=0 tested_orders=0
[HEARTBEAT] events=3225 decisions=4 live_orders=0 tested_orders=0
[HEARTBEAT] events=3250 decisions=4 live_orders=0 tested_orders=0
[HEARTBEAT] events=3275 decisions=4 live_orders=0 tested_orders=0
[HEARTBEAT] events=3300 decisions=4 live_orders=0 tested_orders=0
[HEARTBEAT] events=3325 decisions=4 live_orders=0 tested_orders=0
[HEARTBEAT] events=3350 decisions=4 live_orders=0 tested_orders=0
[HEARTBEAT] events=3375 decisions=4 live_orders=0 tested_orders=0
[HEARTBEAT] events=3400 decisions=4 live_orders=0 tested_orders=0
[HEARTBEAT] events=3425 decisions=4 live_orders=0 tested_orders=0
[HEARTBEAT] events=3450 decisions=4 live_orders=0 tested_orders=0
[HEARTBEAT] events=3475 decisions=4 live_orders=0 tested_orders=0
[HEARTBEAT] events=3500 decisions=4 live_orders=0 tested_orders=0
[HEARTBEAT] events=3525 decisions=4 live_orders=0 tested_orders=0
[HEARTBEAT] events=3550 decisions=4 live_orders=0 tested_orders=0
[HEARTBEAT] events=3575 decisions=4 live_orders=0 tested_orders=0
[HEARTBEAT] events=3600 decisions=4 live_orders=0 tested_orders=0
[HEARTBEAT] events=3625 decisions=4 live_orders=0 tested_orders=0
[HEARTBEAT] events=3650 decisions=4 live_orders=0 tested_orders=0
[HEARTBEAT] events=3675 decisions=4 live_orders=0 tested_orders=0
[HEARTBEAT] events=3700 decisions=4 live_orders=0 tested_orders=0
[HEARTBEAT] events=3725 decisions=4 live_orders=0 tested_orders=0
[HEARTBEAT] events=3750 decisions=4 live_orders=0 tested_orders=0
[HEARTBEAT] events=3775 decisions=4 live_orders=0 tested_orders=0
[HEARTBEAT] events=3800 decisions=4 live_orders=0 tested_orders=0
[HEARTBEAT] events=3825 decisions=4 live_orders=0 tested_orders=0
[HEARTBEAT] events=3850 decisions=4 live_orders=0 tested_orders=0
[HEARTBEAT] events=3875 decisions=4 live_orders=0 tested_orders=0
[HEARTBEAT] events=3900 decisions=4 live_orders=0 tested_orders=0
[HEARTBEAT] events=3925 decisions=4 live_orders=0 tested_orders=0
[HEARTBEAT] events=3950 decisions=4 live_orders=0 tested_orders=0
[HEARTBEAT] events=3975 decisions=4 live_orders=0 tested_orders=0
[HEARTBEAT] events=4000 decisions=4 live_orders=0 tested_orders=0
[HEARTBEAT] events=4025 decisions=4 live_orders=0 tested_orders=0
[HEARTBEAT] events=4050 decisions=4 live_orders=0 tested_orders=0
[HEARTBEAT] events=4075 decisions=4 live_orders=0 tested_orders=0
[HEARTBEAT] events=4100 decisions=4 live_orders=0 tested_orders=0
[HEARTBEAT] events=4125 decisions=4 live_orders=0 tested_orders=0
[HEARTBEAT] events=4150 decisions=4 live_orders=0 tested_orders=0
[HEARTBEAT] events=4175 decisions=4 live_orders=0 tested_orders=0
[HEARTBEAT] events=4200 decisions=4 live_orders=0 tested_orders=0
[HEARTBEAT] events=4225 decisions=4 live_orders=0 tested_orders=0
[HEARTBEAT] events=4250 decisions=4 live_orders=0 tested_orders=0
[HEARTBEAT] events=4275 decisions=4 live_orders=0 tested_orders=0
[HEARTBEAT] events=4300 decisions=4 live_orders=0 tested_orders=0
[HEARTBEAT] events=4325 decisions=4 live_orders=0 tested_orders=0
[HEARTBEAT] events=4350 decisions=4 live_orders=0 tested_orders=0
[HEARTBEAT] events=4375 decisions=4 live_orders=0 tested_orders=0
[HEARTBEAT] events=4400 decisions=4 live_orders=0 tested_orders=0
[HEARTBEAT] events=4425 decisions=4 live_orders=0 tested_orders=0
[HEARTBEAT] events=4450 decisions=4 live_orders=0 tested_orders=0
[HEARTBEAT] events=4475 decisions=4 live_orders=0 tested_orders=0
[HEARTBEAT] events=4500 decisions=4 live_orders=0 tested_orders=0
[HEARTBEAT] events=4525 decisions=4 live_orders=0 tested_orders=0
[HEARTBEAT] events=4550 decisions=4 live_orders=0 tested_orders=0
[HEARTBEAT] events=4575 decisions=4 live_orders=0 tested_orders=0
[HEARTBEAT] events=4600 decisions=4 live_orders=0 tested_orders=0
[HEARTBEAT] events=4625 decisions=4 live_orders=0 tested_orders=0
[HEARTBEAT] events=4650 decisions=4 live_orders=0 tested_orders=0
[HEARTBEAT] events=4675 decisions=4 live_orders=0 tested_orders=0
[HEARTBEAT] events=4700 decisions=4 live_orders=0 tested_orders=0
[HEARTBEAT] events=4725 decisions=4 live_orders=0 tested_orders=0
[HEARTBEAT] events=4750 decisions=4 live_orders=0 tested_orders=0
[HEARTBEAT] events=4775 decisions=4 live_orders=0 tested_orders=0
[HEARTBEAT] events=4800 decisions=4 live_orders=0 tested_orders=0
[HEARTBEAT] events=4825 decisions=4 live_orders=0 tested_orders=0
[HEARTBEAT] events=4850 decisions=4 live_orders=0 tested_orders=0
[HEARTBEAT] events=4875 decisions=4 live_orders=0 tested_orders=0
[HEARTBEAT] events=4900 decisions=4 live_orders=0 tested_orders=0
[HEARTBEAT] events=4925 decisions=4 live_orders=0 tested_orders=0
[HEARTBEAT] events=4950 decisions=4 live_orders=0 tested_orders=0
[HEARTBEAT] events=4975 decisions=4 live_orders=0 tested_orders=0
[HEARTBEAT] events=5000 decisions=4 live_orders=0 tested_orders=0
[HEARTBEAT] events=5025 decisions=4 live_orders=0 tested_orders=0
[HEARTBEAT] events=5050 decisions=4 live_orders=0 tested_orders=0
[HEARTBEAT] events=5075 decisions=4 live_orders=0 tested_orders=0
[HEARTBEAT] events=5100 decisions=4 live_orders=0 tested_orders=0
[HEARTBEAT] events=5125 decisions=4 live_orders=0 tested_orders=0
[HEARTBEAT] events=5150 decisions=4 live_orders=0 tested_orders=0
[HEARTBEAT] events=5175 decisions=4 live_orders=0 tested_orders=0
[HEARTBEAT] events=5200 decisions=4 live_orders=0 tested_orders=0
[HEARTBEAT] events=5225 decisions=4 live_orders=0 tested_orders=0
[HEARTBEAT] events=5250 decisions=4 live_orders=0 tested_orders=0
[HEARTBEAT] events=5275 decisions=4 live_orders=0 tested_orders=0
[HEARTBEAT] events=5300 decisions=4 live_orders=0 tested_orders=0
[HEARTBEAT] events=5325 decisions=4 live_orders=0 tested_orders=0
[HEARTBEAT] events=5350 decisions=4 live_orders=0 tested_orders=0
[HEARTBEAT] events=5375 decisions=4 live_orders=0 tested_orders=0
[HEARTBEAT] events=5400 decisions=4 live_orders=0 tested_orders=0
[HEARTBEAT] events=5425 decisions=4 live_orders=0 tested_orders=0
[HEARTBEAT] events=5450 decisions=4 live_orders=0 tested_orders=0
[HEARTBEAT] events=5475 decisions=4 live_orders=0 tested_orders=0
[HEARTBEAT] events=5500 decisions=4 live_orders=0 tested_orders=0
[HEARTBEAT] events=5525 decisions=4 live_orders=0 tested_orders=0
[HEARTBEAT] events=5550 decisions=4 live_orders=0 tested_orders=0
[HEARTBEAT] events=5575 decisions=4 live_orders=0 tested_orders=0
[HEARTBEAT] events=5600 decisions=4 live_orders=0 tested_orders=0
[HEARTBEAT] events=5625 decisions=4 live_orders=0 tested_orders=0
[HEARTBEAT] events=5650 decisions=4 live_orders=0 tested_orders=0
[HEARTBEAT] events=5675 decisions=4 live_orders=0 tested_orders=0
[HEARTBEAT] events=5700 decisions=4 live_orders=0 tested_orders=0
[HEARTBEAT] events=5725 decisions=4 live_orders=0 tested_orders=0
[HEARTBEAT] events=5750 decisions=4 live_orders=0 tested_orders=0
[HEARTBEAT] events=5775 decisions=4 live_orders=0 tested_orders=0
[HEARTBEAT] events=5800 decisions=4 live_orders=0 tested_orders=0
[HEARTBEAT] events=5825 decisions=4 live_orders=0 tested_orders=0
[HEARTBEAT] events=5850 decisions=4 live_orders=0 tested_orders=0
[HEARTBEAT] events=5875 decisions=4 live_orders=0 tested_orders=0
[HEARTBEAT] events=5900 decisions=4 live_orders=0 tested_orders=0
[HEARTBEAT] events=5925 decisions=4 live_orders=0 tested_orders=0
[HEARTBEAT] events=5950 decisions=4 live_orders=0 tested_orders=0
[HEARTBEAT] events=5975 decisions=4 live_orders=0 tested_orders=0
[HEARTBEAT] events=6000 decisions=4 live_orders=0 tested_orders=0
[HEARTBEAT] events=6025 decisions=4 live_orders=0 tested_orders=0
[HEARTBEAT] events=6050 decisions=4 live_orders=0 tested_orders=0
[HEARTBEAT] events=6075 decisions=4 live_orders=0 tested_orders=0
[HEARTBEAT] events=6100 decisions=4 live_orders=0 tested_orders=0
[HEARTBEAT] events=6125 decisions=4 live_orders=0 tested_orders=0
[HEARTBEAT] events=6150 decisions=4 live_orders=0 tested_orders=0
[HEARTBEAT] events=6175 decisions=4 live_orders=0 tested_orders=0
[HEARTBEAT] events=6200 decisions=4 live_orders=0 tested_orders=0
[HEARTBEAT] events=6225 decisions=4 live_orders=0 tested_orders=0
[HEARTBEAT] events=6250 decisions=4 live_orders=0 tested_orders=0
[HEARTBEAT] events=6275 decisions=4 live_orders=0 tested_orders=0
[HEARTBEAT] events=6300 decisions=4 live_orders=0 tested_orders=0
[HEARTBEAT] events=6325 decisions=4 live_orders=0 tested_orders=0
[HEARTBEAT] events=6350 decisions=4 live_orders=0 tested_orders=0
[HEARTBEAT] events=6375 decisions=4 live_orders=0 tested_orders=0
[HEARTBEAT] events=6400 decisions=4 live_orders=0 tested_orders=0
[HEARTBEAT] events=6425 decisions=4 live_orders=0 tested_orders=0
[HEARTBEAT] events=6450 decisions=4 live_orders=0 tested_orders=0
[HEARTBEAT] events=6475 decisions=4 live_orders=0 tested_orders=0
[HEARTBEAT] events=6500 decisions=4 live_orders=0 tested_orders=0
[HEARTBEAT] events=6525 decisions=4 live_orders=0 tested_orders=0
[HEARTBEAT] events=6550 decisions=4 live_orders=0 tested_orders=0
[HEARTBEAT] events=6575 decisions=4 live_orders=0 tested_orders=0
[HEARTBEAT] events=6600 decisions=4 live_orders=0 tested_orders=0
[HEARTBEAT] events=6625 decisions=4 live_orders=0 tested_orders=0
[HEARTBEAT] events=6650 decisions=4 live_orders=0 tested_orders=0
[HEARTBEAT] events=6675 decisions=4 live_orders=0 tested_orders=0
[HEARTBEAT] events=6700 decisions=4 live_orders=0 tested_orders=0
[HEARTBEAT] events=6725 decisions=4 live_orders=0 tested_orders=0
[HEARTBEAT] events=6750 decisions=4 live_orders=0 tested_orders=0
[HEARTBEAT] events=6775 decisions=4 live_orders=0 tested_orders=0
[HEARTBEAT] events=6800 decisions=4 live_orders=0 tested_orders=0
[HEARTBEAT] events=6825 decisions=4 live_orders=0 tested_orders=0
[HEARTBEAT] events=6850 decisions=4 live_orders=0 tested_orders=0
[HEARTBEAT] events=6875 decisions=4 live_orders=0 tested_orders=0
[HEARTBEAT] events=6900 decisions=4 live_orders=0 tested_orders=0
[HEARTBEAT] events=6925 decisions=4 live_orders=0 tested_orders=0
[HEARTBEAT] events=6950 decisions=4 live_orders=0 tested_orders=0
[HEARTBEAT] events=6975 decisions=4 live_orders=0 tested_orders=0
[HEARTBEAT] events=7000 decisions=4 live_orders=0 tested_orders=0
[HEARTBEAT] events=7025 decisions=4 live_orders=0 tested_orders=0
[HEARTBEAT] events=7050 decisions=4 live_orders=0 tested_orders=0
[HEARTBEAT] events=7075 decisions=4 live_orders=0 tested_orders=0
[HEARTBEAT] events=7100 decisions=4 live_orders=0 tested_orders=0
[HEARTBEAT] events=7125 decisions=4 live_orders=0 tested_orders=0
[HEARTBEAT] events=7150 decisions=4 live_orders=0 tested_orders=0
[HEARTBEAT] events=7175 decisions=4 live_orders=0 tested_orders=0
[SYNC] 2026-04-21T05:22:44.242776+00:00 account/open-order snapshot refreshed
[HEARTBEAT] events=7200 decisions=4 live_orders=0 tested_orders=0
[HEARTBEAT] events=7225 decisions=4 live_orders=0 tested_orders=0
[HEARTBEAT] events=7250 decisions=4 live_orders=0 tested_orders=0
[HEARTBEAT] events=7275 decisions=4 live_orders=0 tested_orders=0
[HEARTBEAT] events=7300 decisions=4 live_orders=0 tested_orders=0
[HEARTBEAT] events=7325 decisions=4 live_orders=0 tested_orders=0
[HEARTBEAT] events=7350 decisions=4 live_orders=0 tested_orders=0
[HEARTBEAT] events=7375 decisions=4 live_orders=0 tested_orders=0
[HEARTBEAT] events=7400 decisions=4 live_orders=0 tested_orders=0
[HEARTBEAT] events=7425 decisions=4 live_orders=0 tested_orders=0
[HEARTBEAT] events=7450 decisions=4 live_orders=0 tested_orders=0
[HEARTBEAT] events=7475 decisions=4 live_orders=0 tested_orders=0
[HEARTBEAT] events=7500 decisions=4 live_orders=0 tested_orders=0
[HEARTBEAT] events=7525 decisions=4 live_orders=0 tested_orders=0
[HEARTBEAT] events=7550 decisions=4 live_orders=0 tested_orders=0
[HEARTBEAT] events=7575 decisions=4 live_orders=0 tested_orders=0
[HEARTBEAT] events=7600 decisions=4 live_orders=0 tested_orders=0
[HEARTBEAT] events=7625 decisions=4 live_orders=0 tested_orders=0
[HEARTBEAT] events=7650 decisions=4 live_orders=0 tested_orders=0
[HEARTBEAT] events=7675 decisions=4 live_orders=0 tested_orders=0
[HEARTBEAT] events=7700 decisions=4 live_orders=0 tested_orders=0
[HEARTBEAT] events=7725 decisions=4 live_orders=0 tested_orders=0
[HEARTBEAT] events=7750 decisions=4 live_orders=0 tested_orders=0
[HEARTBEAT] events=7775 decisions=4 live_orders=0 tested_orders=0
[HEARTBEAT] events=7800 decisions=4 live_orders=0 tested_orders=0
[HEARTBEAT] events=7825 decisions=4 live_orders=0 tested_orders=0
[HEARTBEAT] events=7850 decisions=4 live_orders=0 tested_orders=0
[HEARTBEAT] events=7875 decisions=4 live_orders=0 tested_orders=0
[HEARTBEAT] events=7900 decisions=4 live_orders=0 tested_orders=0
[HEARTBEAT] events=7925 decisions=4 live_orders=0 tested_orders=0
[HEARTBEAT] events=7950 decisions=4 live_orders=0 tested_orders=0
[HEARTBEAT] events=7975 decisions=4 live_orders=0 tested_orders=0
[HEARTBEAT] events=8000 decisions=4 live_orders=0 tested_orders=0
[HEARTBEAT] events=8025 decisions=4 live_orders=0 tested_orders=0
[HEARTBEAT] events=8050 decisions=4 live_orders=0 tested_orders=0
[HEARTBEAT] events=8075 decisions=4 live_orders=0 tested_orders=0
[HEARTBEAT] events=8100 decisions=4 live_orders=0 tested_orders=0
[HEARTBEAT] events=8125 decisions=4 live_orders=0 tested_orders=0
[HEARTBEAT] events=8150 decisions=4 live_orders=0 tested_orders=0
[HEARTBEAT] events=8175 decisions=4 live_orders=0 tested_orders=0
[HEARTBEAT] events=8200 decisions=4 live_orders=0 tested_orders=0
[HEARTBEAT] events=8225 decisions=4 live_orders=0 tested_orders=0
[HEARTBEAT] events=8250 decisions=4 live_orders=0 tested_orders=0
[HEARTBEAT] events=8275 decisions=4 live_orders=0 tested_orders=0
[HEARTBEAT] events=8300 decisions=4 live_orders=0 tested_orders=0
[HEARTBEAT] events=8325 decisions=4 live_orders=0 tested_orders=0
[HEARTBEAT] events=8350 decisions=4 live_orders=0 tested_orders=0
[HEARTBEAT] events=8375 decisions=4 live_orders=0 tested_orders=0
[HEARTBEAT] events=8400 decisions=4 live_orders=0 tested_orders=0
[HEARTBEAT] events=8425 decisions=4 live_orders=0 tested_orders=0
[HEARTBEAT] events=8450 decisions=4 live_orders=0 tested_orders=0
[HEARTBEAT] events=8475 decisions=4 live_orders=0 tested_orders=0
[HEARTBEAT] events=8500 decisions=4 live_orders=0 tested_orders=0
[HEARTBEAT] events=8525 decisions=4 live_orders=0 tested_orders=0
[HEARTBEAT] events=8550 decisions=4 live_orders=0 tested_orders=0
[HEARTBEAT] events=8575 decisions=4 live_orders=0 tested_orders=0
[HEARTBEAT] events=8600 decisions=4 live_orders=0 tested_orders=0
[HEARTBEAT] events=8625 decisions=4 live_orders=0 tested_orders=0
[HEARTBEAT] events=8650 decisions=4 live_orders=0 tested_orders=0
[HEARTBEAT] events=8675 decisions=4 live_orders=0 tested_orders=0
[HEARTBEAT] events=8700 decisions=4 live_orders=0 tested_orders=0
[HEARTBEAT] events=8725 decisions=4 live_orders=0 tested_orders=0
[HEARTBEAT] events=8750 decisions=4 live_orders=0 tested_orders=0
[HEARTBEAT] events=8775 decisions=4 live_orders=0 tested_orders=0
[HEARTBEAT] events=8800 decisions=4 live_orders=0 tested_orders=0
[HEARTBEAT] events=8825 decisions=4 live_orders=0 tested_orders=0
[HEARTBEAT] events=8850 decisions=4 live_orders=0 tested_orders=0
[HEARTBEAT] events=8875 decisions=4 live_orders=0 tested_orders=0
[HEARTBEAT] events=8900 decisions=4 live_orders=0 tested_orders=0
[HEARTBEAT] events=8925 decisions=4 live_orders=0 tested_orders=0
[HEARTBEAT] events=8950 decisions=4 live_orders=0 tested_orders=0
[HEARTBEAT] events=8975 decisions=4 live_orders=0 tested_orders=0
[HEARTBEAT] events=9000 decisions=4 live_orders=0 tested_orders=0
[HEARTBEAT] events=9025 decisions=4 live_orders=0 tested_orders=0
[HEARTBEAT] events=9050 decisions=4 live_orders=0 tested_orders=0
[HEARTBEAT] events=9075 decisions=4 live_orders=0 tested_orders=0
[HEARTBEAT] events=9100 decisions=4 live_orders=0 tested_orders=0
[HEARTBEAT] events=9125 decisions=4 live_orders=0 tested_orders=0
[HEARTBEAT] events=9150 decisions=4 live_orders=0 tested_orders=0
[HEARTBEAT] events=9175 decisions=4 live_orders=0 tested_orders=0
[HEARTBEAT] events=9200 decisions=4 live_orders=0 tested_orders=0
[HEARTBEAT] events=9225 decisions=4 live_orders=0 tested_orders=0
[HEARTBEAT] events=9250 decisions=4 live_orders=0 tested_orders=0
[HEARTBEAT] events=9275 decisions=4 live_orders=0 tested_orders=0
[HEARTBEAT] events=9300 decisions=4 live_orders=0 tested_orders=0
[HEARTBEAT] events=9325 decisions=4 live_orders=0 tested_orders=0
[HEARTBEAT] events=9350 decisions=4 live_orders=0 tested_orders=0
[HEARTBEAT] events=9375 decisions=4 live_orders=0 tested_orders=0
[HEARTBEAT] events=9400 decisions=4 live_orders=0 tested_orders=0
[HEARTBEAT] events=9425 decisions=4 live_orders=0 tested_orders=0
[HEARTBEAT] events=9450 decisions=4 live_orders=0 tested_orders=0
[HEARTBEAT] events=9475 decisions=4 live_orders=0 tested_orders=0
[HEARTBEAT] events=9500 decisions=4 live_orders=0 tested_orders=0
[HEARTBEAT] events=9525 decisions=4 live_orders=0 tested_orders=0
[HEARTBEAT] events=9550 decisions=4 live_orders=0 tested_orders=0
[HEARTBEAT] events=9575 decisions=4 live_orders=0 tested_orders=0
[HEARTBEAT] events=9600 decisions=4 live_orders=0 tested_orders=0
[HEARTBEAT] events=9625 decisions=4 live_orders=0 tested_orders=0
[HEARTBEAT] events=9650 decisions=4 live_orders=0 tested_orders=0
[HEARTBEAT] events=9675 decisions=4 live_orders=0 tested_orders=0
[HEARTBEAT] events=9700 decisions=4 live_orders=0 tested_orders=0
[HEARTBEAT] events=9725 decisions=4 live_orders=0 tested_orders=0
[HEARTBEAT] events=9750 decisions=4 live_orders=0 tested_orders=0
[HEARTBEAT] events=9775 decisions=4 live_orders=0 tested_orders=0
[HEARTBEAT] events=9800 decisions=4 live_orders=0 tested_orders=0
[HEARTBEAT] events=9825 decisions=4 live_orders=0 tested_orders=0
[HEARTBEAT] events=9850 decisions=4 live_orders=0 tested_orders=0
[HEARTBEAT] events=9875 decisions=4 live_orders=0 tested_orders=0
[HEARTBEAT] events=9900 decisions=4 live_orders=0 tested_orders=0
[HEARTBEAT] events=9925 decisions=4 live_orders=0 tested_orders=0
[HEARTBEAT] events=9950 decisions=4 live_orders=0 tested_orders=0
[HEARTBEAT] events=9975 decisions=4 live_orders=0 tested_orders=0
[HEARTBEAT] events=10000 decisions=4 live_orders=0 tested_orders=0
[HEARTBEAT] events=10025 decisions=4 live_orders=0 tested_orders=0
[HEARTBEAT] events=10050 decisions=4 live_orders=0 tested_orders=0
[HEARTBEAT] events=10075 decisions=4 live_orders=0 tested_orders=0
[HEARTBEAT] events=10100 decisions=4 live_orders=0 tested_orders=0
[HEARTBEAT] events=10125 decisions=4 live_orders=0 tested_orders=0
[HEARTBEAT] events=10150 decisions=4 live_orders=0 tested_orders=0
[HEARTBEAT] events=10175 decisions=4 live_orders=0 tested_orders=0
[HEARTBEAT] events=10200 decisions=4 live_orders=0 tested_orders=0
[HEARTBEAT] events=10225 decisions=4 live_orders=0 tested_orders=0
[HEARTBEAT] events=10250 decisions=4 live_orders=0 tested_orders=0
[HEARTBEAT] events=10275 decisions=4 live_orders=0 tested_orders=0
[HEARTBEAT] events=10300 decisions=4 live_orders=0 tested_orders=0
[HEARTBEAT] events=10325 decisions=4 live_orders=0 tested_orders=0
[HEARTBEAT] events=10350 decisions=4 live_orders=0 tested_orders=0
[HEARTBEAT] events=10375 decisions=4 live_orders=0 tested_orders=0
[HEARTBEAT] events=10400 decisions=4 live_orders=0 tested_orders=0
[HEARTBEAT] events=10425 decisions=4 live_orders=0 tested_orders=0
[HEARTBEAT] events=10450 decisions=4 live_orders=0 tested_orders=0
[HEARTBEAT] events=10475 decisions=4 live_orders=0 tested_orders=0
[HEARTBEAT] events=10500 decisions=4 live_orders=0 tested_orders=0
[DECISION] 2026-04-21T05:23:00+00:00 DOGEUSDT mode=futures side=short score=68.92
[SUBMISSION_GATE] DOGEUSDT allow=False can_open=True existing=no pending_external=False order_cooldown=False manual_cooldown=False live_allowed=True
[EXEC_PREFLIGHT] DOGEUSDT allow=False live_allowed=True managed=cash:0.00 prepared=cash:0.00 reasons=LONG_ONLY_TURNAROUND_ENTRY_LONG_ONLY
[DECISION] 2026-04-21T05:23:00+00:00 ETHUSDT mode=futures side=short score=80.47
[SUBMISSION_GATE] ETHUSDT allow=False can_open=True existing=no pending_external=False order_cooldown=False manual_cooldown=False live_allowed=True
[EXEC_PREFLIGHT] ETHUSDT allow=False live_allowed=True managed=cash:0.00 prepared=cash:0.00 reasons=LONG_ONLY_TURNAROUND_ENTRY_LONG_ONLY
[DECISION] 2026-04-21T05:23:00+00:00 SOLUSDT mode=futures side=long score=70.50
[SUBMISSION_GATE] SOLUSDT allow=False can_open=True existing=no pending_external=False order_cooldown=False manual_cooldown=False live_allowed=True
[EXEC_PREFLIGHT] SOLUSDT allow=False live_allowed=True managed=cash:0.00 prepared=cash:0.00 reasons=HIGH_CONVICTION_RECENT_LONG_CONFIRMATION_REQUIRED
[HEARTBEAT] events=10525 decisions=7 live_orders=0 tested_orders=0
[DECISION] 2026-04-21T05:23:00+00:00 PEPEUSDT mode=futures side=long score=66.82
[SUBMISSION_GATE] PEPEUSDT allow=False can_open=True existing=no pending_external=False order_cooldown=False manual_cooldown=False live_allowed=True
[EXEC_PREFLIGHT] PEPEUSDT allow=False live_allowed=True managed=cash:0.00 prepared=cash:0.00 reasons=HIGH_CONVICTION_RECENT_LONG_CONFIRMATION_REQUIRED
[HEARTBEAT] events=10550 decisions=8 live_orders=0 tested_orders=0
[HEARTBEAT] events=10575 decisions=8 live_orders=0 tested_orders=0
[HEARTBEAT] events=10600 decisions=8 live_orders=0 tested_orders=0
[HEARTBEAT] events=10625 decisions=8 live_orders=0 tested_orders=0
[HEARTBEAT] events=10650 decisions=8 live_orders=0 tested_orders=0
[HEARTBEAT] events=10675 decisions=8 live_orders=0 tested_orders=0
[HEARTBEAT] events=10700 decisions=8 live_orders=0 tested_orders=0
[HEARTBEAT] events=10725 decisions=8 live_orders=0 tested_orders=0
[HEARTBEAT] events=10750 decisions=8 live_orders=0 tested_orders=0
[HEARTBEAT] events=10775 decisions=8 live_orders=0 tested_orders=0
[HEARTBEAT] events=10800 decisions=8 live_orders=0 tested_orders=0
[HEARTBEAT] events=10825 decisions=8 live_orders=0 tested_orders=0
[HEARTBEAT] events=10850 decisions=8 live_orders=0 tested_orders=0
[HEARTBEAT] events=10875 decisions=8 live_orders=0 tested_orders=0
[HEARTBEAT] events=10900 decisions=8 live_orders=0 tested_orders=0
[HEARTBEAT] events=10925 decisions=8 live_orders=0 tested_orders=0
[HEARTBEAT] events=10950 decisions=8 live_orders=0 tested_orders=0
[HEARTBEAT] events=10975 decisions=8 live_orders=0 tested_orders=0
[HEARTBEAT] events=11000 decisions=8 live_orders=0 tested_orders=0
[HEARTBEAT] events=11025 decisions=8 live_orders=0 tested_orders=0
[HEARTBEAT] events=11050 decisions=8 live_orders=0 tested_orders=0
[HEARTBEAT] events=11075 decisions=8 live_orders=0 tested_orders=0
[HEARTBEAT] events=11100 decisions=8 live_orders=0 tested_orders=0
[HEARTBEAT] events=11125 decisions=8 live_orders=0 tested_orders=0
[HEARTBEAT] events=11150 decisions=8 live_orders=0 tested_orders=0
[HEARTBEAT] events=11175 decisions=8 live_orders=0 tested_orders=0
[HEARTBEAT] events=11200 decisions=8 live_orders=0 tested_orders=0
[HEARTBEAT] events=11225 decisions=8 live_orders=0 tested_orders=0
[HEARTBEAT] events=11250 decisions=8 live_orders=0 tested_orders=0
[HEARTBEAT] events=11275 decisions=8 live_orders=0 tested_orders=0
[HEARTBEAT] events=11300 decisions=8 live_orders=0 tested_orders=0
[HEARTBEAT] events=11325 decisions=8 live_orders=0 tested_orders=0
[HEARTBEAT] events=11350 decisions=8 live_orders=0 tested_orders=0
[HEARTBEAT] events=11375 decisions=8 live_orders=0 tested_orders=0
[HEARTBEAT] events=11400 decisions=8 live_orders=0 tested_orders=0
[HEARTBEAT] events=11425 decisions=8 live_orders=0 tested_orders=0
[HEARTBEAT] events=11450 decisions=8 live_orders=0 tested_orders=0
[HEARTBEAT] events=11475 decisions=8 live_orders=0 tested_orders=0
[HEARTBEAT] events=11500 decisions=8 live_orders=0 tested_orders=0
[HEARTBEAT] events=11525 decisions=8 live_orders=0 tested_orders=0
[HEARTBEAT] events=11550 decisions=8 live_orders=0 tested_orders=0
[HEARTBEAT] events=11575 decisions=8 live_orders=0 tested_orders=0
[HEARTBEAT] events=11600 decisions=8 live_orders=0 tested_orders=0
[HEARTBEAT] events=11625 decisions=8 live_orders=0 tested_orders=0
[HEARTBEAT] events=11650 decisions=8 live_orders=0 tested_orders=0
[HEARTBEAT] events=11675 decisions=8 live_orders=0 tested_orders=0
[HEARTBEAT] events=11700 decisions=8 live_orders=0 tested_orders=0
[HEARTBEAT] events=11725 decisions=8 live_orders=0 tested_orders=0
[HEARTBEAT] events=11750 decisions=8 live_orders=0 tested_orders=0
[HEARTBEAT] events=11775 decisions=8 live_orders=0 tested_orders=0
[HEARTBEAT] events=11800 decisions=8 live_orders=0 tested_orders=0
[HEARTBEAT] events=11825 decisions=8 live_orders=0 tested_orders=0
[DECISION] 2026-04-21T05:22:00+00:00 SOLUSDT mode=futures side=long score=70.54
[SUBMISSION_GATE] SOLUSDT allow=False can_open=True existing=no pending_external=False order_cooldown=False manual_cooldown=False live_allowed=True
[EXEC_PREFLIGHT] SOLUSDT allow=False live_allowed=True managed=cash:0.00 prepared=cash:0.00 reasons=HIGH_CONVICTION_A_PLUS_REQUIRED
[HEARTBEAT] events=11850 decisions=9 live_orders=0 tested_orders=0
[HEARTBEAT] events=11875 decisions=9 live_orders=0 tested_orders=0
[HEARTBEAT] events=11900 decisions=9 live_orders=0 tested_orders=0
[HEARTBEAT] events=11925 decisions=9 live_orders=0 tested_orders=0
[HEARTBEAT] events=11950 decisions=9 live_orders=0 tested_orders=0
[HEARTBEAT] events=11975 decisions=9 live_orders=0 tested_orders=0
[HEARTBEAT] events=12000 decisions=9 live_orders=0 tested_orders=0
[HEARTBEAT] events=12025 decisions=9 live_orders=0 tested_orders=0
[HEARTBEAT] events=12050 decisions=9 live_orders=0 tested_orders=0
[HEARTBEAT] events=12075 decisions=9 live_orders=0 tested_orders=0
[HEARTBEAT] events=12100 decisions=9 live_orders=0 tested_orders=0
[HEARTBEAT] events=12125 decisions=9 live_orders=0 tested_orders=0
[HEARTBEAT] events=12150 decisions=9 live_orders=0 tested_orders=0
[HEARTBEAT] events=12175 decisions=9 live_orders=0 tested_orders=0
[HEARTBEAT] events=12200 decisions=9 live_orders=0 tested_orders=0
[HEARTBEAT] events=12225 decisions=9 live_orders=0 tested_orders=0
[HEARTBEAT] events=12250 decisions=9 live_orders=0 tested_orders=0
[HEARTBEAT] events=12275 decisions=9 live_orders=0 tested_orders=0
[HEARTBEAT] events=12300 decisions=9 live_orders=0 tested_orders=0
[HEARTBEAT] events=12325 decisions=9 live_orders=0 tested_orders=0
[HEARTBEAT] events=12350 decisions=9 live_orders=0 tested_orders=0
[HEARTBEAT] events=12375 decisions=9 live_orders=0 tested_orders=0
[HEARTBEAT] events=12400 decisions=9 live_orders=0 tested_orders=0
[HEARTBEAT] events=12425 decisions=9 live_orders=0 tested_orders=0
[HEARTBEAT] events=12450 decisions=9 live_orders=0 tested_orders=0
[HEARTBEAT] events=12475 decisions=9 live_orders=0 tested_orders=0
[HEARTBEAT] events=12500 decisions=9 live_orders=0 tested_orders=0
[HEARTBEAT] events=12525 decisions=9 live_orders=0 tested_orders=0
[HEARTBEAT] events=12550 decisions=9 live_orders=0 tested_orders=0
[HEARTBEAT] events=12575 decisions=9 live_orders=0 tested_orders=0
[HEARTBEAT] events=12600 decisions=9 live_orders=0 tested_orders=0
[HEARTBEAT] events=12625 decisions=9 live_orders=0 tested_orders=0
[HEARTBEAT] events=12650 decisions=9 live_orders=0 tested_orders=0
[HEARTBEAT] events=12675 decisions=9 live_orders=0 tested_orders=0
[HEARTBEAT] events=12700 decisions=9 live_orders=0 tested_orders=0
[HEARTBEAT] events=12725 decisions=9 live_orders=0 tested_orders=0
[HEARTBEAT] events=12750 decisions=9 live_orders=0 tested_orders=0
[HEARTBEAT] events=12775 decisions=9 live_orders=0 tested_orders=0
[HEARTBEAT] events=12800 decisions=9 live_orders=0 tested_orders=0
[HEARTBEAT] events=12825 decisions=9 live_orders=0 tested_orders=0
[HEARTBEAT] events=12850 decisions=9 live_orders=0 tested_orders=0
[HEARTBEAT] events=12875 decisions=9 live_orders=0 tested_orders=0
[HEARTBEAT] events=12900 decisions=9 live_orders=0 tested_orders=0
[HEARTBEAT] events=12925 decisions=9 live_orders=0 tested_orders=0
[HEARTBEAT] events=12950 decisions=9 live_orders=0 tested_orders=0
[HEARTBEAT] events=12975 decisions=9 live_orders=0 tested_orders=0
[HEARTBEAT] events=13000 decisions=9 live_orders=0 tested_orders=0
[HEARTBEAT] events=13025 decisions=9 live_orders=0 tested_orders=0
[HEARTBEAT] events=13050 decisions=9 live_orders=0 tested_orders=0
[HEARTBEAT] events=13075 decisions=9 live_orders=0 tested_orders=0
[HEARTBEAT] events=13100 decisions=9 live_orders=0 tested_orders=0
[HEARTBEAT] events=13125 decisions=9 live_orders=0 tested_orders=0
[HEARTBEAT] events=13150 decisions=9 live_orders=0 tested_orders=0
[HEARTBEAT] events=13175 decisions=9 live_orders=0 tested_orders=0
[HEARTBEAT] events=13200 decisions=9 live_orders=0 tested_orders=0
[HEARTBEAT] events=13225 decisions=9 live_orders=0 tested_orders=0
[HEARTBEAT] events=13250 decisions=9 live_orders=0 tested_orders=0
[HEARTBEAT] events=13275 decisions=9 live_orders=0 tested_orders=0
[HEARTBEAT] events=13300 decisions=9 live_orders=0 tested_orders=0
[HEARTBEAT] events=13325 decisions=9 live_orders=0 tested_orders=0
[HEARTBEAT] events=13350 decisions=9 live_orders=0 tested_orders=0
[HEARTBEAT] events=13375 decisions=9 live_orders=0 tested_orders=0
[HEARTBEAT] events=13400 decisions=9 live_orders=0 tested_orders=0
[HEARTBEAT] events=13425 decisions=9 live_orders=0 tested_orders=0
[HEARTBEAT] events=13450 decisions=9 live_orders=0 tested_orders=0
[HEARTBEAT] events=13475 decisions=9 live_orders=0 tested_orders=0
[HEARTBEAT] events=13500 decisions=9 live_orders=0 tested_orders=0
[HEARTBEAT] events=13525 decisions=9 live_orders=0 tested_orders=0
[HEARTBEAT] events=13550 decisions=9 live_orders=0 tested_orders=0
[HEARTBEAT] events=13575 decisions=9 live_orders=0 tested_orders=0
[HEARTBEAT] events=13600 decisions=9 live_orders=0 tested_orders=0
[HEARTBEAT] events=13625 decisions=9 live_orders=0 tested_orders=0
[HEARTBEAT] events=13650 decisions=9 live_orders=0 tested_orders=0
[HEARTBEAT] events=13675 decisions=9 live_orders=0 tested_orders=0
[HEARTBEAT] events=13700 decisions=9 live_orders=0 tested_orders=0
[HEARTBEAT] events=13725 decisions=9 live_orders=0 tested_orders=0
[HEARTBEAT] events=13750 decisions=9 live_orders=0 tested_orders=0
[HEARTBEAT] events=13775 decisions=9 live_orders=0 tested_orders=0
[HEARTBEAT] events=13800 decisions=9 live_orders=0 tested_orders=0
[HEARTBEAT] events=13825 decisions=9 live_orders=0 tested_orders=0
[HEARTBEAT] events=13850 decisions=9 live_orders=0 tested_orders=0
[HEARTBEAT] events=13875 decisions=9 live_orders=0 tested_orders=0
[HEARTBEAT] events=13900 decisions=9 live_orders=0 tested_orders=0
[HEARTBEAT] events=13925 decisions=9 live_orders=0 tested_orders=0
[HEARTBEAT] events=13950 decisions=9 live_orders=0 tested_orders=0
[DECISION] 2026-04-21T05:22:00+00:00 ETHUSDT mode=cash side=flat score=42.31
[SUBMISSION_GATE] ETHUSDT allow=False can_open=True existing=no pending_external=False order_cooldown=False manual_cooldown=False live_allowed=True
[EXEC_PREFLIGHT] ETHUSDT allow=False live_allowed=True managed=cash:0.00 prepared=cash:0.00 reasons=DIRECTION_CONFLICT,EDGE_BELOW_COST,EDGE_TOO_THIN,LIQUIDITY_TOO_WEAK,SCORE_TOO_LOW,SENTIMENT_CAUTION
[HEARTBEAT] events=13975 decisions=10 live_orders=0 tested_orders=0
[DECISION] 2026-04-21T05:22:00+00:00 DOGEUSDT mode=cash side=flat score=43.19
[SUBMISSION_GATE] DOGEUSDT allow=False can_open=True existing=no pending_external=False order_cooldown=False manual_cooldown=False live_allowed=True
[EXEC_PREFLIGHT] DOGEUSDT allow=False live_allowed=True managed=cash:0.00 prepared=cash:0.00 reasons=BUYING_INTO_RESISTANCE,DIRECTION_CONFLICT,EDGE_BELOW_COST,EDGE_TOO_THIN,LIQUIDITY_TOO_WEAK,SCORE_TOO_LOW,SENTIMENT_CAUTION,SENTIMENT_TOO_WEAK,SUPPORT_NOT_CONFIRMED
[HEARTBEAT] events=14000 decisions=11 live_orders=0 tested_orders=0
[DECISION] 2026-04-21T05:22:00+00:00 PEPEUSDT mode=futures side=long score=65.92
[SUBMISSION_GATE] PEPEUSDT allow=False can_open=True existing=no pending_external=False order_cooldown=False manual_cooldown=False live_allowed=True
[EXEC_PREFLIGHT] PEPEUSDT allow=False live_allowed=True managed=cash:0.00 prepared=cash:0.00 reasons=HIGH_CONVICTION_RECENT_LONG_CONFIRMATION_REQUIRED
[HEARTBEAT] events=14025 decisions=12 live_orders=0 tested_orders=0
[HEARTBEAT] events=14050 decisions=12 live_orders=0 tested_orders=0
[HEARTBEAT] events=14075 decisions=12 live_orders=0 tested_orders=0
[HEARTBEAT] events=14100 decisions=12 live_orders=0 tested_orders=0
[HEARTBEAT] events=14125 decisions=12 live_orders=0 tested_orders=0
[HEARTBEAT] events=14150 decisions=12 live_orders=0 tested_orders=0
[HEARTBEAT] events=14175 decisions=12 live_orders=0 tested_orders=0
[HEARTBEAT] events=14200 decisions=12 live_orders=0 tested_orders=0
[HEARTBEAT] events=14225 decisions=12 live_orders=0 tested_orders=0
[HEARTBEAT] events=14250 decisions=12 live_orders=0 tested_orders=0
[HEARTBEAT] events=14275 decisions=12 live_orders=0 tested_orders=0
[HEARTBEAT] events=14300 decisions=12 live_orders=0 tested_orders=0
[HEARTBEAT] events=14325 decisions=12 live_orders=0 tested_orders=0
[HEARTBEAT] events=14350 decisions=12 live_orders=0 tested_orders=0
[HEARTBEAT] events=14375 decisions=12 live_orders=0 tested_orders=0
[HEARTBEAT] events=14400 decisions=12 live_orders=0 tested_orders=0
[HEARTBEAT] events=14425 decisions=12 live_orders=0 tested_orders=0
[HEARTBEAT] events=14450 decisions=12 live_orders=0 tested_orders=0
[HEARTBEAT] events=14475 decisions=12 live_orders=0 tested_orders=0
[HEARTBEAT] events=14500 decisions=12 live_orders=0 tested_orders=0
[HEARTBEAT] events=14525 decisions=12 live_orders=0 tested_orders=0
[HEARTBEAT] events=14550 decisions=12 live_orders=0 tested_orders=0
[HEARTBEAT] events=14575 decisions=12 live_orders=0 tested_orders=0
[HEARTBEAT] events=14600 decisions=12 live_orders=0 tested_orders=0
[HEARTBEAT] events=14625 decisions=12 live_orders=0 tested_orders=0
[HEARTBEAT] events=14650 decisions=12 live_orders=0 tested_orders=0
[HEARTBEAT] events=14675 decisions=12 live_orders=0 tested_orders=0
[HEARTBEAT] events=14700 decisions=12 live_orders=0 tested_orders=0
[HEARTBEAT] events=14725 decisions=12 live_orders=0 tested_orders=0
[HEARTBEAT] events=14750 decisions=12 live_orders=0 tested_orders=0
[HEARTBEAT] events=14775 decisions=12 live_orders=0 tested_orders=0
[HEARTBEAT] events=14800 decisions=12 live_orders=0 tested_orders=0
[HEARTBEAT] events=14825 decisions=12 live_orders=0 tested_orders=0
[HEARTBEAT] events=14850 decisions=12 live_orders=0 tested_orders=0
[HEARTBEAT] events=14875 decisions=12 live_orders=0 tested_orders=0
[HEARTBEAT] events=14900 decisions=12 live_orders=0 tested_orders=0
[HEARTBEAT] events=14925 decisions=12 live_orders=0 tested_orders=0
[HEARTBEAT] events=14950 decisions=12 live_orders=0 tested_orders=0
[HEARTBEAT] events=14975 decisions=12 live_orders=0 tested_orders=0
[HEARTBEAT] events=15000 decisions=12 live_orders=0 tested_orders=0
[HEARTBEAT] events=15025 decisions=12 live_orders=0 tested_orders=0
[HEARTBEAT] events=15050 decisions=12 live_orders=0 tested_orders=0
[HEARTBEAT] events=15075 decisions=12 live_orders=0 tested_orders=0
[HEARTBEAT] events=15100 decisions=12 live_orders=0 tested_orders=0
[HEARTBEAT] events=15125 decisions=12 live_orders=0 tested_orders=0
[HEARTBEAT] events=15150 decisions=12 live_orders=0 tested_orders=0
[HEARTBEAT] events=15175 decisions=12 live_orders=0 tested_orders=0
[HEARTBEAT] events=15200 decisions=12 live_orders=0 tested_orders=0
[HEARTBEAT] events=15225 decisions=12 live_orders=0 tested_orders=0
[HEARTBEAT] events=15250 decisions=12 live_orders=0 tested_orders=0
[HEARTBEAT] events=15275 decisions=12 live_orders=0 tested_orders=0
[HEARTBEAT] events=15300 decisions=12 live_orders=0 tested_orders=0
[HEARTBEAT] events=15325 decisions=12 live_orders=0 tested_orders=0
[HEARTBEAT] events=15350 decisions=12 live_orders=0 tested_orders=0
[HEARTBEAT] events=15375 decisions=12 live_orders=0 tested_orders=0
[HEARTBEAT] events=15400 decisions=12 live_orders=0 tested_orders=0
[HEARTBEAT] events=15425 decisions=12 live_orders=0 tested_orders=0
[HEARTBEAT] events=15450 decisions=12 live_orders=0 tested_orders=0
[HEARTBEAT] events=15475 decisions=12 live_orders=0 tested_orders=0
[HEARTBEAT] events=15500 decisions=12 live_orders=0 tested_orders=0
[DECISION] 2026-04-21T05:23:00+00:00 ETHUSDT mode=futures side=long score=72.89
[SUBMISSION_GATE] ETHUSDT allow=False can_open=True existing=no pending_external=False order_cooldown=False manual_cooldown=False live_allowed=True
[EXEC_PREFLIGHT] ETHUSDT allow=False live_allowed=True managed=cash:0.00 prepared=cash:0.00 reasons=HIGH_CONVICTION_RECENT_LONG_CONFIRMATION_REQUIRED
[DECISION] 2026-04-21T05:23:00+00:00 PEPEUSDT mode=futures side=long score=67.11
[SUBMISSION_GATE] PEPEUSDT allow=False can_open=True existing=no pending_external=False order_cooldown=False manual_cooldown=False live_allowed=True
[EXEC_PREFLIGHT] PEPEUSDT allow=False live_allowed=True managed=cash:0.00 prepared=cash:0.00 reasons=HIGH_CONVICTION_A_PLUS_REQUIRED
[DECISION] 2026-04-21T05:23:00+00:00 SOLUSDT mode=futures side=long score=65.42
[SUBMISSION_GATE] SOLUSDT allow=False can_open=True existing=no pending_external=False order_cooldown=False manual_cooldown=False live_allowed=True
[EXEC_PREFLIGHT] SOLUSDT allow=False live_allowed=True managed=cash:0.00 prepared=cash:0.00 reasons=HIGH_CONVICTION_RECENT_LONG_CONFIRMATION_REQUIRED
[DECISION] 2026-04-21T05:23:00+00:00 DOGEUSDT mode=futures side=short score=68.32
[SUBMISSION_GATE] DOGEUSDT allow=False can_open=True existing=no pending_external=False order_cooldown=False manual_cooldown=False live_allowed=True
[EXEC_PREFLIGHT] DOGEUSDT allow=False live_allowed=True managed=cash:0.00 prepared=cash:0.00 reasons=LONG_ONLY_TURNAROUND_ENTRY_LONG_ONLY
[HEARTBEAT] events=15525 decisions=16 live_orders=0 tested_orders=0
[HEARTBEAT] events=15550 decisions=16 live_orders=0 tested_orders=0
[HEARTBEAT] events=15575 decisions=16 live_orders=0 tested_orders=0
[HEARTBEAT] events=15600 decisions=16 live_orders=0 tested_orders=0
[HEARTBEAT] events=15625 decisions=16 live_orders=0 tested_orders=0
[HEARTBEAT] events=15650 decisions=16 live_orders=0 tested_orders=0
[HEARTBEAT] events=15675 decisions=16 live_orders=0 tested_orders=0
[HEARTBEAT] events=15700 decisions=16 live_orders=0 tested_orders=0
[HEARTBEAT] events=15725 decisions=16 live_orders=0 tested_orders=0
[HEARTBEAT] events=15750 decisions=16 live_orders=0 tested_orders=0
[HEARTBEAT] events=15775 decisions=16 live_orders=0 tested_orders=0
[HEARTBEAT] events=15800 decisions=16 live_orders=0 tested_orders=0
[HEARTBEAT] events=15825 decisions=16 live_orders=0 tested_orders=0
[HEARTBEAT] events=15850 decisions=16 live_orders=0 tested_orders=0
[HEARTBEAT] events=15875 decisions=16 live_orders=0 tested_orders=0
[HEARTBEAT] events=15900 decisions=16 live_orders=0 tested_orders=0
[HEARTBEAT] events=15925 decisions=16 live_orders=0 tested_orders=0
[HEARTBEAT] events=15950 decisions=16 live_orders=0 tested_orders=0
[HEARTBEAT] events=15975 decisions=16 live_orders=0 tested_orders=0
[HEARTBEAT] events=16000 decisions=16 live_orders=0 tested_orders=0
[HEARTBEAT] events=16025 decisions=16 live_orders=0 tested_orders=0
[HEARTBEAT] events=16050 decisions=16 live_orders=0 tested_orders=0
[HEARTBEAT] events=16075 decisions=16 live_orders=0 tested_orders=0
[HEARTBEAT] events=16100 decisions=16 live_orders=0 tested_orders=0
[HEARTBEAT] events=16125 decisions=16 live_orders=0 tested_orders=0
[HEARTBEAT] events=16150 decisions=16 live_orders=0 tested_orders=0
[HEARTBEAT] events=16175 decisions=16 live_orders=0 tested_orders=0
[HEARTBEAT] events=16200 decisions=16 live_orders=0 tested_orders=0
[HEARTBEAT] events=16225 decisions=16 live_orders=0 tested_orders=0
[HEARTBEAT] events=16250 decisions=16 live_orders=0 tested_orders=0
[HEARTBEAT] events=16275 decisions=16 live_orders=0 tested_orders=0
[HEARTBEAT] events=16300 decisions=16 live_orders=0 tested_orders=0
[HEARTBEAT] events=16325 decisions=16 live_orders=0 tested_orders=0
[HEARTBEAT] events=16350 decisions=16 live_orders=0 tested_orders=0
[HEARTBEAT] events=16375 decisions=16 live_orders=0 tested_orders=0
[HEARTBEAT] events=16400 decisions=16 live_orders=0 tested_orders=0
[HEARTBEAT] events=16425 decisions=16 live_orders=0 tested_orders=0
[HEARTBEAT] events=16450 decisions=16 live_orders=0 tested_orders=0
[HEARTBEAT] events=16475 decisions=16 live_orders=0 tested_orders=0
[HEARTBEAT] events=16500 decisions=16 live_orders=0 tested_orders=0
[HEARTBEAT] events=16525 decisions=16 live_orders=0 tested_orders=0
[HEARTBEAT] events=16550 decisions=16 live_orders=0 tested_orders=0
[HEARTBEAT] events=16575 decisions=16 live_orders=0 tested_orders=0
[HEARTBEAT] events=16600 decisions=16 live_orders=0 tested_orders=0
[HEARTBEAT] events=16625 decisions=16 live_orders=0 tested_orders=0
[HEARTBEAT] events=16650 decisions=16 live_orders=0 tested_orders=0
[HEARTBEAT] events=16675 decisions=16 live_orders=0 tested_orders=0
[HEARTBEAT] events=16700 decisions=16 live_orders=0 tested_orders=0
[HEARTBEAT] events=16725 decisions=16 live_orders=0 tested_orders=0
[HEARTBEAT] events=16750 decisions=16 live_orders=0 tested_orders=0
[HEARTBEAT] events=16775 decisions=16 live_orders=0 tested_orders=0
[HEARTBEAT] events=16800 decisions=16 live_orders=0 tested_orders=0
[HEARTBEAT] events=16825 decisions=16 live_orders=0 tested_orders=0
[HEARTBEAT] events=16850 decisions=16 live_orders=0 tested_orders=0
[HEARTBEAT] events=16875 decisions=16 live_orders=0 tested_orders=0
[HEARTBEAT] events=16900 decisions=16 live_orders=0 tested_orders=0
[HEARTBEAT] events=16925 decisions=16 live_orders=0 tested_orders=0
[HEARTBEAT] events=16950 decisions=16 live_orders=0 tested_orders=0
[HEARTBEAT] events=16975 decisions=16 live_orders=0 tested_orders=0
[HEARTBEAT] events=17000 decisions=16 live_orders=0 tested_orders=0
[HEARTBEAT] events=17025 decisions=16 live_orders=0 tested_orders=0
[HEARTBEAT] events=17050 decisions=16 live_orders=0 tested_orders=0
[HEARTBEAT] events=17075 decisions=16 live_orders=0 tested_orders=0
[HEARTBEAT] events=17100 decisions=16 live_orders=0 tested_orders=0
[HEARTBEAT] events=17125 decisions=16 live_orders=0 tested_orders=0
[HEARTBEAT] events=17150 decisions=16 live_orders=0 tested_orders=0
[HEARTBEAT] events=17175 decisions=16 live_orders=0 tested_orders=0
[HEARTBEAT] events=17200 decisions=16 live_orders=0 tested_orders=0
[HEARTBEAT] events=17225 decisions=16 live_orders=0 tested_orders=0
[HEARTBEAT] events=17250 decisions=16 live_orders=0 tested_orders=0
[HEARTBEAT] events=17275 decisions=16 live_orders=0 tested_orders=0
[HEARTBEAT] events=17300 decisions=16 live_orders=0 tested_orders=0
[SYNC] 2026-04-21T05:23:44.244756+00:00 account/open-order snapshot refreshed
[HEARTBEAT] events=17325 decisions=16 live_orders=0 tested_orders=0
[HEARTBEAT] events=17350 decisions=16 live_orders=0 tested_orders=0
[HEARTBEAT] events=17375 decisions=16 live_orders=0 tested_orders=0
[HEARTBEAT] events=17400 decisions=16 live_orders=0 tested_orders=0
[HEARTBEAT] events=17425 decisions=16 live_orders=0 tested_orders=0
[HEARTBEAT] events=17450 decisions=16 live_orders=0 tested_orders=0
[HEARTBEAT] events=17475 decisions=16 live_orders=0 tested_orders=0
[HEARTBEAT] events=17500 decisions=16 live_orders=0 tested_orders=0
[HEARTBEAT] events=17525 decisions=16 live_orders=0 tested_orders=0
[HEARTBEAT] events=17550 decisions=16 live_orders=0 tested_orders=0
[HEARTBEAT] events=17575 decisions=16 live_orders=0 tested_orders=0
[HEARTBEAT] events=17600 decisions=16 live_orders=0 tested_orders=0
[HEARTBEAT] events=17625 decisions=16 live_orders=0 tested_orders=0
[HEARTBEAT] events=17650 decisions=16 live_orders=0 tested_orders=0
[HEARTBEAT] events=17675 decisions=16 live_orders=0 tested_orders=0
[HEARTBEAT] events=17700 decisions=16 live_orders=0 tested_orders=0
[HEARTBEAT] events=17725 decisions=16 live_orders=0 tested_orders=0
[HEARTBEAT] events=17750 decisions=16 live_orders=0 tested_orders=0
[HEARTBEAT] events=17775 decisions=16 live_orders=0 tested_orders=0
[HEARTBEAT] events=17800 decisions=16 live_orders=0 tested_orders=0
[HEARTBEAT] events=17825 decisions=16 live_orders=0 tested_orders=0
[HEARTBEAT] events=17850 decisions=16 live_orders=0 tested_orders=0
[HEARTBEAT] events=17875 decisions=16 live_orders=0 tested_orders=0
[HEARTBEAT] events=17900 decisions=16 live_orders=0 tested_orders=0
[HEARTBEAT] events=17925 decisions=16 live_orders=0 tested_orders=0
[HEARTBEAT] events=17950 decisions=16 live_orders=0 tested_orders=0
[HEARTBEAT] events=17975 decisions=16 live_orders=0 tested_orders=0
[HEARTBEAT] events=18000 decisions=16 live_orders=0 tested_orders=0
[HEARTBEAT] events=18025 decisions=16 live_orders=0 tested_orders=0
[HEARTBEAT] events=18050 decisions=16 live_orders=0 tested_orders=0
[HEARTBEAT] events=18075 decisions=16 live_orders=0 tested_orders=0
[HEARTBEAT] events=18100 decisions=16 live_orders=0 tested_orders=0
[HEARTBEAT] events=18125 decisions=16 live_orders=0 tested_orders=0
[HEARTBEAT] events=18150 decisions=16 live_orders=0 tested_orders=0
[HEARTBEAT] events=18175 decisions=16 live_orders=0 tested_orders=0
[HEARTBEAT] events=18200 decisions=16 live_orders=0 tested_orders=0
[HEARTBEAT] events=18225 decisions=16 live_orders=0 tested_orders=0
[HEARTBEAT] events=18250 decisions=16 live_orders=0 tested_orders=0
[HEARTBEAT] events=18275 decisions=16 live_orders=0 tested_orders=0
[HEARTBEAT] events=18300 decisions=16 live_orders=0 tested_orders=0
[HEARTBEAT] events=18325 decisions=16 live_orders=0 tested_orders=0
[HEARTBEAT] events=18350 decisions=16 live_orders=0 tested_orders=0
[HEARTBEAT] events=18375 decisions=16 live_orders=0 tested_orders=0
[HEARTBEAT] events=18400 decisions=16 live_orders=0 tested_orders=0
[HEARTBEAT] events=18425 decisions=16 live_orders=0 tested_orders=0
[HEARTBEAT] events=18450 decisions=16 live_orders=0 tested_orders=0
[HEARTBEAT] events=18475 decisions=16 live_orders=0 tested_orders=0
[HEARTBEAT] events=18500 decisions=16 live_orders=0 tested_orders=0
[HEARTBEAT] events=18525 decisions=16 live_orders=0 tested_orders=0
[HEARTBEAT] events=18550 decisions=16 live_orders=0 tested_orders=0
[HEARTBEAT] events=18575 decisions=16 live_orders=0 tested_orders=0
[HEARTBEAT] events=18600 decisions=16 live_orders=0 tested_orders=0
[HEARTBEAT] events=18625 decisions=16 live_orders=0 tested_orders=0
[HEARTBEAT] events=18650 decisions=16 live_orders=0 tested_orders=0
[HEARTBEAT] events=18675 decisions=16 live_orders=0 tested_orders=0
[HEARTBEAT] events=18700 decisions=16 live_orders=0 tested_orders=0
[HEARTBEAT] events=18725 decisions=16 live_orders=0 tested_orders=0
[HEARTBEAT] events=18750 decisions=16 live_orders=0 tested_orders=0
[HEARTBEAT] events=18775 decisions=16 live_orders=0 tested_orders=0
[HEARTBEAT] events=18800 decisions=16 live_orders=0 tested_orders=0
[HEARTBEAT] events=18825 decisions=16 live_orders=0 tested_orders=0
[HEARTBEAT] events=18850 decisions=16 live_orders=0 tested_orders=0
[HEARTBEAT] events=18875 decisions=16 live_orders=0 tested_orders=0
[HEARTBEAT] events=18900 decisions=16 live_orders=0 tested_orders=0
[HEARTBEAT] events=18925 decisions=16 live_orders=0 tested_orders=0
[HEARTBEAT] events=18950 decisions=16 live_orders=0 tested_orders=0
[HEARTBEAT] events=18975 decisions=16 live_orders=0 tested_orders=0
[HEARTBEAT] events=19000 decisions=16 live_orders=0 tested_orders=0
[HEARTBEAT] events=19025 decisions=16 live_orders=0 tested_orders=0
[HEARTBEAT] events=19050 decisions=16 live_orders=0 tested_orders=0
[HEARTBEAT] events=19075 decisions=16 live_orders=0 tested_orders=0
[HEARTBEAT] events=19100 decisions=16 live_orders=0 tested_orders=0
[HEARTBEAT] events=19125 decisions=16 live_orders=0 tested_orders=0
[HEARTBEAT] events=19150 decisions=16 live_orders=0 tested_orders=0
[HEARTBEAT] events=19175 decisions=16 live_orders=0 tested_orders=0
[HEARTBEAT] events=19200 decisions=16 live_orders=0 tested_orders=0
[HEARTBEAT] events=19225 decisions=16 live_orders=0 tested_orders=0
[HEARTBEAT] events=19250 decisions=16 live_orders=0 tested_orders=0
[HEARTBEAT] events=19275 decisions=16 live_orders=0 tested_orders=0
[HEARTBEAT] events=19300 decisions=16 live_orders=0 tested_orders=0
[HEARTBEAT] events=19325 decisions=16 live_orders=0 tested_orders=0
[HEARTBEAT] events=19350 decisions=16 live_orders=0 tested_orders=0
[HEARTBEAT] events=19375 decisions=16 live_orders=0 tested_orders=0
[HEARTBEAT] events=19400 decisions=16 live_orders=0 tested_orders=0
[HEARTBEAT] events=19425 decisions=16 live_orders=0 tested_orders=0
[HEARTBEAT] events=19450 decisions=16 live_orders=0 tested_orders=0
[HEARTBEAT] events=19475 decisions=16 live_orders=0 tested_orders=0
[HEARTBEAT] events=19500 decisions=16 live_orders=0 tested_orders=0
[HEARTBEAT] events=19525 decisions=16 live_orders=0 tested_orders=0
[HEARTBEAT] events=19550 decisions=16 live_orders=0 tested_orders=0
[HEARTBEAT] events=19575 decisions=16 live_orders=0 tested_orders=0
[HEARTBEAT] events=19600 decisions=16 live_orders=0 tested_orders=0
[HEARTBEAT] events=19625 decisions=16 live_orders=0 tested_orders=0
[HEARTBEAT] events=19650 decisions=16 live_orders=0 tested_orders=0
[HEARTBEAT] events=19675 decisions=16 live_orders=0 tested_orders=0
[HEARTBEAT] events=19700 decisions=16 live_orders=0 tested_orders=0
[HEARTBEAT] events=19725 decisions=16 live_orders=0 tested_orders=0
[HEARTBEAT] events=19750 decisions=16 live_orders=0 tested_orders=0
[HEARTBEAT] events=19775 decisions=16 live_orders=0 tested_orders=0
[HEARTBEAT] events=19800 decisions=16 live_orders=0 tested_orders=0
[HEARTBEAT] events=19825 decisions=16 live_orders=0 tested_orders=0
[HEARTBEAT] events=19850 decisions=16 live_orders=0 tested_orders=0
[HEARTBEAT] events=19875 decisions=16 live_orders=0 tested_orders=0
[HEARTBEAT] events=19900 decisions=16 live_orders=0 tested_orders=0
[HEARTBEAT] events=19925 decisions=16 live_orders=0 tested_orders=0
[HEARTBEAT] events=19950 decisions=16 live_orders=0 tested_orders=0
[HEARTBEAT] events=19975 decisions=16 live_orders=0 tested_orders=0
[HEARTBEAT] events=20000 decisions=16 live_orders=0 tested_orders=0
[HEARTBEAT] events=20025 decisions=16 live_orders=0 tested_orders=0
[HEARTBEAT] events=20050 decisions=16 live_orders=0 tested_orders=0
[HEARTBEAT] events=20075 decisions=16 live_orders=0 tested_orders=0
[HEARTBEAT] events=20100 decisions=16 live_orders=0 tested_orders=0
[HEARTBEAT] events=20125 decisions=16 live_orders=0 tested_orders=0
[HEARTBEAT] events=20150 decisions=16 live_orders=0 tested_orders=0
[HEARTBEAT] events=20175 decisions=16 live_orders=0 tested_orders=0
[HEARTBEAT] events=20200 decisions=16 live_orders=0 tested_orders=0
[HEARTBEAT] events=20225 decisions=16 live_orders=0 tested_orders=0
[HEARTBEAT] events=20250 decisions=16 live_orders=0 tested_orders=0
[HEARTBEAT] events=20275 decisions=16 live_orders=0 tested_orders=0
[HEARTBEAT] events=20300 decisions=16 live_orders=0 tested_orders=0
[HEARTBEAT] events=20325 decisions=16 live_orders=0 tested_orders=0
[HEARTBEAT] events=20350 decisions=16 live_orders=0 tested_orders=0
[HEARTBEAT] events=20375 decisions=16 live_orders=0 tested_orders=0
[HEARTBEAT] events=20400 decisions=16 live_orders=0 tested_orders=0
[HEARTBEAT] events=20425 decisions=16 live_orders=0 tested_orders=0
[ERROR] websocket attempt=1 error=no close frame received or sent
[RETRY] attempt=2 sleeping=1.00s
[DECISION] 2026-04-21T05:24:00+00:00 DOGEUSDT mode=futures side=short score=70.25
[SUBMISSION_GATE] DOGEUSDT allow=False can_open=True existing=no pending_external=False order_cooldown=False manual_cooldown=False live_allowed=True
[EXEC_PREFLIGHT] DOGEUSDT allow=False live_allowed=True managed=cash:0.00 prepared=cash:0.00 reasons=LONG_ONLY_TURNAROUND_ENTRY_LONG_ONLY
[DECISION] 2026-04-21T05:24:00+00:00 ETHUSDT mode=futures side=long score=78.68
[SUBMISSION_GATE] ETHUSDT allow=False can_open=True existing=no pending_external=False order_cooldown=False manual_cooldown=False live_allowed=True
[EXEC_PREFLIGHT] ETHUSDT allow=False live_allowed=True managed=cash:0.00 prepared=cash:0.00 reasons=HIGH_CONVICTION_RECENT_LONG_CONFIRMATION_REQUIRED
[DECISION] 2026-04-21T05:24:00+00:00 PEPEUSDT mode=futures side=long score=66.96
[SUBMISSION_GATE] PEPEUSDT allow=False can_open=True existing=no pending_external=False order_cooldown=False manual_cooldown=False live_allowed=True
[EXEC_PREFLIGHT] PEPEUSDT allow=False live_allowed=True managed=cash:0.00 prepared=cash:0.00 reasons=HIGH_CONVICTION_A_PLUS_REQUIRED
[DECISION] 2026-04-21T05:24:00+00:00 SOLUSDT mode=futures side=long score=68.17
[SUBMISSION_GATE] SOLUSDT allow=False can_open=True existing=no pending_external=False order_cooldown=False manual_cooldown=False live_allowed=True
[EXEC_PREFLIGHT] SOLUSDT allow=False live_allowed=True managed=cash:0.00 prepared=cash:0.00 reasons=HIGH_CONVICTION_RECENT_LONG_CONFIRMATION_REQUIRED
[HEARTBEAT] events=20450 decisions=20 live_orders=0 tested_orders=0
[HEARTBEAT] events=20475 decisions=20 live_orders=0 tested_orders=0
[HEARTBEAT] events=20500 decisions=20 live_orders=0 tested_orders=0
[HEARTBEAT] events=20525 decisions=20 live_orders=0 tested_orders=0
[HEARTBEAT] events=20550 decisions=20 live_orders=0 tested_orders=0
[HEARTBEAT] events=20575 decisions=20 live_orders=0 tested_orders=0
[HEARTBEAT] events=20600 decisions=20 live_orders=0 tested_orders=0
[CONNECT] websocket attempt=2
[HEARTBEAT] events=20625 decisions=20 live_orders=0 tested_orders=0
[HEARTBEAT] events=20650 decisions=20 live_orders=0 tested_orders=0
[HEARTBEAT] events=20675 decisions=20 live_orders=0 tested_orders=0
[HEARTBEAT] events=20700 decisions=20 live_orders=0 tested_orders=0
[HEARTBEAT] events=20725 decisions=20 live_orders=0 tested_orders=0
[HEARTBEAT] events=20750 decisions=20 live_orders=0 tested_orders=0
[HEARTBEAT] events=20775 decisions=20 live_orders=0 tested_orders=0
[HEARTBEAT] events=20800 decisions=20 live_orders=0 tested_orders=0
[HEARTBEAT] events=20825 decisions=20 live_orders=0 tested_orders=0
[HEARTBEAT] events=20850 decisions=20 live_orders=0 tested_orders=0
[HEARTBEAT] events=20875 decisions=20 live_orders=0 tested_orders=0
[HEARTBEAT] events=20900 decisions=20 live_orders=0 tested_orders=0
[HEARTBEAT] events=20925 decisions=20 live_orders=0 tested_orders=0
[HEARTBEAT] events=20950 decisions=20 live_orders=0 tested_orders=0
[HEARTBEAT] events=20975 decisions=20 live_orders=0 tested_orders=0
[HEARTBEAT] events=21000 decisions=20 live_orders=0 tested_orders=0
[HEARTBEAT] events=21025 decisions=20 live_orders=0 tested_orders=0
[HEARTBEAT] events=21050 decisions=20 live_orders=0 tested_orders=0
[HEARTBEAT] events=21075 decisions=20 live_orders=0 tested_orders=0
[HEARTBEAT] events=21100 decisions=20 live_orders=0 tested_orders=0
[HEARTBEAT] events=21125 decisions=20 live_orders=0 tested_orders=0
[HEARTBEAT] events=21150 decisions=20 live_orders=0 tested_orders=0
[HEARTBEAT] events=21175 decisions=20 live_orders=0 tested_orders=0
[HEARTBEAT] events=21200 decisions=20 live_orders=0 tested_orders=0
[HEARTBEAT] events=21225 decisions=20 live_orders=0 tested_orders=0
[HEARTBEAT] events=21250 decisions=20 live_orders=0 tested_orders=0
[HEARTBEAT] events=21275 decisions=20 live_orders=0 tested_orders=0
[HEARTBEAT] events=21300 decisions=20 live_orders=0 tested_orders=0
[HEARTBEAT] events=21325 decisions=20 live_orders=0 tested_orders=0
[HEARTBEAT] events=21350 decisions=20 live_orders=0 tested_orders=0
[HEARTBEAT] events=21375 decisions=20 live_orders=0 tested_orders=0
[HEARTBEAT] events=21400 decisions=20 live_orders=0 tested_orders=0
[HEARTBEAT] events=21425 decisions=20 live_orders=0 tested_orders=0
[DECISION] 2026-04-21T05:22:00+00:00 PEPEUSDT mode=futures side=long score=67.00
[SUBMISSION_GATE] PEPEUSDT allow=False can_open=True existing=no pending_external=False order_cooldown=False manual_cooldown=False live_allowed=True
[EXEC_PREFLIGHT] PEPEUSDT allow=False live_allowed=True managed=cash:0.00 prepared=cash:0.00 reasons=HIGH_CONVICTION_A_PLUS_REQUIRED
[DECISION] 2026-04-21T05:23:00+00:00 PEPEUSDT mode=futures side=long score=67.00
[SUBMISSION_GATE] PEPEUSDT allow=False can_open=True existing=no pending_external=False order_cooldown=False manual_cooldown=False live_allowed=True
[EXEC_PREFLIGHT] PEPEUSDT allow=False live_allowed=True managed=cash:0.00 prepared=cash:0.00 reasons=HIGH_CONVICTION_A_PLUS_REQUIRED
[DECISION] 2026-04-21T05:24:00+00:00 PEPEUSDT mode=futures side=long score=67.00
[SUBMISSION_GATE] PEPEUSDT allow=False can_open=True existing=no pending_external=False order_cooldown=False manual_cooldown=False live_allowed=True
[EXEC_PREFLIGHT] PEPEUSDT allow=False live_allowed=True managed=cash:0.00 prepared=cash:0.00 reasons=HIGH_CONVICTION_A_PLUS_REQUIRED
[HEARTBEAT] events=21450 decisions=23 live_orders=0 tested_orders=0
[HEARTBEAT] events=21475 decisions=23 live_orders=0 tested_orders=0
[HEARTBEAT] events=21500 decisions=23 live_orders=0 tested_orders=0
[HEARTBEAT] events=21525 decisions=23 live_orders=0 tested_orders=0
[HEARTBEAT] events=21550 decisions=23 live_orders=0 tested_orders=0
[HEARTBEAT] events=21575 decisions=23 live_orders=0 tested_orders=0
[HEARTBEAT] events=21600 decisions=23 live_orders=0 tested_orders=0
[HEARTBEAT] events=21625 decisions=23 live_orders=0 tested_orders=0
[HEARTBEAT] events=21650 decisions=23 live_orders=0 tested_orders=0
[HEARTBEAT] events=21675 decisions=23 live_orders=0 tested_orders=0
[HEARTBEAT] events=21700 decisions=23 live_orders=0 tested_orders=0
[HEARTBEAT] events=21725 decisions=23 live_orders=0 tested_orders=0
[HEARTBEAT] events=21750 decisions=23 live_orders=0 tested_orders=0
[HEARTBEAT] events=21775 decisions=23 live_orders=0 tested_orders=0
[HEARTBEAT] events=21800 decisions=23 live_orders=0 tested_orders=0
[HEARTBEAT] events=21825 decisions=23 live_orders=0 tested_orders=0
[HEARTBEAT] events=21850 decisions=23 live_orders=0 tested_orders=0
[HEARTBEAT] events=21875 decisions=23 live_orders=0 tested_orders=0
[HEARTBEAT] events=21900 decisions=23 live_orders=0 tested_orders=0
[HEARTBEAT] events=21925 decisions=23 live_orders=0 tested_orders=0
[HEARTBEAT] events=21950 decisions=23 live_orders=0 tested_orders=0
[HEARTBEAT] events=21975 decisions=23 live_orders=0 tested_orders=0
[HEARTBEAT] events=22000 decisions=23 live_orders=0 tested_orders=0
[HEARTBEAT] events=22025 decisions=23 live_orders=0 tested_orders=0
[HEARTBEAT] events=22050 decisions=23 live_orders=0 tested_orders=0
[HEARTBEAT] events=22075 decisions=23 live_orders=0 tested_orders=0
[HEARTBEAT] events=22100 decisions=23 live_orders=0 tested_orders=0
[HEARTBEAT] events=22125 decisions=23 live_orders=0 tested_orders=0
[HEARTBEAT] events=22150 decisions=23 live_orders=0 tested_orders=0
[HEARTBEAT] events=22175 decisions=23 live_orders=0 tested_orders=0
[HEARTBEAT] events=22200 decisions=23 live_orders=0 tested_orders=0
[HEARTBEAT] events=22225 decisions=23 live_orders=0 tested_orders=0
[HEARTBEAT] events=22250 decisions=23 live_orders=0 tested_orders=0
[HEARTBEAT] events=22275 decisions=23 live_orders=0 tested_orders=0
[HEARTBEAT] events=22300 decisions=23 live_orders=0 tested_orders=0
[HEARTBEAT] events=22325 decisions=23 live_orders=0 tested_orders=0
[HEARTBEAT] events=22350 decisions=23 live_orders=0 tested_orders=0
[HEARTBEAT] events=22375 decisions=23 live_orders=0 tested_orders=0
[HEARTBEAT] events=22400 decisions=23 live_orders=0 tested_orders=0
[HEARTBEAT] events=22425 decisions=23 live_orders=0 tested_orders=0
[HEARTBEAT] events=22450 decisions=23 live_orders=0 tested_orders=0
[HEARTBEAT] events=22475 decisions=23 live_orders=0 tested_orders=0
[HEARTBEAT] events=22500 decisions=23 live_orders=0 tested_orders=0
[HEARTBEAT] events=22525 decisions=23 live_orders=0 tested_orders=0
[HEARTBEAT] events=22550 decisions=23 live_orders=0 tested_orders=0
[HEARTBEAT] events=22575 decisions=23 live_orders=0 tested_orders=0
[HEARTBEAT] events=22600 decisions=23 live_orders=0 tested_orders=0
[HEARTBEAT] events=22625 decisions=23 live_orders=0 tested_orders=0
[HEARTBEAT] events=22650 decisions=23 live_orders=0 tested_orders=0
[HEARTBEAT] events=22675 decisions=23 live_orders=0 tested_orders=0
[HEARTBEAT] events=22700 decisions=23 live_orders=0 tested_orders=0
[HEARTBEAT] events=22725 decisions=23 live_orders=0 tested_orders=0
[HEARTBEAT] events=22750 decisions=23 live_orders=0 tested_orders=0
[HEARTBEAT] events=22775 decisions=23 live_orders=0 tested_orders=0
[HEARTBEAT] events=22800 decisions=23 live_orders=0 tested_orders=0
[HEARTBEAT] events=22825 decisions=23 live_orders=0 tested_orders=0
[HEARTBEAT] events=22850 decisions=23 live_orders=0 tested_orders=0
[HEARTBEAT] events=22875 decisions=23 live_orders=0 tested_orders=0
[HEARTBEAT] events=22900 decisions=23 live_orders=0 tested_orders=0
[HEARTBEAT] events=22925 decisions=23 live_orders=0 tested_orders=0
[HEARTBEAT] events=22950 decisions=23 live_orders=0 tested_orders=0
[HEARTBEAT] events=22975 decisions=23 live_orders=0 tested_orders=0
[HEARTBEAT] events=23000 decisions=23 live_orders=0 tested_orders=0
[HEARTBEAT] events=23025 decisions=23 live_orders=0 tested_orders=0
[HEARTBEAT] events=23050 decisions=23 live_orders=0 tested_orders=0
[HEARTBEAT] events=23075 decisions=23 live_orders=0 tested_orders=0
[HEARTBEAT] events=23100 decisions=23 live_orders=0 tested_orders=0
[HEARTBEAT] events=23125 decisions=23 live_orders=0 tested_orders=0
[HEARTBEAT] events=23150 decisions=23 live_orders=0 tested_orders=0
[HEARTBEAT] events=23175 decisions=23 live_orders=0 tested_orders=0
[HEARTBEAT] events=23200 decisions=23 live_orders=0 tested_orders=0
[HEARTBEAT] events=23225 decisions=23 live_orders=0 tested_orders=0
[HEARTBEAT] events=23250 decisions=23 live_orders=0 tested_orders=0
[HEARTBEAT] events=23275 decisions=23 live_orders=0 tested_orders=0
[HEARTBEAT] events=23300 decisions=23 live_orders=0 tested_orders=0
[HEARTBEAT] events=23325 decisions=23 live_orders=0 tested_orders=0
[HEARTBEAT] events=23350 decisions=23 live_orders=0 tested_orders=0
[HEARTBEAT] events=23375 decisions=23 live_orders=0 tested_orders=0
[HEARTBEAT] events=23400 decisions=23 live_orders=0 tested_orders=0
[HEARTBEAT] events=23425 decisions=23 live_orders=0 tested_orders=0
[HEARTBEAT] events=23450 decisions=23 live_orders=0 tested_orders=0
[HEARTBEAT] events=23475 decisions=23 live_orders=0 tested_orders=0
[HEARTBEAT] events=23500 decisions=23 live_orders=0 tested_orders=0
[HEARTBEAT] events=23525 decisions=23 live_orders=0 tested_orders=0
[DECISION] 2026-04-21T05:22:00+00:00 PEPEUSDT mode=futures side=long score=66.54
[SUBMISSION_GATE] PEPEUSDT allow=False can_open=True existing=no pending_external=False order_cooldown=False manual_cooldown=False live_allowed=True
[EXEC_PREFLIGHT] PEPEUSDT allow=False live_allowed=True managed=cash:0.00 prepared=cash:0.00 reasons=HIGH_CONVICTION_A_PLUS_REQUIRED
[DECISION] 2026-04-21T05:23:00+00:00 PEPEUSDT mode=futures side=long score=66.54
[SUBMISSION_GATE] PEPEUSDT allow=False can_open=True existing=no pending_external=False order_cooldown=False manual_cooldown=False live_allowed=True
[EXEC_PREFLIGHT] PEPEUSDT allow=False live_allowed=True managed=cash:0.00 prepared=cash:0.00 reasons=HIGH_CONVICTION_A_PLUS_REQUIRED
[DECISION] 2026-04-21T05:24:00+00:00 PEPEUSDT mode=futures side=long score=66.54
[SUBMISSION_GATE] PEPEUSDT allow=False can_open=True existing=no pending_external=False order_cooldown=False manual_cooldown=False live_allowed=True
[EXEC_PREFLIGHT] PEPEUSDT allow=False live_allowed=True managed=cash:0.00 prepared=cash:0.00 reasons=HIGH_CONVICTION_A_PLUS_REQUIRED
[HEARTBEAT] events=23550 decisions=26 live_orders=0 tested_orders=0
[HEARTBEAT] events=23575 decisions=26 live_orders=0 tested_orders=0
[HEARTBEAT] events=23600 decisions=26 live_orders=0 tested_orders=0
[HEARTBEAT] events=23625 decisions=26 live_orders=0 tested_orders=0
[HEARTBEAT] events=23650 decisions=26 live_orders=0 tested_orders=0
[HEARTBEAT] events=23675 decisions=26 live_orders=0 tested_orders=0
[HEARTBEAT] events=23700 decisions=26 live_orders=0 tested_orders=0
[HEARTBEAT] events=23725 decisions=26 live_orders=0 tested_orders=0
[HEARTBEAT] events=23750 decisions=26 live_orders=0 tested_orders=0
[HEARTBEAT] events=23775 decisions=26 live_orders=0 tested_orders=0
[HEARTBEAT] events=23800 decisions=26 live_orders=0 tested_orders=0
[HEARTBEAT] events=23825 decisions=26 live_orders=0 tested_orders=0
[HEARTBEAT] events=23850 decisions=26 live_orders=0 tested_orders=0
[HEARTBEAT] events=23875 decisions=26 live_orders=0 tested_orders=0
[HEARTBEAT] events=23900 decisions=26 live_orders=0 tested_orders=0
[HEARTBEAT] events=23925 decisions=26 live_orders=0 tested_orders=0
[HEARTBEAT] events=23950 decisions=26 live_orders=0 tested_orders=0
[HEARTBEAT] events=23975 decisions=26 live_orders=0 tested_orders=0
[HEARTBEAT] events=24000 decisions=26 live_orders=0 tested_orders=0
[HEARTBEAT] events=24025 decisions=26 live_orders=0 tested_orders=0
[HEARTBEAT] events=24050 decisions=26 live_orders=0 tested_orders=0
[HEARTBEAT] events=24075 decisions=26 live_orders=0 tested_orders=0
[HEARTBEAT] events=24100 decisions=26 live_orders=0 tested_orders=0
[HEARTBEAT] events=24125 decisions=26 live_orders=0 tested_orders=0
[HEARTBEAT] events=24150 decisions=26 live_orders=0 tested_orders=0
[HEARTBEAT] events=24175 decisions=26 live_orders=0 tested_orders=0
[HEARTBEAT] events=24200 decisions=26 live_orders=0 tested_orders=0
[HEARTBEAT] events=24225 decisions=26 live_orders=0 tested_orders=0
[HEARTBEAT] events=24250 decisions=26 live_orders=0 tested_orders=0
[HEARTBEAT] events=24275 decisions=26 live_orders=0 tested_orders=0
[HEARTBEAT] events=24300 decisions=26 live_orders=0 tested_orders=0
[HEARTBEAT] events=24325 decisions=26 live_orders=0 tested_orders=0
[HEARTBEAT] events=24350 decisions=26 live_orders=0 tested_orders=0
[HEARTBEAT] events=24375 decisions=26 live_orders=0 tested_orders=0
[HEARTBEAT] events=24400 decisions=26 live_orders=0 tested_orders=0
[HEARTBEAT] events=24425 decisions=26 live_orders=0 tested_orders=0
[HEARTBEAT] events=24450 decisions=26 live_orders=0 tested_orders=0
[HEARTBEAT] events=24475 decisions=26 live_orders=0 tested_orders=0
[HEARTBEAT] events=24500 decisions=26 live_orders=0 tested_orders=0
[HEARTBEAT] events=24525 decisions=26 live_orders=0 tested_orders=0
[HEARTBEAT] events=24550 decisions=26 live_orders=0 tested_orders=0
[HEARTBEAT] events=24575 decisions=26 live_orders=0 tested_orders=0
[HEARTBEAT] events=24600 decisions=26 live_orders=0 tested_orders=0
[HEARTBEAT] events=24625 decisions=26 live_orders=0 tested_orders=0
[HEARTBEAT] events=24650 decisions=26 live_orders=0 tested_orders=0
[HEARTBEAT] events=24675 decisions=26 live_orders=0 tested_orders=0
[HEARTBEAT] events=24700 decisions=26 live_orders=0 tested_orders=0
[HEARTBEAT] events=24725 decisions=26 live_orders=0 tested_orders=0
[HEARTBEAT] events=24750 decisions=26 live_orders=0 tested_orders=0
[HEARTBEAT] events=24775 decisions=26 live_orders=0 tested_orders=0
[HEARTBEAT] events=24800 decisions=26 live_orders=0 tested_orders=0
[HEARTBEAT] events=24825 decisions=26 live_orders=0 tested_orders=0
[HEARTBEAT] events=24850 decisions=26 live_orders=0 tested_orders=0
[HEARTBEAT] events=24875 decisions=26 live_orders=0 tested_orders=0
[HEARTBEAT] events=24900 decisions=26 live_orders=0 tested_orders=0
[SYNC] 2026-04-21T05:24:44.249478+00:00 account/open-order snapshot refreshed
[HEARTBEAT] events=24925 decisions=26 live_orders=0 tested_orders=0
[HEARTBEAT] events=24950 decisions=26 live_orders=0 tested_orders=0
[HEARTBEAT] events=24975 decisions=26 live_orders=0 tested_orders=0
[HEARTBEAT] events=25000 decisions=26 live_orders=0 tested_orders=0
[HEARTBEAT] events=25025 decisions=26 live_orders=0 tested_orders=0
[HEARTBEAT] events=25050 decisions=26 live_orders=0 tested_orders=0
[HEARTBEAT] events=25075 decisions=26 live_orders=0 tested_orders=0
[HEARTBEAT] events=25100 decisions=26 live_orders=0 tested_orders=0
[DECISION] 2026-04-21T05:22:00+00:00 DOGEUSDT mode=futures side=short score=72.30
[SUBMISSION_GATE] DOGEUSDT allow=False can_open=True existing=no pending_external=False order_cooldown=False manual_cooldown=False live_allowed=True
[EXEC_PREFLIGHT] DOGEUSDT allow=False live_allowed=True managed=cash:0.00 prepared=cash:0.00 reasons=LONG_ONLY_TURNAROUND_ENTRY_LONG_ONLY
[DECISION] 2026-04-21T05:23:00+00:00 DOGEUSDT mode=cash side=flat score=46.86
[SUBMISSION_GATE] DOGEUSDT allow=False can_open=True existing=no pending_external=False order_cooldown=False manual_cooldown=False live_allowed=True
[EXEC_PREFLIGHT] DOGEUSDT allow=False live_allowed=True managed=cash:0.00 prepared=cash:0.00 reasons=BUYING_INTO_RESISTANCE,DIRECTION_CONFLICT,EDGE_BELOW_COST,EDGE_TOO_THIN,LIQUIDITY_TOO_WEAK,SCORE_TOO_LOW,SUPPORT_NOT_CONFIRMED
[DECISION] 2026-04-21T05:24:00+00:00 DOGEUSDT mode=cash side=flat score=46.86
[SUBMISSION_GATE] DOGEUSDT allow=False can_open=True existing=no pending_external=False order_cooldown=False manual_cooldown=False live_allowed=True
[EXEC_PREFLIGHT] DOGEUSDT allow=False live_allowed=True managed=cash:0.00 prepared=cash:0.00 reasons=BUYING_INTO_RESISTANCE,DIRECTION_CONFLICT,EDGE_BELOW_COST,EDGE_TOO_THIN,LIQUIDITY_TOO_WEAK,SCORE_TOO_LOW,SUPPORT_NOT_CONFIRMED
[HEARTBEAT] events=25125 decisions=29 live_orders=0 tested_orders=0
[HEARTBEAT] events=25150 decisions=29 live_orders=0 tested_orders=0
[HEARTBEAT] events=25175 decisions=29 live_orders=0 tested_orders=0
[HEARTBEAT] events=25200 decisions=29 live_orders=0 tested_orders=0
[HEARTBEAT] events=25225 decisions=29 live_orders=0 tested_orders=0
[HEARTBEAT] events=25250 decisions=29 live_orders=0 tested_orders=0
[HEARTBEAT] events=25275 decisions=29 live_orders=0 tested_orders=0
[HEARTBEAT] events=25300 decisions=29 live_orders=0 tested_orders=0
[HEARTBEAT] events=25325 decisions=29 live_orders=0 tested_orders=0
[HEARTBEAT] events=25350 decisions=29 live_orders=0 tested_orders=0
[HEARTBEAT] events=25375 decisions=29 live_orders=0 tested_orders=0
[HEARTBEAT] events=25400 decisions=29 live_orders=0 tested_orders=0
[HEARTBEAT] events=25425 decisions=29 live_orders=0 tested_orders=0
[HEARTBEAT] events=25450 decisions=29 live_orders=0 tested_orders=0
[HEARTBEAT] events=25475 decisions=29 live_orders=0 tested_orders=0
[HEARTBEAT] events=25500 decisions=29 live_orders=0 tested_orders=0
[HEARTBEAT] events=25525 decisions=29 live_orders=0 tested_orders=0
[HEARTBEAT] events=25550 decisions=29 live_orders=0 tested_orders=0
[DECISION] 2026-04-21T05:25:00+00:00 PEPEUSDT mode=futures side=long score=66.81
[SUBMISSION_GATE] PEPEUSDT allow=False can_open=True existing=no pending_external=False order_cooldown=False manual_cooldown=False live_allowed=True
[EXEC_PREFLIGHT] PEPEUSDT allow=False live_allowed=True managed=cash:0.00 prepared=cash:0.00 reasons=HIGH_CONVICTION_A_PLUS_REQUIRED
[HEARTBEAT] events=25575 decisions=30 live_orders=0 tested_orders=0
[HEARTBEAT] events=25600 decisions=30 live_orders=0 tested_orders=0
[DECISION] 2026-04-21T05:22:00+00:00 DOGEUSDT mode=futures side=short score=72.30
[SUBMISSION_GATE] DOGEUSDT allow=False can_open=True existing=no pending_external=False order_cooldown=False manual_cooldown=False live_allowed=True
[EXEC_PREFLIGHT] DOGEUSDT allow=False live_allowed=True managed=cash:0.00 prepared=cash:0.00 reasons=LONG_ONLY_TURNAROUND_ENTRY_LONG_ONLY
[DECISION] 2026-04-21T05:23:00+00:00 DOGEUSDT mode=cash side=flat score=46.86
[SUBMISSION_GATE] DOGEUSDT allow=False can_open=True existing=no pending_external=False order_cooldown=False manual_cooldown=False live_allowed=True
[EXEC_PREFLIGHT] DOGEUSDT allow=False live_allowed=True managed=cash:0.00 prepared=cash:0.00 reasons=BUYING_INTO_RESISTANCE,DIRECTION_CONFLICT,EDGE_BELOW_COST,EDGE_TOO_THIN,LIQUIDITY_TOO_WEAK,SCORE_TOO_LOW
[DECISION] 2026-04-21T05:24:00+00:00 DOGEUSDT mode=cash side=flat score=46.86
[SUBMISSION_GATE] DOGEUSDT allow=False can_open=True existing=no pending_external=False order_cooldown=False manual_cooldown=False live_allowed=True
[EXEC_PREFLIGHT] DOGEUSDT allow=False live_allowed=True managed=cash:0.00 prepared=cash:0.00 reasons=BUYING_INTO_RESISTANCE,DIRECTION_CONFLICT,EDGE_BELOW_COST,EDGE_TOO_THIN,LIQUIDITY_TOO_WEAK,SCORE_TOO_LOW,SUPPORT_NOT_CONFIRMED
[HEARTBEAT] events=25625 decisions=33 live_orders=0 tested_orders=0
[HEARTBEAT] events=25650 decisions=33 live_orders=0 tested_orders=0
[HEARTBEAT] events=25675 decisions=33 live_orders=0 tested_orders=0
[HEARTBEAT] events=25700 decisions=33 live_orders=0 tested_orders=0
[HEARTBEAT] events=25725 decisions=33 live_orders=0 tested_orders=0
[HEARTBEAT] events=25750 decisions=33 live_orders=0 tested_orders=0
[HEARTBEAT] events=25775 decisions=33 live_orders=0 tested_orders=0
[HEARTBEAT] events=25800 decisions=33 live_orders=0 tested_orders=0
[HEARTBEAT] events=25825 decisions=33 live_orders=0 tested_orders=0
[HEARTBEAT] events=25850 decisions=33 live_orders=0 tested_orders=0
[HEARTBEAT] events=25875 decisions=33 live_orders=0 tested_orders=0
[HEARTBEAT] events=25900 decisions=33 live_orders=0 tested_orders=0
[HEARTBEAT] events=25925 decisions=33 live_orders=0 tested_orders=0
[HEARTBEAT] events=25950 decisions=33 live_orders=0 tested_orders=0
[HEARTBEAT] events=25975 decisions=33 live_orders=0 tested_orders=0
[HEARTBEAT] events=26000 decisions=33 live_orders=0 tested_orders=0
[HEARTBEAT] events=26025 decisions=33 live_orders=0 tested_orders=0
[HEARTBEAT] events=26050 decisions=33 live_orders=0 tested_orders=0
[HEARTBEAT] events=26075 decisions=33 live_orders=0 tested_orders=0
[HEARTBEAT] events=26100 decisions=33 live_orders=0 tested_orders=0
[HEARTBEAT] events=26125 decisions=33 live_orders=0 tested_orders=0
[HEARTBEAT] events=26150 decisions=33 live_orders=0 tested_orders=0
[HEARTBEAT] events=26175 decisions=33 live_orders=0 tested_orders=0
[HEARTBEAT] events=26200 decisions=33 live_orders=0 tested_orders=0
[HEARTBEAT] events=26225 decisions=33 live_orders=0 tested_orders=0
[HEARTBEAT] events=26250 decisions=33 live_orders=0 tested_orders=0
[HEARTBEAT] events=26275 decisions=33 live_orders=0 tested_orders=0
[HEARTBEAT] events=26300 decisions=33 live_orders=0 tested_orders=0
[HEARTBEAT] events=26325 decisions=33 live_orders=0 tested_orders=0
[HEARTBEAT] events=26350 decisions=33 live_orders=0 tested_orders=0
[HEARTBEAT] events=26375 decisions=33 live_orders=0 tested_orders=0
[HEARTBEAT] events=26400 decisions=33 live_orders=0 tested_orders=0
[HEARTBEAT] events=26425 decisions=33 live_orders=0 tested_orders=0
[HEARTBEAT] events=26450 decisions=33 live_orders=0 tested_orders=0
[HEARTBEAT] events=26475 decisions=33 live_orders=0 tested_orders=0
[HEARTBEAT] events=26500 decisions=33 live_orders=0 tested_orders=0
[HEARTBEAT] events=26525 decisions=33 live_orders=0 tested_orders=0
[HEARTBEAT] events=26550 decisions=33 live_orders=0 tested_orders=0
[HEARTBEAT] events=26575 decisions=33 live_orders=0 tested_orders=0
[HEARTBEAT] events=26600 decisions=33 live_orders=0 tested_orders=0
[DECISION] 2026-04-21T05:22:00+00:00 ETHUSDT mode=futures side=short score=65.91
[SUBMISSION_GATE] ETHUSDT allow=False can_open=True existing=no pending_external=False order_cooldown=False manual_cooldown=False live_allowed=True
[EXEC_PREFLIGHT] ETHUSDT allow=False live_allowed=True managed=cash:0.00 prepared=cash:0.00 reasons=LONG_ONLY_TURNAROUND_ENTRY_LONG_ONLY
[DECISION] 2026-04-21T05:23:00+00:00 ETHUSDT mode=cash side=flat score=51.80
[SUBMISSION_GATE] ETHUSDT allow=False can_open=True existing=no pending_external=False order_cooldown=False manual_cooldown=False live_allowed=True
[EXEC_PREFLIGHT] ETHUSDT allow=False live_allowed=True managed=cash:0.00 prepared=cash:0.00 reasons=DIRECTION_CONFLICT,EDGE_BELOW_COST,EDGE_TOO_THIN,LIQUIDITY_TOO_WEAK,SCORE_TOO_LOW,SENTIMENT_CAUTION
[DECISION] 2026-04-21T05:24:00+00:00 ETHUSDT mode=futures side=long score=79.25
[SUBMISSION_GATE] ETHUSDT allow=False can_open=True existing=no pending_external=False order_cooldown=False manual_cooldown=False live_allowed=True
[EXEC_PREFLIGHT] ETHUSDT allow=False live_allowed=True managed=cash:0.00 prepared=cash:0.00 reasons=HIGH_CONVICTION_RECENT_LONG_CONFIRMATION_REQUIRED
[DECISION] 2026-04-21T05:25:00+00:00 ETHUSDT mode=futures side=long score=79.25
[SUBMISSION_GATE] ETHUSDT allow=False can_open=True existing=no pending_external=False order_cooldown=False manual_cooldown=False live_allowed=True
[EXEC_PREFLIGHT] ETHUSDT allow=False live_allowed=True managed=cash:0.00 prepared=cash:0.00 reasons=HIGH_CONVICTION_RECENT_LONG_CONFIRMATION_REQUIRED
[DECISION] 2026-04-21T05:25:00+00:00 DOGEUSDT mode=futures side=long score=74.17
[SUBMISSION_GATE] DOGEUSDT allow=False can_open=True existing=no pending_external=False order_cooldown=False manual_cooldown=False live_allowed=True
[EXEC_PREFLIGHT] DOGEUSDT allow=False live_allowed=True managed=cash:0.00 prepared=cash:0.00 reasons=HIGH_CONVICTION_RECENT_LONG_CONFIRMATION_REQUIRED
[HEARTBEAT] events=26625 decisions=38 live_orders=0 tested_orders=0
[HEARTBEAT] events=26650 decisions=38 live_orders=0 tested_orders=0
[DECISION] 2026-04-21T05:25:00+00:00 SOLUSDT mode=futures side=long score=74.91
[SUBMISSION_GATE] SOLUSDT allow=False can_open=True existing=no pending_external=False order_cooldown=False manual_cooldown=False live_allowed=True
[EXEC_PREFLIGHT] SOLUSDT allow=False live_allowed=True managed=cash:0.00 prepared=cash:0.00 reasons=HIGH_CONVICTION_RECENT_LONG_CONFIRMATION_REQUIRED
[HEARTBEAT] events=26675 decisions=39 live_orders=0 tested_orders=0
[HEARTBEAT] events=26700 decisions=39 live_orders=0 tested_orders=0
[HEARTBEAT] events=26725 decisions=39 live_orders=0 tested_orders=0
[HEARTBEAT] events=26750 decisions=39 live_orders=0 tested_orders=0
[HEARTBEAT] events=26775 decisions=39 live_orders=0 tested_orders=0
[HEARTBEAT] events=26800 decisions=39 live_orders=0 tested_orders=0
[HEARTBEAT] events=26825 decisions=39 live_orders=0 tested_orders=0
[HEARTBEAT] events=26850 decisions=39 live_orders=0 tested_orders=0
[HEARTBEAT] events=26875 decisions=39 live_orders=0 tested_orders=0
[HEARTBEAT] events=26900 decisions=39 live_orders=0 tested_orders=0
[HEARTBEAT] events=26925 decisions=39 live_orders=0 tested_orders=0
[HEARTBEAT] events=26950 decisions=39 live_orders=0 tested_orders=0
[HEARTBEAT] events=26975 decisions=39 live_orders=0 tested_orders=0
[HEARTBEAT] events=27000 decisions=39 live_orders=0 tested_orders=0
[HEARTBEAT] events=27025 decisions=39 live_orders=0 tested_orders=0
[HEARTBEAT] events=27050 decisions=39 live_orders=0 tested_orders=0
[HEARTBEAT] events=27075 decisions=39 live_orders=0 tested_orders=0
[HEARTBEAT] events=27100 decisions=39 live_orders=0 tested_orders=0
[HEARTBEAT] events=27125 decisions=39 live_orders=0 tested_orders=0
[HEARTBEAT] events=27150 decisions=39 live_orders=0 tested_orders=0
[HEARTBEAT] events=27175 decisions=39 live_orders=0 tested_orders=0
[HEARTBEAT] events=27200 decisions=39 live_orders=0 tested_orders=0
[HEARTBEAT] events=27225 decisions=39 live_orders=0 tested_orders=0
[HEARTBEAT] events=27250 decisions=39 live_orders=0 tested_orders=0
[HEARTBEAT] events=27275 decisions=39 live_orders=0 tested_orders=0
[HEARTBEAT] events=27300 decisions=39 live_orders=0 tested_orders=0
[HEARTBEAT] events=27325 decisions=39 live_orders=0 tested_orders=0
[HEARTBEAT] events=27350 decisions=39 live_orders=0 tested_orders=0
[HEARTBEAT] events=27375 decisions=39 live_orders=0 tested_orders=0
[HEARTBEAT] events=27400 decisions=39 live_orders=0 tested_orders=0
[HEARTBEAT] events=27425 decisions=39 live_orders=0 tested_orders=0
[HEARTBEAT] events=27450 decisions=39 live_orders=0 tested_orders=0
[HEARTBEAT] events=27475 decisions=39 live_orders=0 tested_orders=0
[HEARTBEAT] events=27500 decisions=39 live_orders=0 tested_orders=0
[HEARTBEAT] events=27525 decisions=39 live_orders=0 tested_orders=0
[HEARTBEAT] events=27550 decisions=39 live_orders=0 tested_orders=0
[HEARTBEAT] events=27575 decisions=39 live_orders=0 tested_orders=0
[HEARTBEAT] events=27600 decisions=39 live_orders=0 tested_orders=0
[HEARTBEAT] events=27625 decisions=39 live_orders=0 tested_orders=0
[HEARTBEAT] events=27650 decisions=39 live_orders=0 tested_orders=0
[HEARTBEAT] events=27675 decisions=39 live_orders=0 tested_orders=0
[HEARTBEAT] events=27700 decisions=39 live_orders=0 tested_orders=0
[HEARTBEAT] events=27725 decisions=39 live_orders=0 tested_orders=0
[HEARTBEAT] events=27750 decisions=39 live_orders=0 tested_orders=0
[HEARTBEAT] events=27775 decisions=39 live_orders=0 tested_orders=0
[HEARTBEAT] events=27800 decisions=39 live_orders=0 tested_orders=0
[HEARTBEAT] events=27825 decisions=39 live_orders=0 tested_orders=0
[HEARTBEAT] events=27850 decisions=39 live_orders=0 tested_orders=0
[HEARTBEAT] events=27875 decisions=39 live_orders=0 tested_orders=0
[HEARTBEAT] events=27900 decisions=39 live_orders=0 tested_orders=0
[HEARTBEAT] events=27925 decisions=39 live_orders=0 tested_orders=0
[HEARTBEAT] events=27950 decisions=39 live_orders=0 tested_orders=0
[HEARTBEAT] events=27975 decisions=39 live_orders=0 tested_orders=0
[HEARTBEAT] events=28000 decisions=39 live_orders=0 tested_orders=0
[HEARTBEAT] events=28025 decisions=39 live_orders=0 tested_orders=0
[HEARTBEAT] events=28050 decisions=39 live_orders=0 tested_orders=0
[HEARTBEAT] events=28075 decisions=39 live_orders=0 tested_orders=0
[HEARTBEAT] events=28100 decisions=39 live_orders=0 tested_orders=0
[HEARTBEAT] events=28125 decisions=39 live_orders=0 tested_orders=0
[HEARTBEAT] events=28150 decisions=39 live_orders=0 tested_orders=0
[HEARTBEAT] events=28175 decisions=39 live_orders=0 tested_orders=0
[HEARTBEAT] events=28200 decisions=39 live_orders=0 tested_orders=0
[HEARTBEAT] events=28225 decisions=39 live_orders=0 tested_orders=0
[HEARTBEAT] events=28250 decisions=39 live_orders=0 tested_orders=0
[HEARTBEAT] events=28275 decisions=39 live_orders=0 tested_orders=0
[HEARTBEAT] events=28300 decisions=39 live_orders=0 tested_orders=0
[HEARTBEAT] events=28325 decisions=39 live_orders=0 tested_orders=0
[HEARTBEAT] events=28350 decisions=39 live_orders=0 tested_orders=0
[HEARTBEAT] events=28375 decisions=39 live_orders=0 tested_orders=0
[HEARTBEAT] events=28400 decisions=39 live_orders=0 tested_orders=0
[HEARTBEAT] events=28425 decisions=39 live_orders=0 tested_orders=0
[HEARTBEAT] events=28450 decisions=39 live_orders=0 tested_orders=0
[HEARTBEAT] events=28475 decisions=39 live_orders=0 tested_orders=0
[HEARTBEAT] events=28500 decisions=39 live_orders=0 tested_orders=0
[HEARTBEAT] events=28525 decisions=39 live_orders=0 tested_orders=0
[HEARTBEAT] events=28550 decisions=39 live_orders=0 tested_orders=0
[HEARTBEAT] events=28575 decisions=39 live_orders=0 tested_orders=0
[HEARTBEAT] events=28600 decisions=39 live_orders=0 tested_orders=0
[HEARTBEAT] events=28625 decisions=39 live_orders=0 tested_orders=0
[HEARTBEAT] events=28650 decisions=39 live_orders=0 tested_orders=0
[HEARTBEAT] events=28675 decisions=39 live_orders=0 tested_orders=0
[HEARTBEAT] events=28700 decisions=39 live_orders=0 tested_orders=0
[DECISION] 2026-04-21T05:22:00+00:00 SOLUSDT mode=cash side=flat score=45.17
[SUBMISSION_GATE] SOLUSDT allow=False can_open=True existing=no pending_external=False order_cooldown=False manual_cooldown=False live_allowed=True
[EXEC_PREFLIGHT] SOLUSDT allow=False live_allowed=True managed=cash:0.00 prepared=cash:0.00 reasons=BUYING_INTO_RESISTANCE,DIRECTION_CONFLICT,EDGE_BELOW_COST,EDGE_TOO_THIN,LIQUIDITY_TOO_WEAK,SCORE_TOO_LOW,SUPPORT_NOT_CONFIRMED
[DECISION] 2026-04-21T05:23:00+00:00 SOLUSDT mode=cash side=flat score=45.17
[SUBMISSION_GATE] SOLUSDT allow=False can_open=True existing=no pending_external=False order_cooldown=False manual_cooldown=False live_allowed=True
[EXEC_PREFLIGHT] SOLUSDT allow=False live_allowed=True managed=cash:0.00 prepared=cash:0.00 reasons=BUYING_INTO_RESISTANCE,DIRECTION_CONFLICT,EDGE_BELOW_COST,EDGE_TOO_THIN,LIQUIDITY_TOO_WEAK,SCORE_TOO_LOW,SUPPORT_NOT_CONFIRMED
[HEARTBEAT] events=28725 decisions=41 live_orders=0 tested_orders=0
[DECISION] 2026-04-21T05:24:00+00:00 SOLUSDT mode=futures side=long score=70.61
[SUBMISSION_GATE] SOLUSDT allow=False can_open=True existing=no pending_external=False order_cooldown=False manual_cooldown=False live_allowed=True
[EXEC_PREFLIGHT] SOLUSDT allow=False live_allowed=True managed=cash:0.00 prepared=cash:0.00 reasons=HIGH_CONVICTION_RECENT_LONG_CONFIRMATION_REQUIRED
[DECISION] 2026-04-21T05:25:00+00:00 SOLUSDT mode=futures side=long score=70.61
[SUBMISSION_GATE] SOLUSDT allow=False can_open=True existing=no pending_external=False order_cooldown=False manual_cooldown=False live_allowed=True
[EXEC_PREFLIGHT] SOLUSDT allow=False live_allowed=True managed=cash:0.00 prepared=cash:0.00 reasons=HIGH_CONVICTION_A_PLUS_REQUIRED
[HEARTBEAT] events=28750 decisions=43 live_orders=0 tested_orders=0
[HEARTBEAT] events=28775 decisions=43 live_orders=0 tested_orders=0
[HEARTBEAT] events=28800 decisions=43 live_orders=0 tested_orders=0
[HEARTBEAT] events=28825 decisions=43 live_orders=0 tested_orders=0
[HEARTBEAT] events=28850 decisions=43 live_orders=0 tested_orders=0
[HEARTBEAT] events=28875 decisions=43 live_orders=0 tested_orders=0
[HEARTBEAT] events=28900 decisions=43 live_orders=0 tested_orders=0
[HEARTBEAT] events=28925 decisions=43 live_orders=0 tested_orders=0
[HEARTBEAT] events=28950 decisions=43 live_orders=0 tested_orders=0
[HEARTBEAT] events=28975 decisions=43 live_orders=0 tested_orders=0
[HEARTBEAT] events=29000 decisions=43 live_orders=0 tested_orders=0
[HEARTBEAT] events=29025 decisions=43 live_orders=0 tested_orders=0
[HEARTBEAT] events=29050 decisions=43 live_orders=0 tested_orders=0
[HEARTBEAT] events=29075 decisions=43 live_orders=0 tested_orders=0
[HEARTBEAT] events=29100 decisions=43 live_orders=0 tested_orders=0
[HEARTBEAT] events=29125 decisions=43 live_orders=0 tested_orders=0
[HEARTBEAT] events=29150 decisions=43 live_orders=0 tested_orders=0
[HEARTBEAT] events=29175 decisions=43 live_orders=0 tested_orders=0
[HEARTBEAT] events=29200 decisions=43 live_orders=0 tested_orders=0
[HEARTBEAT] events=29225 decisions=43 live_orders=0 tested_orders=0
[HEARTBEAT] events=29250 decisions=43 live_orders=0 tested_orders=0
[HEARTBEAT] events=29275 decisions=43 live_orders=0 tested_orders=0
[HEARTBEAT] events=29300 decisions=43 live_orders=0 tested_orders=0
[HEARTBEAT] events=29325 decisions=43 live_orders=0 tested_orders=0
[HEARTBEAT] events=29350 decisions=43 live_orders=0 tested_orders=0
[HEARTBEAT] events=29375 decisions=43 live_orders=0 tested_orders=0
[HEARTBEAT] events=29400 decisions=43 live_orders=0 tested_orders=0
[HEARTBEAT] events=29425 decisions=43 live_orders=0 tested_orders=0
[HEARTBEAT] events=29450 decisions=43 live_orders=0 tested_orders=0
[HEARTBEAT] events=29475 decisions=43 live_orders=0 tested_orders=0
[HEARTBEAT] events=29500 decisions=43 live_orders=0 tested_orders=0
[HEARTBEAT] events=29525 decisions=43 live_orders=0 tested_orders=0
[HEARTBEAT] events=29550 decisions=43 live_orders=0 tested_orders=0
[HEARTBEAT] events=29575 decisions=43 live_orders=0 tested_orders=0
[HEARTBEAT] events=29600 decisions=43 live_orders=0 tested_orders=0
[HEARTBEAT] events=29625 decisions=43 live_orders=0 tested_orders=0
[HEARTBEAT] events=29650 decisions=43 live_orders=0 tested_orders=0
[HEARTBEAT] events=29675 decisions=43 live_orders=0 tested_orders=0
[HEARTBEAT] events=29700 decisions=43 live_orders=0 tested_orders=0
[HEARTBEAT] events=29725 decisions=43 live_orders=0 tested_orders=0
[HEARTBEAT] events=29750 decisions=43 live_orders=0 tested_orders=0
[HEARTBEAT] events=29775 decisions=43 live_orders=0 tested_orders=0
[HEARTBEAT] events=29800 decisions=43 live_orders=0 tested_orders=0
[HEARTBEAT] events=29825 decisions=43 live_orders=0 tested_orders=0
[HEARTBEAT] events=29850 decisions=43 live_orders=0 tested_orders=0
[HEARTBEAT] events=29875 decisions=43 live_orders=0 tested_orders=0
[HEARTBEAT] events=29900 decisions=43 live_orders=0 tested_orders=0
[SYNC] 2026-04-21T05:25:44.259383+00:00 account/open-order snapshot refreshed
[HEARTBEAT] events=29925 decisions=43 live_orders=0 tested_orders=0
[DECISION] 2026-04-21T05:22:00+00:00 ETHUSDT mode=futures side=long score=74.87
[SUBMISSION_GATE] ETHUSDT allow=False can_open=True existing=no pending_external=False order_cooldown=False manual_cooldown=False live_allowed=True
[EXEC_PREFLIGHT] ETHUSDT allow=False live_allowed=True managed=cash:0.00 prepared=cash:0.00 reasons=HIGH_CONVICTION_RECENT_LONG_CONFIRMATION_REQUIRED
[DECISION] 2026-04-21T05:23:00+00:00 ETHUSDT mode=futures side=long score=74.87
[SUBMISSION_GATE] ETHUSDT allow=False can_open=True existing=no pending_external=False order_cooldown=False manual_cooldown=False live_allowed=True
[EXEC_PREFLIGHT] ETHUSDT allow=False live_allowed=True managed=cash:0.00 prepared=cash:0.00 reasons=HIGH_CONVICTION_RECENT_LONG_CONFIRMATION_REQUIRED
[DECISION] 2026-04-21T05:24:00+00:00 ETHUSDT mode=futures side=long score=74.87
[SUBMISSION_GATE] ETHUSDT allow=False can_open=True existing=no pending_external=False order_cooldown=False manual_cooldown=False live_allowed=True
[EXEC_PREFLIGHT] ETHUSDT allow=False live_allowed=True managed=cash:0.00 prepared=cash:0.00 reasons=HIGH_CONVICTION_RECENT_LONG_CONFIRMATION_REQUIRED
[DECISION] 2026-04-21T05:25:00+00:00 ETHUSDT mode=futures side=long score=74.87
[SUBMISSION_GATE] ETHUSDT allow=False can_open=True existing=no pending_external=False order_cooldown=False manual_cooldown=False live_allowed=True
[EXEC_PREFLIGHT] ETHUSDT allow=False live_allowed=True managed=cash:0.00 prepared=cash:0.00 reasons=HIGH_CONVICTION_RECENT_LONG_CONFIRMATION_REQUIRED
[HEARTBEAT] events=29950 decisions=47 live_orders=0 tested_orders=0
[HEARTBEAT] events=29975 decisions=47 live_orders=0 tested_orders=0
[HEARTBEAT] events=30000 decisions=47 live_orders=0 tested_orders=0
[HEARTBEAT] events=30025 decisions=47 live_orders=0 tested_orders=0
[HEARTBEAT] events=30050 decisions=47 live_orders=0 tested_orders=0
[HEARTBEAT] events=30075 decisions=47 live_orders=0 tested_orders=0
[HEARTBEAT] events=30100 decisions=47 live_orders=0 tested_orders=0
[HEARTBEAT] events=30125 decisions=47 live_orders=0 tested_orders=0
[HEARTBEAT] events=30150 decisions=47 live_orders=0 tested_orders=0
[HEARTBEAT] events=30175 decisions=47 live_orders=0 tested_orders=0
[HEARTBEAT] events=30200 decisions=47 live_orders=0 tested_orders=0
[HEARTBEAT] events=30225 decisions=47 live_orders=0 tested_orders=0
[HEARTBEAT] events=30250 decisions=47 live_orders=0 tested_orders=0
[HEARTBEAT] events=30275 decisions=47 live_orders=0 tested_orders=0
[HEARTBEAT] events=30300 decisions=47 live_orders=0 tested_orders=0
[HEARTBEAT] events=30325 decisions=47 live_orders=0 tested_orders=0
[HEARTBEAT] events=30350 decisions=47 live_orders=0 tested_orders=0
[HEARTBEAT] events=30375 decisions=47 live_orders=0 tested_orders=0
[HEARTBEAT] events=30400 decisions=47 live_orders=0 tested_orders=0
[HEARTBEAT] events=30425 decisions=47 live_orders=0 tested_orders=0
[HEARTBEAT] events=30450 decisions=47 live_orders=0 tested_orders=0
[HEARTBEAT] events=30475 decisions=47 live_orders=0 tested_orders=0
[HEARTBEAT] events=30500 decisions=47 live_orders=0 tested_orders=0
[HEARTBEAT] events=30525 decisions=47 live_orders=0 tested_orders=0
[HEARTBEAT] events=30550 decisions=47 live_orders=0 tested_orders=0
[HEARTBEAT] events=30575 decisions=47 live_orders=0 tested_orders=0
[HEARTBEAT] events=30600 decisions=47 live_orders=0 tested_orders=0
[HEARTBEAT] events=30625 decisions=47 live_orders=0 tested_orders=0
[HEARTBEAT] events=30650 decisions=47 live_orders=0 tested_orders=0
[HEARTBEAT] events=30675 decisions=47 live_orders=0 tested_orders=0
[HEARTBEAT] events=30700 decisions=47 live_orders=0 tested_orders=0
[HEARTBEAT] events=30725 decisions=47 live_orders=0 tested_orders=0
[HEARTBEAT] events=30750 decisions=47 live_orders=0 tested_orders=0
[HEARTBEAT] events=30775 decisions=47 live_orders=0 tested_orders=0
[HEARTBEAT] events=30800 decisions=47 live_orders=0 tested_orders=0
[HEARTBEAT] events=30825 decisions=47 live_orders=0 tested_orders=0
[HEARTBEAT] events=30850 decisions=47 live_orders=0 tested_orders=0
[HEARTBEAT] events=30875 decisions=47 live_orders=0 tested_orders=0
[HEARTBEAT] events=30900 decisions=47 live_orders=0 tested_orders=0
[HEARTBEAT] events=30925 decisions=47 live_orders=0 tested_orders=0
[HEARTBEAT] events=30950 decisions=47 live_orders=0 tested_orders=0
[HEARTBEAT] events=30975 decisions=47 live_orders=0 tested_orders=0
[HEARTBEAT] events=31000 decisions=47 live_orders=0 tested_orders=0
[HEARTBEAT] events=31025 decisions=47 live_orders=0 tested_orders=0
[HEARTBEAT] events=31050 decisions=47 live_orders=0 tested_orders=0
[HEARTBEAT] events=31075 decisions=47 live_orders=0 tested_orders=0
[HEARTBEAT] events=31100 decisions=47 live_orders=0 tested_orders=0
[HEARTBEAT] events=31125 decisions=47 live_orders=0 tested_orders=0
[HEARTBEAT] events=31150 decisions=47 live_orders=0 tested_orders=0
[HEARTBEAT] events=31175 decisions=47 live_orders=0 tested_orders=0
[HEARTBEAT] events=31200 decisions=47 live_orders=0 tested_orders=0
[HEARTBEAT] events=31225 decisions=47 live_orders=0 tested_orders=0
[HEARTBEAT] events=31250 decisions=47 live_orders=0 tested_orders=0
[HEARTBEAT] events=31275 decisions=47 live_orders=0 tested_orders=0
[HEARTBEAT] events=31300 decisions=47 live_orders=0 tested_orders=0
[HEARTBEAT] events=31325 decisions=47 live_orders=0 tested_orders=0
[HEARTBEAT] events=31350 decisions=47 live_orders=0 tested_orders=0
[HEARTBEAT] events=31375 decisions=47 live_orders=0 tested_orders=0
[HEARTBEAT] events=31400 decisions=47 live_orders=0 tested_orders=0
[HEARTBEAT] events=31425 decisions=47 live_orders=0 tested_orders=0
[HEARTBEAT] events=31450 decisions=47 live_orders=0 tested_orders=0
[HEARTBEAT] events=31475 decisions=47 live_orders=0 tested_orders=0
[HEARTBEAT] events=31500 decisions=47 live_orders=0 tested_orders=0
[HEARTBEAT] events=31525 decisions=47 live_orders=0 tested_orders=0
[HEARTBEAT] events=31550 decisions=47 live_orders=0 tested_orders=0
[HEARTBEAT] events=31575 decisions=47 live_orders=0 tested_orders=0
[HEARTBEAT] events=31600 decisions=47 live_orders=0 tested_orders=0
[HEARTBEAT] events=31625 decisions=47 live_orders=0 tested_orders=0
[HEARTBEAT] events=31650 decisions=47 live_orders=0 tested_orders=0
[HEARTBEAT] events=31675 decisions=47 live_orders=0 tested_orders=0
[HEARTBEAT] events=31700 decisions=47 live_orders=0 tested_orders=0
[HEARTBEAT] events=31725 decisions=47 live_orders=0 tested_orders=0
[HEARTBEAT] events=31750 decisions=47 live_orders=0 tested_orders=0
[HEARTBEAT] events=31775 decisions=47 live_orders=0 tested_orders=0
[HEARTBEAT] events=31800 decisions=47 live_orders=0 tested_orders=0
[HEARTBEAT] events=31825 decisions=47 live_orders=0 tested_orders=0
[HEARTBEAT] events=31850 decisions=47 live_orders=0 tested_orders=0
[HEARTBEAT] events=31875 decisions=47 live_orders=0 tested_orders=0
[HEARTBEAT] events=31900 decisions=47 live_orders=0 tested_orders=0
[HEARTBEAT] events=31925 decisions=47 live_orders=0 tested_orders=0
[HEARTBEAT] events=31950 decisions=47 live_orders=0 tested_orders=0
[HEARTBEAT] events=31975 decisions=47 live_orders=0 tested_orders=0
[HEARTBEAT] events=32000 decisions=47 live_orders=0 tested_orders=0
[HEARTBEAT] events=32025 decisions=47 live_orders=0 tested_orders=0
[HEARTBEAT] events=32050 decisions=47 live_orders=0 tested_orders=0
[HEARTBEAT] events=32075 decisions=47 live_orders=0 tested_orders=0
[HEARTBEAT] events=32100 decisions=47 live_orders=0 tested_orders=0
[HEARTBEAT] events=32125 decisions=47 live_orders=0 tested_orders=0
[HEARTBEAT] events=32150 decisions=47 live_orders=0 tested_orders=0
[HEARTBEAT] events=32175 decisions=47 live_orders=0 tested_orders=0
[HEARTBEAT] events=32200 decisions=47 live_orders=0 tested_orders=0
[HEARTBEAT] events=32225 decisions=47 live_orders=0 tested_orders=0
[HEARTBEAT] events=32250 decisions=47 live_orders=0 tested_orders=0
[HEARTBEAT] events=32275 decisions=47 live_orders=0 tested_orders=0
[HEARTBEAT] events=32300 decisions=47 live_orders=0 tested_orders=0
[HEARTBEAT] events=32325 decisions=47 live_orders=0 tested_orders=0
[HEARTBEAT] events=32350 decisions=47 live_orders=0 tested_orders=0
[HEARTBEAT] events=32375 decisions=47 live_orders=0 tested_orders=0
[HEARTBEAT] events=32400 decisions=47 live_orders=0 tested_orders=0
[HEARTBEAT] events=32425 decisions=47 live_orders=0 tested_orders=0
[HEARTBEAT] events=32450 decisions=47 live_orders=0 tested_orders=0
[HEARTBEAT] events=32475 decisions=47 live_orders=0 tested_orders=0
[HEARTBEAT] events=32500 decisions=47 live_orders=0 tested_orders=0
[HEARTBEAT] events=32525 decisions=47 live_orders=0 tested_orders=0
[HEARTBEAT] events=32550 decisions=47 live_orders=0 tested_orders=0
[HEARTBEAT] events=32575 decisions=47 live_orders=0 tested_orders=0
[HEARTBEAT] events=32600 decisions=47 live_orders=0 tested_orders=0
[HEARTBEAT] events=32625 decisions=47 live_orders=0 tested_orders=0
[HEARTBEAT] events=32650 decisions=47 live_orders=0 tested_orders=0
[HEARTBEAT] events=32675 decisions=47 live_orders=0 tested_orders=0
[HEARTBEAT] events=32700 decisions=47 live_orders=0 tested_orders=0
[HEARTBEAT] events=32725 decisions=47 live_orders=0 tested_orders=0
[HEARTBEAT] events=32750 decisions=47 live_orders=0 tested_orders=0
[HEARTBEAT] events=32775 decisions=47 live_orders=0 tested_orders=0
[HEARTBEAT] events=32800 decisions=47 live_orders=0 tested_orders=0
[DECISION] 2026-04-21T05:22:00+00:00 SOLUSDT mode=cash side=flat score=44.01
[SUBMISSION_GATE] SOLUSDT allow=False can_open=True existing=no pending_external=False order_cooldown=False manual_cooldown=False live_allowed=True
[EXEC_PREFLIGHT] SOLUSDT allow=False live_allowed=True managed=cash:0.00 prepared=cash:0.00 reasons=BUYING_INTO_RESISTANCE,DIRECTION_CONFLICT,EDGE_BELOW_COST,EDGE_TOO_THIN,LIQUIDITY_TOO_WEAK,SCORE_TOO_LOW,SUPPORT_NOT_CONFIRMED
[DECISION] 2026-04-21T05:23:00+00:00 SOLUSDT mode=futures side=long score=69.45
[SUBMISSION_GATE] SOLUSDT allow=False can_open=True existing=no pending_external=False order_cooldown=False manual_cooldown=False live_allowed=True
[EXEC_PREFLIGHT] SOLUSDT allow=False live_allowed=True managed=cash:0.00 prepared=cash:0.00 reasons=HIGH_CONVICTION_RECENT_LONG_CONFIRMATION_REQUIRED
[DECISION] 2026-04-21T05:24:00+00:00 SOLUSDT mode=futures side=long score=69.45
[SUBMISSION_GATE] SOLUSDT allow=False can_open=True existing=no pending_external=False order_cooldown=False manual_cooldown=False live_allowed=True
[EXEC_PREFLIGHT] SOLUSDT allow=False live_allowed=True managed=cash:0.00 prepared=cash:0.00 reasons=HIGH_CONVICTION_A_PLUS_REQUIRED
[DECISION] 2026-04-21T05:25:00+00:00 SOLUSDT mode=futures side=long score=69.45
[SUBMISSION_GATE] SOLUSDT allow=False can_open=True existing=no pending_external=False order_cooldown=False manual_cooldown=False live_allowed=True
[EXEC_PREFLIGHT] SOLUSDT allow=False live_allowed=True managed=cash:0.00 prepared=cash:0.00 reasons=HIGH_CONVICTION_A_PLUS_REQUIRED
[HEARTBEAT] events=32825 decisions=51 live_orders=0 tested_orders=0
[HEARTBEAT] events=32850 decisions=51 live_orders=0 tested_orders=0
[HEARTBEAT] events=32875 decisions=51 live_orders=0 tested_orders=0
[HEARTBEAT] events=32900 decisions=51 live_orders=0 tested_orders=0
[HEARTBEAT] events=32925 decisions=51 live_orders=0 tested_orders=0
[HEARTBEAT] events=32950 decisions=51 live_orders=0 tested_orders=0
[HEARTBEAT] events=32975 decisions=51 live_orders=0 tested_orders=0
[HEARTBEAT] events=33000 decisions=51 live_orders=0 tested_orders=0
[HEARTBEAT] events=33025 decisions=51 live_orders=0 tested_orders=0
[HEARTBEAT] events=33050 decisions=51 live_orders=0 tested_orders=0
[HEARTBEAT] events=33075 decisions=51 live_orders=0 tested_orders=0
[HEARTBEAT] events=33100 decisions=51 live_orders=0 tested_orders=0
[HEARTBEAT] events=33125 decisions=51 live_orders=0 tested_orders=0
[HEARTBEAT] events=33150 decisions=51 live_orders=0 tested_orders=0
[HEARTBEAT] events=33175 decisions=51 live_orders=0 tested_orders=0
[HEARTBEAT] events=33200 decisions=51 live_orders=0 tested_orders=0
[HEARTBEAT] events=33225 decisions=51 live_orders=0 tested_orders=0
[HEARTBEAT] events=33250 decisions=51 live_orders=0 tested_orders=0
[HEARTBEAT] events=33275 decisions=51 live_orders=0 tested_orders=0
[HEARTBEAT] events=33300 decisions=51 live_orders=0 tested_orders=0
[HEARTBEAT] events=33325 decisions=51 live_orders=0 tested_orders=0
[HEARTBEAT] events=33350 decisions=51 live_orders=0 tested_orders=0
[HEARTBEAT] events=33375 decisions=51 live_orders=0 tested_orders=0
[HEARTBEAT] events=33400 decisions=51 live_orders=0 tested_orders=0
[HEARTBEAT] events=33425 decisions=51 live_orders=0 tested_orders=0
[HEARTBEAT] events=33450 decisions=51 live_orders=0 tested_orders=0
[HEARTBEAT] events=33475 decisions=51 live_orders=0 tested_orders=0
[HEARTBEAT] events=33500 decisions=51 live_orders=0 tested_orders=0
[HEARTBEAT] events=33525 decisions=51 live_orders=0 tested_orders=0
[HEARTBEAT] events=33550 decisions=51 live_orders=0 tested_orders=0
[HEARTBEAT] events=33575 decisions=51 live_orders=0 tested_orders=0
[HEARTBEAT] events=33600 decisions=51 live_orders=0 tested_orders=0
[HEARTBEAT] events=33625 decisions=51 live_orders=0 tested_orders=0
[HEARTBEAT] events=33650 decisions=51 live_orders=0 tested_orders=0
[HEARTBEAT] events=33675 decisions=51 live_orders=0 tested_orders=0
[HEARTBEAT] events=33700 decisions=51 live_orders=0 tested_orders=0
[HEARTBEAT] events=33725 decisions=51 live_orders=0 tested_orders=0
[HEARTBEAT] events=33750 decisions=51 live_orders=0 tested_orders=0
[HEARTBEAT] events=33775 decisions=51 live_orders=0 tested_orders=0
[HEARTBEAT] events=33800 decisions=51 live_orders=0 tested_orders=0
[HEARTBEAT] events=33825 decisions=51 live_orders=0 tested_orders=0
[HEARTBEAT] events=33850 decisions=51 live_orders=0 tested_orders=0
[HEARTBEAT] events=33875 decisions=51 live_orders=0 tested_orders=0
[HEARTBEAT] events=33900 decisions=51 live_orders=0 tested_orders=0
[HEARTBEAT] events=33925 decisions=51 live_orders=0 tested_orders=0
[HEARTBEAT] events=33950 decisions=51 live_orders=0 tested_orders=0
[HEARTBEAT] events=33975 decisions=51 live_orders=0 tested_orders=0
[HEARTBEAT] events=34000 decisions=51 live_orders=0 tested_orders=0
[HEARTBEAT] events=34025 decisions=51 live_orders=0 tested_orders=0
[HEARTBEAT] events=34050 decisions=51 live_orders=0 tested_orders=0
[HEARTBEAT] events=34075 decisions=51 live_orders=0 tested_orders=0
[HEARTBEAT] events=34100 decisions=51 live_orders=0 tested_orders=0
[HEARTBEAT] events=34125 decisions=51 live_orders=0 tested_orders=0
[HEARTBEAT] events=34150 decisions=51 live_orders=0 tested_orders=0
[HEARTBEAT] events=34175 decisions=51 live_orders=0 tested_orders=0
[HEARTBEAT] events=34200 decisions=51 live_orders=0 tested_orders=0
[HEARTBEAT] events=34225 decisions=51 live_orders=0 tested_orders=0
[HEARTBEAT] events=34250 decisions=51 live_orders=0 tested_orders=0
[HEARTBEAT] events=34275 decisions=51 live_orders=0 tested_orders=0
[HEARTBEAT] events=34300 decisions=51 live_orders=0 tested_orders=0
[HEARTBEAT] events=34325 decisions=51 live_orders=0 tested_orders=0
[HEARTBEAT] events=34350 decisions=51 live_orders=0 tested_orders=0
[HEARTBEAT] events=34375 decisions=51 live_orders=0 tested_orders=0
[HEARTBEAT] events=34400 decisions=51 live_orders=0 tested_orders=0
[HEARTBEAT] events=34425 decisions=51 live_orders=0 tested_orders=0
[HEARTBEAT] events=34450 decisions=51 live_orders=0 tested_orders=0
[HEARTBEAT] events=34475 decisions=51 live_orders=0 tested_orders=0
[HEARTBEAT] events=34500 decisions=51 live_orders=0 tested_orders=0
[HEARTBEAT] events=34525 decisions=51 live_orders=0 tested_orders=0
[HEARTBEAT] events=34550 decisions=51 live_orders=0 tested_orders=0
[HEARTBEAT] events=34575 decisions=51 live_orders=0 tested_orders=0
[HEARTBEAT] events=34600 decisions=51 live_orders=0 tested_orders=0
[HEARTBEAT] events=34625 decisions=51 live_orders=0 tested_orders=0
[HEARTBEAT] events=34650 decisions=51 live_orders=0 tested_orders=0
[HEARTBEAT] events=34675 decisions=51 live_orders=0 tested_orders=0
[HEARTBEAT] events=34700 decisions=51 live_orders=0 tested_orders=0
[HEARTBEAT] events=34725 decisions=51 live_orders=0 tested_orders=0
[HEARTBEAT] events=34750 decisions=51 live_orders=0 tested_orders=0
[HEARTBEAT] events=34775 decisions=51 live_orders=0 tested_orders=0
[HEARTBEAT] events=34800 decisions=51 live_orders=0 tested_orders=0
[HEARTBEAT] events=34825 decisions=51 live_orders=0 tested_orders=0
[HEARTBEAT] events=34850 decisions=51 live_orders=0 tested_orders=0
[HEARTBEAT] events=34875 decisions=51 live_orders=0 tested_orders=0
[HEARTBEAT] events=34900 decisions=51 live_orders=0 tested_orders=0
[HEARTBEAT] events=34925 decisions=51 live_orders=0 tested_orders=0
[HEARTBEAT] events=34950 decisions=51 live_orders=0 tested_orders=0
[HEARTBEAT] events=34975 decisions=51 live_orders=0 tested_orders=0
[HEARTBEAT] events=35000 decisions=51 live_orders=0 tested_orders=0
[HEARTBEAT] events=35025 decisions=51 live_orders=0 tested_orders=0
[HEARTBEAT] events=35050 decisions=51 live_orders=0 tested_orders=0
[HEARTBEAT] events=35075 decisions=51 live_orders=0 tested_orders=0
[HEARTBEAT] events=35100 decisions=51 live_orders=0 tested_orders=0
[HEARTBEAT] events=35125 decisions=51 live_orders=0 tested_orders=0
[HEARTBEAT] events=35150 decisions=51 live_orders=0 tested_orders=0
[HEARTBEAT] events=35175 decisions=51 live_orders=0 tested_orders=0
[HEARTBEAT] events=35200 decisions=51 live_orders=0 tested_orders=0
[HEARTBEAT] events=35225 decisions=51 live_orders=0 tested_orders=0
[HEARTBEAT] events=35250 decisions=51 live_orders=0 tested_orders=0
[HEARTBEAT] events=35275 decisions=51 live_orders=0 tested_orders=0
[HEARTBEAT] events=35300 decisions=51 live_orders=0 tested_orders=0
[HEARTBEAT] events=35325 decisions=51 live_orders=0 tested_orders=0
[HEARTBEAT] events=35350 decisions=51 live_orders=0 tested_orders=0
[HEARTBEAT] events=35375 decisions=51 live_orders=0 tested_orders=0
[HEARTBEAT] events=35400 decisions=51 live_orders=0 tested_orders=0
[HEARTBEAT] events=35425 decisions=51 live_orders=0 tested_orders=0
[HEARTBEAT] events=35450 decisions=51 live_orders=0 tested_orders=0
[HEARTBEAT] events=35475 decisions=51 live_orders=0 tested_orders=0
[HEARTBEAT] events=35500 decisions=51 live_orders=0 tested_orders=0
[HEARTBEAT] events=35525 decisions=51 live_orders=0 tested_orders=0
[HEARTBEAT] events=35550 decisions=51 live_orders=0 tested_orders=0
[HEARTBEAT] events=35575 decisions=51 live_orders=0 tested_orders=0
[HEARTBEAT] events=35600 decisions=51 live_orders=0 tested_orders=0
[HEARTBEAT] events=35625 decisions=51 live_orders=0 tested_orders=0
[HEARTBEAT] events=35650 decisions=51 live_orders=0 tested_orders=0
[HEARTBEAT] events=35675 decisions=51 live_orders=0 tested_orders=0
[HEARTBEAT] events=35700 decisions=51 live_orders=0 tested_orders=0
[HEARTBEAT] events=35725 decisions=51 live_orders=0 tested_orders=0
[HEARTBEAT] events=35750 decisions=51 live_orders=0 tested_orders=0
[HEARTBEAT] events=35775 decisions=51 live_orders=0 tested_orders=0
[HEARTBEAT] events=35800 decisions=51 live_orders=0 tested_orders=0
[HEARTBEAT] events=35825 decisions=51 live_orders=0 tested_orders=0
[HEARTBEAT] events=35850 decisions=51 live_orders=0 tested_orders=0
[HEARTBEAT] events=35875 decisions=51 live_orders=0 tested_orders=0
[HEARTBEAT] events=35900 decisions=51 live_orders=0 tested_orders=0
[HEARTBEAT] events=35925 decisions=51 live_orders=0 tested_orders=0
[HEARTBEAT] events=35950 decisions=51 live_orders=0 tested_orders=0
[HEARTBEAT] events=35975 decisions=51 live_orders=0 tested_orders=0
[HEARTBEAT] events=36000 decisions=51 live_orders=0 tested_orders=0
[HEARTBEAT] events=36025 decisions=51 live_orders=0 tested_orders=0
[HEARTBEAT] events=36050 decisions=51 live_orders=0 tested_orders=0
[HEARTBEAT] events=36075 decisions=51 live_orders=0 tested_orders=0
[DECISION] 2026-04-21T05:26:00+00:00 ETHUSDT mode=futures side=long score=78.92
[SUBMISSION_GATE] ETHUSDT allow=False can_open=True existing=no pending_external=False order_cooldown=False manual_cooldown=False live_allowed=True
[EXEC_PREFLIGHT] ETHUSDT allow=False live_allowed=True managed=cash:0.00 prepared=cash:0.00 reasons=HIGH_CONVICTION_RECENT_LONG_CONFIRMATION_REQUIRED
[HEARTBEAT] events=36100 decisions=52 live_orders=0 tested_orders=0
[DECISION] 2026-04-21T05:26:00+00:00 SOLUSDT mode=futures side=long score=68.38
[SUBMISSION_GATE] SOLUSDT allow=False can_open=True existing=no pending_external=False order_cooldown=False manual_cooldown=False live_allowed=True
[EXEC_PREFLIGHT] SOLUSDT allow=False live_allowed=True managed=cash:0.00 prepared=cash:0.00 reasons=HIGH_CONVICTION_A_PLUS_REQUIRED
[DECISION] 2026-04-21T05:26:00+00:00 PEPEUSDT mode=futures side=long score=68.28
[SUBMISSION_GATE] PEPEUSDT allow=False can_open=True existing=no pending_external=False order_cooldown=False manual_cooldown=False live_allowed=True
[EXEC_PREFLIGHT] PEPEUSDT allow=False live_allowed=True managed=cash:0.00 prepared=cash:0.00 reasons=HIGH_CONVICTION_A_PLUS_REQUIRED
[DECISION] 2026-04-21T05:26:00+00:00 DOGEUSDT mode=futures side=long score=74.36
[SUBMISSION_GATE] DOGEUSDT allow=False can_open=True existing=no pending_external=False order_cooldown=False manual_cooldown=False live_allowed=True
[EXEC_PREFLIGHT] DOGEUSDT allow=False live_allowed=True managed=cash:0.00 prepared=cash:0.00 reasons=HIGH_CONVICTION_RECENT_LONG_CONFIRMATION_REQUIRED
[HEARTBEAT] events=36125 decisions=55 live_orders=0 tested_orders=0
[HEARTBEAT] events=36150 decisions=55 live_orders=0 tested_orders=0
[HEARTBEAT] events=36175 decisions=55 live_orders=0 tested_orders=0
[HEARTBEAT] events=36200 decisions=55 live_orders=0 tested_orders=0
[HEARTBEAT] events=36225 decisions=55 live_orders=0 tested_orders=0
[HEARTBEAT] events=36250 decisions=55 live_orders=0 tested_orders=0
[HEARTBEAT] events=36275 decisions=55 live_orders=0 tested_orders=0
[HEARTBEAT] events=36300 decisions=55 live_orders=0 tested_orders=0
[HEARTBEAT] events=36325 decisions=55 live_orders=0 tested_orders=0
[HEARTBEAT] events=36350 decisions=55 live_orders=0 tested_orders=0
[HEARTBEAT] events=36375 decisions=55 live_orders=0 tested_orders=0
[HEARTBEAT] events=36400 decisions=55 live_orders=0 tested_orders=0
[HEARTBEAT] events=36425 decisions=55 live_orders=0 tested_orders=0
[HEARTBEAT] events=36450 decisions=55 live_orders=0 tested_orders=0
[HEARTBEAT] events=36475 decisions=55 live_orders=0 tested_orders=0
[HEARTBEAT] events=36500 decisions=55 live_orders=0 tested_orders=0
[HEARTBEAT] events=36525 decisions=55 live_orders=0 tested_orders=0
[HEARTBEAT] events=36550 decisions=55 live_orders=0 tested_orders=0
[HEARTBEAT] events=36575 decisions=55 live_orders=0 tested_orders=0
[HEARTBEAT] events=36600 decisions=55 live_orders=0 tested_orders=0
[HEARTBEAT] events=36625 decisions=55 live_orders=0 tested_orders=0
[HEARTBEAT] events=36650 decisions=55 live_orders=0 tested_orders=0
[HEARTBEAT] events=36675 decisions=55 live_orders=0 tested_orders=0
[HEARTBEAT] events=36700 decisions=55 live_orders=0 tested_orders=0
[HEARTBEAT] events=36725 decisions=55 live_orders=0 tested_orders=0
[HEARTBEAT] events=36750 decisions=55 live_orders=0 tested_orders=0
[HEARTBEAT] events=36775 decisions=55 live_orders=0 tested_orders=0
[HEARTBEAT] events=36800 decisions=55 live_orders=0 tested_orders=0
[HEARTBEAT] events=36825 decisions=55 live_orders=0 tested_orders=0
[DECISION] 2026-04-21T05:25:00+00:00 DOGEUSDT mode=futures side=long score=74.71
[SUBMISSION_GATE] DOGEUSDT allow=False can_open=True existing=no pending_external=False order_cooldown=False manual_cooldown=False live_allowed=True
[EXEC_PREFLIGHT] DOGEUSDT allow=False live_allowed=True managed=cash:0.00 prepared=cash:0.00 reasons=HIGH_CONVICTION_RECENT_LONG_CONFIRMATION_REQUIRED
[HEARTBEAT] events=36850 decisions=56 live_orders=0 tested_orders=0
[HEARTBEAT] events=36875 decisions=56 live_orders=0 tested_orders=0
[HEARTBEAT] events=36900 decisions=56 live_orders=0 tested_orders=0
[HEARTBEAT] events=36925 decisions=56 live_orders=0 tested_orders=0
[HEARTBEAT] events=36950 decisions=56 live_orders=0 tested_orders=0
[HEARTBEAT] events=36975 decisions=56 live_orders=0 tested_orders=0
[HEARTBEAT] events=37000 decisions=56 live_orders=0 tested_orders=0
[HEARTBEAT] events=37025 decisions=56 live_orders=0 tested_orders=0
[HEARTBEAT] events=37050 decisions=56 live_orders=0 tested_orders=0
[HEARTBEAT] events=37075 decisions=56 live_orders=0 tested_orders=0
[HEARTBEAT] events=37100 decisions=56 live_orders=0 tested_orders=0
[HEARTBEAT] events=37125 decisions=56 live_orders=0 tested_orders=0
[HEARTBEAT] events=37150 decisions=56 live_orders=0 tested_orders=0
[HEARTBEAT] events=37175 decisions=56 live_orders=0 tested_orders=0
[HEARTBEAT] events=37200 decisions=56 live_orders=0 tested_orders=0
[HEARTBEAT] events=37225 decisions=56 live_orders=0 tested_orders=0
[HEARTBEAT] events=37250 decisions=56 live_orders=0 tested_orders=0
[HEARTBEAT] events=37275 decisions=56 live_orders=0 tested_orders=0
[HEARTBEAT] events=37300 decisions=56 live_orders=0 tested_orders=0
[HEARTBEAT] events=37325 decisions=56 live_orders=0 tested_orders=0
[HEARTBEAT] events=37350 decisions=56 live_orders=0 tested_orders=0
[HEARTBEAT] events=37375 decisions=56 live_orders=0 tested_orders=0
[HEARTBEAT] events=37400 decisions=56 live_orders=0 tested_orders=0
[HEARTBEAT] events=37425 decisions=56 live_orders=0 tested_orders=0
[HEARTBEAT] events=37450 decisions=56 live_orders=0 tested_orders=0
[HEARTBEAT] events=37475 decisions=56 live_orders=0 tested_orders=0
[HEARTBEAT] events=37500 decisions=56 live_orders=0 tested_orders=0
[HEARTBEAT] events=37525 decisions=56 live_orders=0 tested_orders=0
[HEARTBEAT] events=37550 decisions=56 live_orders=0 tested_orders=0
[HEARTBEAT] events=37575 decisions=56 live_orders=0 tested_orders=0
[HEARTBEAT] events=37600 decisions=56 live_orders=0 tested_orders=0
[HEARTBEAT] events=37625 decisions=56 live_orders=0 tested_orders=0
[HEARTBEAT] events=37650 decisions=56 live_orders=0 tested_orders=0
[HEARTBEAT] events=37675 decisions=56 live_orders=0 tested_orders=0
[HEARTBEAT] events=37700 decisions=56 live_orders=0 tested_orders=0
[HEARTBEAT] events=37725 decisions=56 live_orders=0 tested_orders=0
[HEARTBEAT] events=37750 decisions=56 live_orders=0 tested_orders=0
[HEARTBEAT] events=37775 decisions=56 live_orders=0 tested_orders=0
[HEARTBEAT] events=37800 decisions=56 live_orders=0 tested_orders=0
[HEARTBEAT] events=37825 decisions=56 live_orders=0 tested_orders=0
[HEARTBEAT] events=37850 decisions=56 live_orders=0 tested_orders=0
[HEARTBEAT] events=37875 decisions=56 live_orders=0 tested_orders=0
[HEARTBEAT] events=37900 decisions=56 live_orders=0 tested_orders=0
[HEARTBEAT] events=37925 decisions=56 live_orders=0 tested_orders=0
[HEARTBEAT] events=37950 decisions=56 live_orders=0 tested_orders=0
[HEARTBEAT] events=37975 decisions=56 live_orders=0 tested_orders=0
[HEARTBEAT] events=38000 decisions=56 live_orders=0 tested_orders=0
[HEARTBEAT] events=38025 decisions=56 live_orders=0 tested_orders=0
[HEARTBEAT] events=38050 decisions=56 live_orders=0 tested_orders=0
[HEARTBEAT] events=38075 decisions=56 live_orders=0 tested_orders=0
[HEARTBEAT] events=38100 decisions=56 live_orders=0 tested_orders=0
[HEARTBEAT] events=38125 decisions=56 live_orders=0 tested_orders=0
[HEARTBEAT] events=38150 decisions=56 live_orders=0 tested_orders=0
[HEARTBEAT] events=38175 decisions=56 live_orders=0 tested_orders=0
[HEARTBEAT] events=38200 decisions=56 live_orders=0 tested_orders=0
[HEARTBEAT] events=38225 decisions=56 live_orders=0 tested_orders=0
[HEARTBEAT] events=38250 decisions=56 live_orders=0 tested_orders=0
[HEARTBEAT] events=38275 decisions=56 live_orders=0 tested_orders=0
[HEARTBEAT] events=38300 decisions=56 live_orders=0 tested_orders=0
[HEARTBEAT] events=38325 decisions=56 live_orders=0 tested_orders=0
[HEARTBEAT] events=38350 decisions=56 live_orders=0 tested_orders=0
[HEARTBEAT] events=38375 decisions=56 live_orders=0 tested_orders=0
[HEARTBEAT] events=38400 decisions=56 live_orders=0 tested_orders=0
[HEARTBEAT] events=38425 decisions=56 live_orders=0 tested_orders=0
[HEARTBEAT] events=38450 decisions=56 live_orders=0 tested_orders=0
[HEARTBEAT] events=38475 decisions=56 live_orders=0 tested_orders=0
[HEARTBEAT] events=38500 decisions=56 live_orders=0 tested_orders=0
[HEARTBEAT] events=38525 decisions=56 live_orders=0 tested_orders=0
[HEARTBEAT] events=38550 decisions=56 live_orders=0 tested_orders=0
[HEARTBEAT] events=38575 decisions=56 live_orders=0 tested_orders=0
[HEARTBEAT] events=38600 decisions=56 live_orders=0 tested_orders=0
[HEARTBEAT] events=38625 decisions=56 live_orders=0 tested_orders=0
[HEARTBEAT] events=38650 decisions=56 live_orders=0 tested_orders=0
[HEARTBEAT] events=38675 decisions=56 live_orders=0 tested_orders=0
[HEARTBEAT] events=38700 decisions=56 live_orders=0 tested_orders=0
[HEARTBEAT] events=38725 decisions=56 live_orders=0 tested_orders=0
[DECISION] 2026-04-21T05:26:00+00:00 DOGEUSDT mode=futures side=long score=74.84
[SUBMISSION_GATE] DOGEUSDT allow=False can_open=True existing=no pending_external=False order_cooldown=False manual_cooldown=False live_allowed=True
[EXEC_PREFLIGHT] DOGEUSDT allow=False live_allowed=True managed=cash:0.00 prepared=cash:0.00 reasons=POLICY_ALIGNMENT_DEMOTED_BUCKET
[HEARTBEAT] events=38750 decisions=57 live_orders=0 tested_orders=0
[HEARTBEAT] events=38775 decisions=57 live_orders=0 tested_orders=0
[HEARTBEAT] events=38800 decisions=57 live_orders=0 tested_orders=0
[HEARTBEAT] events=38825 decisions=57 live_orders=0 tested_orders=0
[HEARTBEAT] events=38850 decisions=57 live_orders=0 tested_orders=0
[HEARTBEAT] events=38875 decisions=57 live_orders=0 tested_orders=0
[HEARTBEAT] events=38900 decisions=57 live_orders=0 tested_orders=0
[HEARTBEAT] events=38925 decisions=57 live_orders=0 tested_orders=0
[HEARTBEAT] events=38950 decisions=57 live_orders=0 tested_orders=0
[HEARTBEAT] events=38975 decisions=57 live_orders=0 tested_orders=0
[HEARTBEAT] events=39000 decisions=57 live_orders=0 tested_orders=0
[HEARTBEAT] events=39025 decisions=57 live_orders=0 tested_orders=0
[HEARTBEAT] events=39050 decisions=57 live_orders=0 tested_orders=0
[HEARTBEAT] events=39075 decisions=57 live_orders=0 tested_orders=0
[HEARTBEAT] events=39100 decisions=57 live_orders=0 tested_orders=0
[HEARTBEAT] events=39125 decisions=57 live_orders=0 tested_orders=0
[HEARTBEAT] events=39150 decisions=57 live_orders=0 tested_orders=0
[HEARTBEAT] events=39175 decisions=57 live_orders=0 tested_orders=0
[HEARTBEAT] events=39200 decisions=57 live_orders=0 tested_orders=0
[HEARTBEAT] events=39225 decisions=57 live_orders=0 tested_orders=0
[HEARTBEAT] events=39250 decisions=57 live_orders=0 tested_orders=0
[HEARTBEAT] events=39275 decisions=57 live_orders=0 tested_orders=0
[HEARTBEAT] events=39300 decisions=57 live_orders=0 tested_orders=0
[HEARTBEAT] events=39325 decisions=57 live_orders=0 tested_orders=0
[HEARTBEAT] events=39350 decisions=57 live_orders=0 tested_orders=0
[HEARTBEAT] events=39375 decisions=57 live_orders=0 tested_orders=0
[HEARTBEAT] events=39400 decisions=57 live_orders=0 tested_orders=0
[HEARTBEAT] events=39425 decisions=57 live_orders=0 tested_orders=0
[HEARTBEAT] events=39450 decisions=57 live_orders=0 tested_orders=0
[HEARTBEAT] events=39475 decisions=57 live_orders=0 tested_orders=0
[HEARTBEAT] events=39500 decisions=57 live_orders=0 tested_orders=0
[HEARTBEAT] events=39525 decisions=57 live_orders=0 tested_orders=0
[HEARTBEAT] events=39550 decisions=57 live_orders=0 tested_orders=0
[HEARTBEAT] events=39575 decisions=57 live_orders=0 tested_orders=0
[HEARTBEAT] events=39600 decisions=57 live_orders=0 tested_orders=0
[HEARTBEAT] events=39625 decisions=57 live_orders=0 tested_orders=0
[HEARTBEAT] events=39650 decisions=57 live_orders=0 tested_orders=0
[HEARTBEAT] events=39675 decisions=57 live_orders=0 tested_orders=0
[HEARTBEAT] events=39700 decisions=57 live_orders=0 tested_orders=0
[HEARTBEAT] events=39725 decisions=57 live_orders=0 tested_orders=0
[HEARTBEAT] events=39750 decisions=57 live_orders=0 tested_orders=0
[HEARTBEAT] events=39775 decisions=57 live_orders=0 tested_orders=0
[HEARTBEAT] events=39800 decisions=57 live_orders=0 tested_orders=0
[HEARTBEAT] events=39825 decisions=57 live_orders=0 tested_orders=0
[HEARTBEAT] events=39850 decisions=57 live_orders=0 tested_orders=0
[HEARTBEAT] events=39875 decisions=57 live_orders=0 tested_orders=0
[HEARTBEAT] events=39900 decisions=57 live_orders=0 tested_orders=0
[HEARTBEAT] events=39925 decisions=57 live_orders=0 tested_orders=0
[HEARTBEAT] events=39950 decisions=57 live_orders=0 tested_orders=0
[HEARTBEAT] events=39975 decisions=57 live_orders=0 tested_orders=0
[HEARTBEAT] events=40000 decisions=57 live_orders=0 tested_orders=0
[HEARTBEAT] events=40025 decisions=57 live_orders=0 tested_orders=0
[HEARTBEAT] events=40050 decisions=57 live_orders=0 tested_orders=0
[HEARTBEAT] events=40075 decisions=57 live_orders=0 tested_orders=0
[HEARTBEAT] events=40100 decisions=57 live_orders=0 tested_orders=0
[HEARTBEAT] events=40125 decisions=57 live_orders=0 tested_orders=0
[HEARTBEAT] events=40150 decisions=57 live_orders=0 tested_orders=0
[HEARTBEAT] events=40175 decisions=57 live_orders=0 tested_orders=0
[HEARTBEAT] events=40200 decisions=57 live_orders=0 tested_orders=0
[HEARTBEAT] events=40225 decisions=57 live_orders=0 tested_orders=0
[HEARTBEAT] events=40250 decisions=57 live_orders=0 tested_orders=0
[HEARTBEAT] events=40275 decisions=57 live_orders=0 tested_orders=0
[HEARTBEAT] events=40300 decisions=57 live_orders=0 tested_orders=0
[HEARTBEAT] events=40325 decisions=57 live_orders=0 tested_orders=0
[HEARTBEAT] events=40350 decisions=57 live_orders=0 tested_orders=0
[HEARTBEAT] events=40375 decisions=57 live_orders=0 tested_orders=0
[HEARTBEAT] events=40400 decisions=57 live_orders=0 tested_orders=0
[HEARTBEAT] events=40425 decisions=57 live_orders=0 tested_orders=0
[HEARTBEAT] events=40450 decisions=57 live_orders=0 tested_orders=0
[HEARTBEAT] events=40475 decisions=57 live_orders=0 tested_orders=0
[HEARTBEAT] events=40500 decisions=57 live_orders=0 tested_orders=0
[HEARTBEAT] events=40525 decisions=57 live_orders=0 tested_orders=0
[HEARTBEAT] events=40550 decisions=57 live_orders=0 tested_orders=0
[HEARTBEAT] events=40575 decisions=57 live_orders=0 tested_orders=0
[HEARTBEAT] events=40600 decisions=57 live_orders=0 tested_orders=0
[HEARTBEAT] events=40625 decisions=57 live_orders=0 tested_orders=0
[HEARTBEAT] events=40650 decisions=57 live_orders=0 tested_orders=0
[HEARTBEAT] events=40675 decisions=57 live_orders=0 tested_orders=0
[HEARTBEAT] events=40700 decisions=57 live_orders=0 tested_orders=0
[HEARTBEAT] events=40725 decisions=57 live_orders=0 tested_orders=0
[HEARTBEAT] events=40750 decisions=57 live_orders=0 tested_orders=0
[HEARTBEAT] events=40775 decisions=57 live_orders=0 tested_orders=0
[HEARTBEAT] events=40800 decisions=57 live_orders=0 tested_orders=0
[HEARTBEAT] events=40825 decisions=57 live_orders=0 tested_orders=0
[HEARTBEAT] events=40850 decisions=57 live_orders=0 tested_orders=0
[HEARTBEAT] events=40875 decisions=57 live_orders=0 tested_orders=0
[HEARTBEAT] events=40900 decisions=57 live_orders=0 tested_orders=0
[HEARTBEAT] events=40925 decisions=57 live_orders=0 tested_orders=0
[HEARTBEAT] events=40950 decisions=57 live_orders=0 tested_orders=0
[HEARTBEAT] events=40975 decisions=57 live_orders=0 tested_orders=0
[HEARTBEAT] events=41000 decisions=57 live_orders=0 tested_orders=0
[HEARTBEAT] events=41025 decisions=57 live_orders=0 tested_orders=0
[HEARTBEAT] events=41050 decisions=57 live_orders=0 tested_orders=0
[HEARTBEAT] events=41075 decisions=57 live_orders=0 tested_orders=0
[HEARTBEAT] events=41100 decisions=57 live_orders=0 tested_orders=0
[HEARTBEAT] events=41125 decisions=57 live_orders=0 tested_orders=0
[HEARTBEAT] events=41150 decisions=57 live_orders=0 tested_orders=0
[HEARTBEAT] events=41175 decisions=57 live_orders=0 tested_orders=0
[HEARTBEAT] events=41200 decisions=57 live_orders=0 tested_orders=0
[HEARTBEAT] events=41225 decisions=57 live_orders=0 tested_orders=0
[HEARTBEAT] events=41250 decisions=57 live_orders=0 tested_orders=0
[HEARTBEAT] events=41275 decisions=57 live_orders=0 tested_orders=0
[HEARTBEAT] events=41300 decisions=57 live_orders=0 tested_orders=0
[HEARTBEAT] events=41325 decisions=57 live_orders=0 tested_orders=0
[HEARTBEAT] events=41350 decisions=57 live_orders=0 tested_orders=0
[HEARTBEAT] events=41375 decisions=57 live_orders=0 tested_orders=0
[HEARTBEAT] events=41400 decisions=57 live_orders=0 tested_orders=0
[HEARTBEAT] events=41425 decisions=57 live_orders=0 tested_orders=0
[HEARTBEAT] events=41450 decisions=57 live_orders=0 tested_orders=0
[HEARTBEAT] events=41475 decisions=57 live_orders=0 tested_orders=0
[HEARTBEAT] events=41500 decisions=57 live_orders=0 tested_orders=0
[HEARTBEAT] events=41525 decisions=57 live_orders=0 tested_orders=0
[HEARTBEAT] events=41550 decisions=57 live_orders=0 tested_orders=0
[HEARTBEAT] events=41575 decisions=57 live_orders=0 tested_orders=0
[HEARTBEAT] events=41600 decisions=57 live_orders=0 tested_orders=0
[HEARTBEAT] events=41625 decisions=57 live_orders=0 tested_orders=0
[HEARTBEAT] events=41650 decisions=57 live_orders=0 tested_orders=0
[HEARTBEAT] events=41675 decisions=57 live_orders=0 tested_orders=0
[HEARTBEAT] events=41700 decisions=57 live_orders=0 tested_orders=0
[HEARTBEAT] events=41725 decisions=57 live_orders=0 tested_orders=0
[HEARTBEAT] events=41750 decisions=57 live_orders=0 tested_orders=0
[HEARTBEAT] events=41775 decisions=57 live_orders=0 tested_orders=0
[HEARTBEAT] events=41800 decisions=57 live_orders=0 tested_orders=0
[HEARTBEAT] events=41825 decisions=57 live_orders=0 tested_orders=0
[HEARTBEAT] events=41850 decisions=57 live_orders=0 tested_orders=0
[HEARTBEAT] events=41875 decisions=57 live_orders=0 tested_orders=0
[HEARTBEAT] events=41900 decisions=57 live_orders=0 tested_orders=0
[HEARTBEAT] events=41925 decisions=57 live_orders=0 tested_orders=0
[HEARTBEAT] events=41950 decisions=57 live_orders=0 tested_orders=0
[ERROR] websocket attempt=2 error=no close frame received or sent
[RETRY] attempt=3 sleeping=2.00s
[HEARTBEAT] events=41975 decisions=57 live_orders=0 tested_orders=0
[HEARTBEAT] events=42000 decisions=57 live_orders=0 tested_orders=0
[HEARTBEAT] events=42025 decisions=57 live_orders=0 tested_orders=0
[HEARTBEAT] events=42050 decisions=57 live_orders=0 tested_orders=0
[HEARTBEAT] events=42075 decisions=57 live_orders=0 tested_orders=0
[HEARTBEAT] events=42100 decisions=57 live_orders=0 tested_orders=0
[HEARTBEAT] events=42125 decisions=57 live_orders=0 tested_orders=0
[HEARTBEAT] events=42150 decisions=57 live_orders=0 tested_orders=0
[HEARTBEAT] events=42175 decisions=57 live_orders=0 tested_orders=0
[HEARTBEAT] events=42200 decisions=57 live_orders=0 tested_orders=0
[CONNECT] websocket attempt=3
[HEARTBEAT] events=42225 decisions=57 live_orders=0 tested_orders=0
[HEARTBEAT] events=42250 decisions=57 live_orders=0 tested_orders=0
[HEARTBEAT] events=42275 decisions=57 live_orders=0 tested_orders=0
[HEARTBEAT] events=42300 decisions=57 live_orders=0 tested_orders=0
[HEARTBEAT] events=42325 decisions=57 live_orders=0 tested_orders=0
[HEARTBEAT] events=42350 decisions=57 live_orders=0 tested_orders=0
[HEARTBEAT] events=42375 decisions=57 live_orders=0 tested_orders=0
[HEARTBEAT] events=42400 decisions=57 live_orders=0 tested_orders=0
[HEARTBEAT] events=42425 decisions=57 live_orders=0 tested_orders=0
[HEARTBEAT] events=42450 decisions=57 live_orders=0 tested_orders=0
[HEARTBEAT] events=42475 decisions=57 live_orders=0 tested_orders=0
[HEARTBEAT] events=42500 decisions=57 live_orders=0 tested_orders=0
[HEARTBEAT] events=42525 decisions=57 live_orders=0 tested_orders=0
[HEARTBEAT] events=42550 decisions=57 live_orders=0 tested_orders=0
[HEARTBEAT] events=42575 decisions=57 live_orders=0 tested_orders=0
[HEARTBEAT] events=42600 decisions=57 live_orders=0 tested_orders=0
[HEARTBEAT] events=42625 decisions=57 live_orders=0 tested_orders=0
[HEARTBEAT] events=42650 decisions=57 live_orders=0 tested_orders=0
[HEARTBEAT] events=42675 decisions=57 live_orders=0 tested_orders=0
[HEARTBEAT] events=42700 decisions=57 live_orders=0 tested_orders=0
[HEARTBEAT] events=42725 decisions=57 live_orders=0 tested_orders=0
[HEARTBEAT] events=42750 decisions=57 live_orders=0 tested_orders=0
[HEARTBEAT] events=42775 decisions=57 live_orders=0 tested_orders=0
[HEARTBEAT] events=42800 decisions=57 live_orders=0 tested_orders=0
[HEARTBEAT] events=42825 decisions=57 live_orders=0 tested_orders=0
[HEARTBEAT] events=42850 decisions=57 live_orders=0 tested_orders=0
[HEARTBEAT] events=42875 decisions=57 live_orders=0 tested_orders=0
[HEARTBEAT] events=42900 decisions=57 live_orders=0 tested_orders=0
[DECISION] 2026-04-21T05:22:00+00:00 PEPEUSDT mode=futures side=long score=66.91
[SUBMISSION_GATE] PEPEUSDT allow=False can_open=True existing=no pending_external=False order_cooldown=False manual_cooldown=False live_allowed=True
[EXEC_PREFLIGHT] PEPEUSDT allow=False live_allowed=True managed=cash:0.00 prepared=cash:0.00 reasons=HIGH_CONVICTION_A_PLUS_REQUIRED
[DECISION] 2026-04-21T05:23:00+00:00 PEPEUSDT mode=futures side=long score=66.91
[SUBMISSION_GATE] PEPEUSDT allow=False can_open=True existing=no pending_external=False order_cooldown=False manual_cooldown=False live_allowed=True
[EXEC_PREFLIGHT] PEPEUSDT allow=False live_allowed=True managed=cash:0.00 prepared=cash:0.00 reasons=HIGH_CONVICTION_A_PLUS_REQUIRED
[DECISION] 2026-04-21T05:24:00+00:00 PEPEUSDT mode=futures side=long score=66.91
[SUBMISSION_GATE] PEPEUSDT allow=False can_open=True existing=no pending_external=False order_cooldown=False manual_cooldown=False live_allowed=True
[EXEC_PREFLIGHT] PEPEUSDT allow=False live_allowed=True managed=cash:0.00 prepared=cash:0.00 reasons=HIGH_CONVICTION_A_PLUS_REQUIRED
[DECISION] 2026-04-21T05:25:00+00:00 PEPEUSDT mode=futures side=long score=66.91
[SUBMISSION_GATE] PEPEUSDT allow=False can_open=True existing=no pending_external=False order_cooldown=False manual_cooldown=False live_allowed=True
[EXEC_PREFLIGHT] PEPEUSDT allow=False live_allowed=True managed=cash:0.00 prepared=cash:0.00 reasons=HIGH_CONVICTION_A_PLUS_REQUIRED
[DECISION] 2026-04-21T05:26:00+00:00 PEPEUSDT mode=futures side=long score=66.91
[SUBMISSION_GATE] PEPEUSDT allow=False can_open=True existing=no pending_external=False order_cooldown=False manual_cooldown=False live_allowed=True
[EXEC_PREFLIGHT] PEPEUSDT allow=False live_allowed=True managed=cash:0.00 prepared=cash:0.00 reasons=HIGH_CONVICTION_A_PLUS_REQUIRED
[HEARTBEAT] events=42925 decisions=62 live_orders=0 tested_orders=0
[HEARTBEAT] events=42950 decisions=62 live_orders=0 tested_orders=0
[HEARTBEAT] events=42975 decisions=62 live_orders=0 tested_orders=0
[HEARTBEAT] events=43000 decisions=62 live_orders=0 tested_orders=0
[HEARTBEAT] events=43025 decisions=62 live_orders=0 tested_orders=0
[HEARTBEAT] events=43050 decisions=62 live_orders=0 tested_orders=0
[HEARTBEAT] events=43075 decisions=62 live_orders=0 tested_orders=0
[HEARTBEAT] events=43100 decisions=62 live_orders=0 tested_orders=0
[HEARTBEAT] events=43125 decisions=62 live_orders=0 tested_orders=0
[HEARTBEAT] events=43150 decisions=62 live_orders=0 tested_orders=0
[HEARTBEAT] events=43175 decisions=62 live_orders=0 tested_orders=0
[HEARTBEAT] events=43200 decisions=62 live_orders=0 tested_orders=0
[HEARTBEAT] events=43225 decisions=62 live_orders=0 tested_orders=0
[HEARTBEAT] events=43250 decisions=62 live_orders=0 tested_orders=0
[HEARTBEAT] events=43275 decisions=62 live_orders=0 tested_orders=0
[HEARTBEAT] events=43300 decisions=62 live_orders=0 tested_orders=0
[HEARTBEAT] events=43325 decisions=62 live_orders=0 tested_orders=0
[HEARTBEAT] events=43350 decisions=62 live_orders=0 tested_orders=0
[HEARTBEAT] events=43375 decisions=62 live_orders=0 tested_orders=0
[HEARTBEAT] events=43400 decisions=62 live_orders=0 tested_orders=0
[HEARTBEAT] events=43425 decisions=62 live_orders=0 tested_orders=0
[HEARTBEAT] events=43450 decisions=62 live_orders=0 tested_orders=0
[HEARTBEAT] events=43475 decisions=62 live_orders=0 tested_orders=0
[HEARTBEAT] events=43500 decisions=62 live_orders=0 tested_orders=0
[HEARTBEAT] events=43525 decisions=62 live_orders=0 tested_orders=0
[HEARTBEAT] events=43550 decisions=62 live_orders=0 tested_orders=0
[HEARTBEAT] events=43575 decisions=62 live_orders=0 tested_orders=0
[HEARTBEAT] events=43600 decisions=62 live_orders=0 tested_orders=0
[HEARTBEAT] events=43625 decisions=62 live_orders=0 tested_orders=0
[HEARTBEAT] events=43650 decisions=62 live_orders=0 tested_orders=0
[HEARTBEAT] events=43675 decisions=62 live_orders=0 tested_orders=0
[HEARTBEAT] events=43700 decisions=62 live_orders=0 tested_orders=0
[HEARTBEAT] events=43725 decisions=62 live_orders=0 tested_orders=0
[HEARTBEAT] events=43750 decisions=62 live_orders=0 tested_orders=0
[HEARTBEAT] events=43775 decisions=62 live_orders=0 tested_orders=0
[HEARTBEAT] events=43800 decisions=62 live_orders=0 tested_orders=0
[HEARTBEAT] events=43825 decisions=62 live_orders=0 tested_orders=0
[HEARTBEAT] events=43850 decisions=62 live_orders=0 tested_orders=0
[HEARTBEAT] events=43875 decisions=62 live_orders=0 tested_orders=0
[SYNC] 2026-04-21T05:26:44.261209+00:00 account/open-order snapshot refreshed
[HEARTBEAT] events=43900 decisions=62 live_orders=0 tested_orders=0
[HEARTBEAT] events=43925 decisions=62 live_orders=0 tested_orders=0
[HEARTBEAT] events=43950 decisions=62 live_orders=0 tested_orders=0
[HEARTBEAT] events=43975 decisions=62 live_orders=0 tested_orders=0
[HEARTBEAT] events=44000 decisions=62 live_orders=0 tested_orders=0
[HEARTBEAT] events=44025 decisions=62 live_orders=0 tested_orders=0
[HEARTBEAT] events=44050 decisions=62 live_orders=0 tested_orders=0
[HEARTBEAT] events=44075 decisions=62 live_orders=0 tested_orders=0
[HEARTBEAT] events=44100 decisions=62 live_orders=0 tested_orders=0
[HEARTBEAT] events=44125 decisions=62 live_orders=0 tested_orders=0
[HEARTBEAT] events=44150 decisions=62 live_orders=0 tested_orders=0
[HEARTBEAT] events=44175 decisions=62 live_orders=0 tested_orders=0
[HEARTBEAT] events=44200 decisions=62 live_orders=0 tested_orders=0
[HEARTBEAT] events=44225 decisions=62 live_orders=0 tested_orders=0
[HEARTBEAT] events=44250 decisions=62 live_orders=0 tested_orders=0
[HEARTBEAT] events=44275 decisions=62 live_orders=0 tested_orders=0
[HEARTBEAT] events=44300 decisions=62 live_orders=0 tested_orders=0
[HEARTBEAT] events=44325 decisions=62 live_orders=0 tested_orders=0
[HEARTBEAT] events=44350 decisions=62 live_orders=0 tested_orders=0
[HEARTBEAT] events=44375 decisions=62 live_orders=0 tested_orders=0
[HEARTBEAT] events=44400 decisions=62 live_orders=0 tested_orders=0
[HEARTBEAT] events=44425 decisions=62 live_orders=0 tested_orders=0
[HEARTBEAT] events=44450 decisions=62 live_orders=0 tested_orders=0
[HEARTBEAT] events=44475 decisions=62 live_orders=0 tested_orders=0
[HEARTBEAT] events=44500 decisions=62 live_orders=0 tested_orders=0
[HEARTBEAT] events=44525 decisions=62 live_orders=0 tested_orders=0
[HEARTBEAT] events=44550 decisions=62 live_orders=0 tested_orders=0
[HEARTBEAT] events=44575 decisions=62 live_orders=0 tested_orders=0
[HEARTBEAT] events=44600 decisions=62 live_orders=0 tested_orders=0
[HEARTBEAT] events=44625 decisions=62 live_orders=0 tested_orders=0
[HEARTBEAT] events=44650 decisions=62 live_orders=0 tested_orders=0
[HEARTBEAT] events=44675 decisions=62 live_orders=0 tested_orders=0
[HEARTBEAT] events=44700 decisions=62 live_orders=0 tested_orders=0
[HEARTBEAT] events=44725 decisions=62 live_orders=0 tested_orders=0
[HEARTBEAT] events=44750 decisions=62 live_orders=0 tested_orders=0
[HEARTBEAT] events=44775 decisions=62 live_orders=0 tested_orders=0
[HEARTBEAT] events=44800 decisions=62 live_orders=0 tested_orders=0
[HEARTBEAT] events=44825 decisions=62 live_orders=0 tested_orders=0
[HEARTBEAT] events=44850 decisions=62 live_orders=0 tested_orders=0
[HEARTBEAT] events=44875 decisions=62 live_orders=0 tested_orders=0
[HEARTBEAT] events=44900 decisions=62 live_orders=0 tested_orders=0
[HEARTBEAT] events=44925 decisions=62 live_orders=0 tested_orders=0
[HEARTBEAT] events=44950 decisions=62 live_orders=0 tested_orders=0
[HEARTBEAT] events=44975 decisions=62 live_orders=0 tested_orders=0
[HEARTBEAT] events=45000 decisions=62 live_orders=0 tested_orders=0
[HEARTBEAT] events=45025 decisions=62 live_orders=0 tested_orders=0
[HEARTBEAT] events=45050 decisions=62 live_orders=0 tested_orders=0
[HEARTBEAT] events=45075 decisions=62 live_orders=0 tested_orders=0
[HEARTBEAT] events=45100 decisions=62 live_orders=0 tested_orders=0
[DECISION] 2026-04-21T05:22:00+00:00 PEPEUSDT mode=futures side=long score=66.92
[SUBMISSION_GATE] PEPEUSDT allow=False can_open=True existing=no pending_external=False order_cooldown=False manual_cooldown=False live_allowed=True
[EXEC_PREFLIGHT] PEPEUSDT allow=False live_allowed=True managed=cash:0.00 prepared=cash:0.00 reasons=HIGH_CONVICTION_A_PLUS_REQUIRED
[DECISION] 2026-04-21T05:23:00+00:00 PEPEUSDT mode=futures side=long score=66.92
[SUBMISSION_GATE] PEPEUSDT allow=False can_open=True existing=no pending_external=False order_cooldown=False manual_cooldown=False live_allowed=True
[EXEC_PREFLIGHT] PEPEUSDT allow=False live_allowed=True managed=cash:0.00 prepared=cash:0.00 reasons=HIGH_CONVICTION_A_PLUS_REQUIRED
[DECISION] 2026-04-21T05:24:00+00:00 PEPEUSDT mode=futures side=long score=66.92
[SUBMISSION_GATE] PEPEUSDT allow=False can_open=True existing=no pending_external=False order_cooldown=False manual_cooldown=False live_allowed=True
[EXEC_PREFLIGHT] PEPEUSDT allow=False live_allowed=True managed=cash:0.00 prepared=cash:0.00 reasons=HIGH_CONVICTION_A_PLUS_REQUIRED
[DECISION] 2026-04-21T05:25:00+00:00 PEPEUSDT mode=futures side=long score=66.92
[SUBMISSION_GATE] PEPEUSDT allow=False can_open=True existing=no pending_external=False order_cooldown=False manual_cooldown=False live_allowed=True
[EXEC_PREFLIGHT] PEPEUSDT allow=False live_allowed=True managed=cash:0.00 prepared=cash:0.00 reasons=HIGH_CONVICTION_A_PLUS_REQUIRED
[DECISION] 2026-04-21T05:26:00+00:00 PEPEUSDT mode=futures side=long score=66.92
[SUBMISSION_GATE] PEPEUSDT allow=False can_open=True existing=no pending_external=False order_cooldown=False manual_cooldown=False live_allowed=True
[EXEC_PREFLIGHT] PEPEUSDT allow=False live_allowed=True managed=cash:0.00 prepared=cash:0.00 reasons=HIGH_CONVICTION_A_PLUS_REQUIRED
[HEARTBEAT] events=45125 decisions=67 live_orders=0 tested_orders=0
[HEARTBEAT] events=45150 decisions=67 live_orders=0 tested_orders=0
[HEARTBEAT] events=45175 decisions=67 live_orders=0 tested_orders=0
[HEARTBEAT] events=45200 decisions=67 live_orders=0 tested_orders=0
[HEARTBEAT] events=45225 decisions=67 live_orders=0 tested_orders=0
[HEARTBEAT] events=45250 decisions=67 live_orders=0 tested_orders=0
[HEARTBEAT] events=45275 decisions=67 live_orders=0 tested_orders=0
[HEARTBEAT] events=45300 decisions=67 live_orders=0 tested_orders=0
[HEARTBEAT] events=45325 decisions=67 live_orders=0 tested_orders=0
[HEARTBEAT] events=45350 decisions=67 live_orders=0 tested_orders=0
[HEARTBEAT] events=45375 decisions=67 live_orders=0 tested_orders=0
[HEARTBEAT] events=45400 decisions=67 live_orders=0 tested_orders=0
[HEARTBEAT] events=45425 decisions=67 live_orders=0 tested_orders=0
[HEARTBEAT] events=45450 decisions=67 live_orders=0 tested_orders=0
[HEARTBEAT] events=45475 decisions=67 live_orders=0 tested_orders=0
[HEARTBEAT] events=45500 decisions=67 live_orders=0 tested_orders=0
[HEARTBEAT] events=45525 decisions=67 live_orders=0 tested_orders=0
[HEARTBEAT] events=45550 decisions=67 live_orders=0 tested_orders=0
[HEARTBEAT] events=45575 decisions=67 live_orders=0 tested_orders=0
[HEARTBEAT] events=45600 decisions=67 live_orders=0 tested_orders=0
[HEARTBEAT] events=45625 decisions=67 live_orders=0 tested_orders=0
[HEARTBEAT] events=45650 decisions=67 live_orders=0 tested_orders=0
[HEARTBEAT] events=45675 decisions=67 live_orders=0 tested_orders=0
[HEARTBEAT] events=45700 decisions=67 live_orders=0 tested_orders=0
[HEARTBEAT] events=45725 decisions=67 live_orders=0 tested_orders=0
[DECISION] 2026-04-21T05:27:00+00:00 DOGEUSDT mode=futures side=long score=72.49
[SUBMISSION_GATE] DOGEUSDT allow=False can_open=True existing=no pending_external=False order_cooldown=False manual_cooldown=False live_allowed=True
[EXEC_PREFLIGHT] DOGEUSDT allow=False live_allowed=True managed=cash:0.00 prepared=cash:0.00 reasons=HIGH_CONVICTION_A_PLUS_REQUIRED
[HEARTBEAT] events=45750 decisions=68 live_orders=0 tested_orders=0
[HEARTBEAT] events=45775 decisions=68 live_orders=0 tested_orders=0
[HEARTBEAT] events=45800 decisions=68 live_orders=0 tested_orders=0
[HEARTBEAT] events=45825 decisions=68 live_orders=0 tested_orders=0
[HEARTBEAT] events=45850 decisions=68 live_orders=0 tested_orders=0
[HEARTBEAT] events=45875 decisions=68 live_orders=0 tested_orders=0
[HEARTBEAT] events=45900 decisions=68 live_orders=0 tested_orders=0
[HEARTBEAT] events=45925 decisions=68 live_orders=0 tested_orders=0
[HEARTBEAT] events=45950 decisions=68 live_orders=0 tested_orders=0
[HEARTBEAT] events=45975 decisions=68 live_orders=0 tested_orders=0
[HEARTBEAT] events=46000 decisions=68 live_orders=0 tested_orders=0
[HEARTBEAT] events=46025 decisions=68 live_orders=0 tested_orders=0
[HEARTBEAT] events=46050 decisions=68 live_orders=0 tested_orders=0
[HEARTBEAT] events=46075 decisions=68 live_orders=0 tested_orders=0
[HEARTBEAT] events=46100 decisions=68 live_orders=0 tested_orders=0
[HEARTBEAT] events=46125 decisions=68 live_orders=0 tested_orders=0
[HEARTBEAT] events=46150 decisions=68 live_orders=0 tested_orders=0
[HEARTBEAT] events=46175 decisions=68 live_orders=0 tested_orders=0
[HEARTBEAT] events=46200 decisions=68 live_orders=0 tested_orders=0
[HEARTBEAT] events=46225 decisions=68 live_orders=0 tested_orders=0
[HEARTBEAT] events=46250 decisions=68 live_orders=0 tested_orders=0
[HEARTBEAT] events=46275 decisions=68 live_orders=0 tested_orders=0
[HEARTBEAT] events=46300 decisions=68 live_orders=0 tested_orders=0
[HEARTBEAT] events=46325 decisions=68 live_orders=0 tested_orders=0
[HEARTBEAT] events=46350 decisions=68 live_orders=0 tested_orders=0
[HEARTBEAT] events=46375 decisions=68 live_orders=0 tested_orders=0
[HEARTBEAT] events=46400 decisions=68 live_orders=0 tested_orders=0
[HEARTBEAT] events=46425 decisions=68 live_orders=0 tested_orders=0
[HEARTBEAT] events=46450 decisions=68 live_orders=0 tested_orders=0
[HEARTBEAT] events=46475 decisions=68 live_orders=0 tested_orders=0
[HEARTBEAT] events=46500 decisions=68 live_orders=0 tested_orders=0
[HEARTBEAT] events=46525 decisions=68 live_orders=0 tested_orders=0
[HEARTBEAT] events=46550 decisions=68 live_orders=0 tested_orders=0
[HEARTBEAT] events=46575 decisions=68 live_orders=0 tested_orders=0
[HEARTBEAT] events=46600 decisions=68 live_orders=0 tested_orders=0
[DECISION] 2026-04-21T05:22:00+00:00 DOGEUSDT mode=cash side=flat score=47.05
[SUBMISSION_GATE] DOGEUSDT allow=False can_open=True existing=no pending_external=False order_cooldown=False manual_cooldown=False live_allowed=True
[EXEC_PREFLIGHT] DOGEUSDT allow=False live_allowed=True managed=cash:0.00 prepared=cash:0.00 reasons=BUYING_INTO_RESISTANCE,DIRECTION_CONFLICT,EDGE_BELOW_COST,EDGE_TOO_THIN,LIQUIDITY_TOO_WEAK,SCORE_TOO_LOW,SUPPORT_NOT_CONFIRMED
[DECISION] 2026-04-21T05:23:00+00:00 DOGEUSDT mode=futures side=long score=72.49
[SUBMISSION_GATE] DOGEUSDT allow=False can_open=True existing=no pending_external=False order_cooldown=False manual_cooldown=False live_allowed=True
[EXEC_PREFLIGHT] DOGEUSDT allow=False live_allowed=True managed=cash:0.00 prepared=cash:0.00 reasons=HIGH_CONVICTION_RECENT_LONG_CONFIRMATION_REQUIRED
[DECISION] 2026-04-21T05:24:00+00:00 DOGEUSDT mode=futures side=long score=72.49
[SUBMISSION_GATE] DOGEUSDT allow=False can_open=True existing=no pending_external=False order_cooldown=False manual_cooldown=False live_allowed=True
[EXEC_PREFLIGHT] DOGEUSDT allow=False live_allowed=True managed=cash:0.00 prepared=cash:0.00 reasons=HIGH_CONVICTION_RECENT_LONG_CONFIRMATION_REQUIRED
[DECISION] 2026-04-21T05:25:00+00:00 DOGEUSDT mode=futures side=long score=72.49
[SUBMISSION_GATE] DOGEUSDT allow=False can_open=True existing=no pending_external=False order_cooldown=False manual_cooldown=False live_allowed=True
[EXEC_PREFLIGHT] DOGEUSDT allow=False live_allowed=True managed=cash:0.00 prepared=cash:0.00 reasons=HIGH_CONVICTION_A_PLUS_REQUIRED
[DECISION] 2026-04-21T05:26:00+00:00 DOGEUSDT mode=cash side=flat score=47.05
[SUBMISSION_GATE] DOGEUSDT allow=False can_open=True existing=no pending_external=False order_cooldown=False manual_cooldown=False live_allowed=True
[EXEC_PREFLIGHT] DOGEUSDT allow=False live_allowed=True managed=cash:0.00 prepared=cash:0.00 reasons=BUYING_INTO_RESISTANCE,DIRECTION_CONFLICT,EDGE_BELOW_COST,EDGE_TOO_THIN,LIQUIDITY_TOO_WEAK,SCORE_TOO_LOW,SUPPORT_NOT_CONFIRMED
[DECISION] 2026-04-21T05:27:00+00:00 DOGEUSDT mode=futures side=long score=70.95
[SUBMISSION_GATE] DOGEUSDT allow=False can_open=True existing=no pending_external=False order_cooldown=False manual_cooldown=False live_allowed=True
[EXEC_PREFLIGHT] DOGEUSDT allow=False live_allowed=True managed=cash:0.00 prepared=cash:0.00 reasons=HIGH_CONVICTION_RECENT_LONG_CONFIRMATION_REQUIRED
[HEARTBEAT] events=46625 decisions=74 live_orders=0 tested_orders=0
[HEARTBEAT] events=46650 decisions=74 live_orders=0 tested_orders=0
[HEARTBEAT] events=46675 decisions=74 live_orders=0 tested_orders=0
[HEARTBEAT] events=46700 decisions=74 live_orders=0 tested_orders=0
[HEARTBEAT] events=46725 decisions=74 live_orders=0 tested_orders=0
[HEARTBEAT] events=46750 decisions=74 live_orders=0 tested_orders=0
[HEARTBEAT] events=46775 decisions=74 live_orders=0 tested_orders=0
[HEARTBEAT] events=46800 decisions=74 live_orders=0 tested_orders=0
[HEARTBEAT] events=46825 decisions=74 live_orders=0 tested_orders=0
[HEARTBEAT] events=46850 decisions=74 live_orders=0 tested_orders=0
[HEARTBEAT] events=46875 decisions=74 live_orders=0 tested_orders=0
[HEARTBEAT] events=46900 decisions=74 live_orders=0 tested_orders=0
[HEARTBEAT] events=46925 decisions=74 live_orders=0 tested_orders=0
[HEARTBEAT] events=46950 decisions=74 live_orders=0 tested_orders=0
[HEARTBEAT] events=46975 decisions=74 live_orders=0 tested_orders=0
[HEARTBEAT] events=47000 decisions=74 live_orders=0 tested_orders=0
[HEARTBEAT] events=47025 decisions=74 live_orders=0 tested_orders=0
[HEARTBEAT] events=47050 decisions=74 live_orders=0 tested_orders=0
[HEARTBEAT] events=47075 decisions=74 live_orders=0 tested_orders=0
[HEARTBEAT] events=47100 decisions=74 live_orders=0 tested_orders=0
[DECISION] 2026-04-21T05:22:00+00:00 DOGEUSDT mode=cash side=flat score=47.05
[SUBMISSION_GATE] DOGEUSDT allow=False can_open=True existing=no pending_external=False order_cooldown=False manual_cooldown=False live_allowed=True
[EXEC_PREFLIGHT] DOGEUSDT allow=False live_allowed=True managed=cash:0.00 prepared=cash:0.00 reasons=BUYING_INTO_RESISTANCE,DIRECTION_CONFLICT,EDGE_BELOW_COST,EDGE_TOO_THIN,LIQUIDITY_TOO_WEAK,SCORE_TOO_LOW
[DECISION] 2026-04-21T05:23:00+00:00 DOGEUSDT mode=futures side=long score=72.49
[SUBMISSION_GATE] DOGEUSDT allow=False can_open=True existing=no pending_external=False order_cooldown=False manual_cooldown=False live_allowed=True
[EXEC_PREFLIGHT] DOGEUSDT allow=False live_allowed=True managed=cash:0.00 prepared=cash:0.00 reasons=HIGH_CONVICTION_RECENT_LONG_CONFIRMATION_REQUIRED
[DECISION] 2026-04-21T05:24:00+00:00 DOGEUSDT mode=futures side=long score=72.49
[SUBMISSION_GATE] DOGEUSDT allow=False can_open=True existing=no pending_external=False order_cooldown=False manual_cooldown=False live_allowed=True
[EXEC_PREFLIGHT] DOGEUSDT allow=False live_allowed=True managed=cash:0.00 prepared=cash:0.00 reasons=HIGH_CONVICTION_RECENT_LONG_CONFIRMATION_REQUIRED
[DECISION] 2026-04-21T05:25:00+00:00 DOGEUSDT mode=futures side=long score=72.49
[SUBMISSION_GATE] DOGEUSDT allow=False can_open=True existing=no pending_external=False order_cooldown=False manual_cooldown=False live_allowed=True
[EXEC_PREFLIGHT] DOGEUSDT allow=False live_allowed=True managed=cash:0.00 prepared=cash:0.00 reasons=HIGH_CONVICTION_A_PLUS_REQUIRED
[DECISION] 2026-04-21T05:26:00+00:00 DOGEUSDT mode=cash side=flat score=47.05
[SUBMISSION_GATE] DOGEUSDT allow=False can_open=True existing=no pending_external=False order_cooldown=False manual_cooldown=False live_allowed=True
[EXEC_PREFLIGHT] DOGEUSDT allow=False live_allowed=True managed=cash:0.00 prepared=cash:0.00 reasons=BUYING_INTO_RESISTANCE,DIRECTION_CONFLICT,EDGE_BELOW_COST,EDGE_TOO_THIN,LIQUIDITY_TOO_WEAK,SCORE_TOO_LOW
[DECISION] 2026-04-21T05:27:00+00:00 DOGEUSDT mode=futures side=long score=70.96
[SUBMISSION_GATE] DOGEUSDT allow=False can_open=True existing=no pending_external=False order_cooldown=False manual_cooldown=False live_allowed=True
[EXEC_PREFLIGHT] DOGEUSDT allow=False live_allowed=True managed=cash:0.00 prepared=cash:0.00 reasons=HIGH_CONVICTION_RECENT_LONG_CONFIRMATION_REQUIRED
[HEARTBEAT] events=47125 decisions=80 live_orders=0 tested_orders=0
[HEARTBEAT] events=47150 decisions=80 live_orders=0 tested_orders=0
[HEARTBEAT] events=47175 decisions=80 live_orders=0 tested_orders=0
[HEARTBEAT] events=47200 decisions=80 live_orders=0 tested_orders=0
[HEARTBEAT] events=47225 decisions=80 live_orders=0 tested_orders=0
[HEARTBEAT] events=47250 decisions=80 live_orders=0 tested_orders=0
[HEARTBEAT] events=47275 decisions=80 live_orders=0 tested_orders=0
[HEARTBEAT] events=47300 decisions=80 live_orders=0 tested_orders=0
[HEARTBEAT] events=47325 decisions=80 live_orders=0 tested_orders=0
[HEARTBEAT] events=47350 decisions=80 live_orders=0 tested_orders=0
[HEARTBEAT] events=47375 decisions=80 live_orders=0 tested_orders=0
[HEARTBEAT] events=47400 decisions=80 live_orders=0 tested_orders=0
[HEARTBEAT] events=47425 decisions=80 live_orders=0 tested_orders=0
[HEARTBEAT] events=47450 decisions=80 live_orders=0 tested_orders=0
[HEARTBEAT] events=47475 decisions=80 live_orders=0 tested_orders=0
[HEARTBEAT] events=47500 decisions=80 live_orders=0 tested_orders=0
[HEARTBEAT] events=47525 decisions=80 live_orders=0 tested_orders=0
[HEARTBEAT] events=47550 decisions=80 live_orders=0 tested_orders=0
[HEARTBEAT] events=47575 decisions=80 live_orders=0 tested_orders=0
[HEARTBEAT] events=47600 decisions=80 live_orders=0 tested_orders=0
[HEARTBEAT] events=47625 decisions=80 live_orders=0 tested_orders=0
[HEARTBEAT] events=47650 decisions=80 live_orders=0 tested_orders=0
[HEARTBEAT] events=47675 decisions=80 live_orders=0 tested_orders=0
[HEARTBEAT] events=47700 decisions=80 live_orders=0 tested_orders=0
[HEARTBEAT] events=47725 decisions=80 live_orders=0 tested_orders=0
[HEARTBEAT] events=47750 decisions=80 live_orders=0 tested_orders=0
[HEARTBEAT] events=47775 decisions=80 live_orders=0 tested_orders=0
[HEARTBEAT] events=47800 decisions=80 live_orders=0 tested_orders=0
[HEARTBEAT] events=47825 decisions=80 live_orders=0 tested_orders=0
[HEARTBEAT] events=47850 decisions=80 live_orders=0 tested_orders=0
[HEARTBEAT] events=47875 decisions=80 live_orders=0 tested_orders=0
[HEARTBEAT] events=47900 decisions=80 live_orders=0 tested_orders=0
[HEARTBEAT] events=47925 decisions=80 live_orders=0 tested_orders=0
[HEARTBEAT] events=47950 decisions=80 live_orders=0 tested_orders=0
[HEARTBEAT] events=47975 decisions=80 live_orders=0 tested_orders=0
[HEARTBEAT] events=48000 decisions=80 live_orders=0 tested_orders=0
[HEARTBEAT] events=48025 decisions=80 live_orders=0 tested_orders=0
[HEARTBEAT] events=48050 decisions=80 live_orders=0 tested_orders=0
[HEARTBEAT] events=48075 decisions=80 live_orders=0 tested_orders=0
[HEARTBEAT] events=48100 decisions=80 live_orders=0 tested_orders=0
[HEARTBEAT] events=48125 decisions=80 live_orders=0 tested_orders=0
[HEARTBEAT] events=48150 decisions=80 live_orders=0 tested_orders=0
[HEARTBEAT] events=48175 decisions=80 live_orders=0 tested_orders=0
[HEARTBEAT] events=48200 decisions=80 live_orders=0 tested_orders=0
[HEARTBEAT] events=48225 decisions=80 live_orders=0 tested_orders=0
[HEARTBEAT] events=48250 decisions=80 live_orders=0 tested_orders=0
[HEARTBEAT] events=48275 decisions=80 live_orders=0 tested_orders=0
[HEARTBEAT] events=48300 decisions=80 live_orders=0 tested_orders=0
[HEARTBEAT] events=48325 decisions=80 live_orders=0 tested_orders=0
[HEARTBEAT] events=48350 decisions=80 live_orders=0 tested_orders=0
[HEARTBEAT] events=48375 decisions=80 live_orders=0 tested_orders=0
[HEARTBEAT] events=48400 decisions=80 live_orders=0 tested_orders=0
[HEARTBEAT] events=48425 decisions=80 live_orders=0 tested_orders=0
[HEARTBEAT] events=48450 decisions=80 live_orders=0 tested_orders=0
[HEARTBEAT] events=48475 decisions=80 live_orders=0 tested_orders=0
[HEARTBEAT] events=48500 decisions=80 live_orders=0 tested_orders=0
[HEARTBEAT] events=48525 decisions=80 live_orders=0 tested_orders=0
[HEARTBEAT] events=48550 decisions=80 live_orders=0 tested_orders=0
[HEARTBEAT] events=48575 decisions=80 live_orders=0 tested_orders=0
[HEARTBEAT] events=48600 decisions=80 live_orders=0 tested_orders=0
[HEARTBEAT] events=48625 decisions=80 live_orders=0 tested_orders=0
[HEARTBEAT] events=48650 decisions=80 live_orders=0 tested_orders=0
[HEARTBEAT] events=48675 decisions=80 live_orders=0 tested_orders=0
[HEARTBEAT] events=48700 decisions=80 live_orders=0 tested_orders=0
[HEARTBEAT] events=48725 decisions=80 live_orders=0 tested_orders=0
[HEARTBEAT] events=48750 decisions=80 live_orders=0 tested_orders=0
[HEARTBEAT] events=48775 decisions=80 live_orders=0 tested_orders=0
[HEARTBEAT] events=48800 decisions=80 live_orders=0 tested_orders=0
[HEARTBEAT] events=48825 decisions=80 live_orders=0 tested_orders=0
[HEARTBEAT] events=48850 decisions=80 live_orders=0 tested_orders=0
[HEARTBEAT] events=48875 decisions=80 live_orders=0 tested_orders=0
[HEARTBEAT] events=48900 decisions=80 live_orders=0 tested_orders=0
[HEARTBEAT] events=48925 decisions=80 live_orders=0 tested_orders=0
[HEARTBEAT] events=48950 decisions=80 live_orders=0 tested_orders=0
[HEARTBEAT] events=48975 decisions=80 live_orders=0 tested_orders=0
[HEARTBEAT] events=49000 decisions=80 live_orders=0 tested_orders=0
[HEARTBEAT] events=49025 decisions=80 live_orders=0 tested_orders=0
[HEARTBEAT] events=49050 decisions=80 live_orders=0 tested_orders=0
[HEARTBEAT] events=49075 decisions=80 live_orders=0 tested_orders=0
[HEARTBEAT] events=49100 decisions=80 live_orders=0 tested_orders=0
[DECISION] 2026-04-21T05:22:00+00:00 ETHUSDT mode=cash side=flat score=53.58
[SUBMISSION_GATE] ETHUSDT allow=False can_open=True existing=no pending_external=False order_cooldown=False manual_cooldown=False live_allowed=True
[EXEC_PREFLIGHT] ETHUSDT allow=False live_allowed=True managed=cash:0.00 prepared=cash:0.00 reasons=DIRECTION_CONFLICT,EDGE_BELOW_COST,EDGE_TOO_THIN,LIQUIDITY_TOO_WEAK,SCORE_TOO_LOW
[DECISION] 2026-04-21T05:23:00+00:00 ETHUSDT mode=cash side=flat score=41.48
[SUBMISSION_GATE] ETHUSDT allow=False can_open=True existing=no pending_external=False order_cooldown=False manual_cooldown=False live_allowed=True
[EXEC_PREFLIGHT] ETHUSDT allow=False live_allowed=True managed=cash:0.00 prepared=cash:0.00 reasons=DIRECTION_CONFLICT,EDGE_BELOW_COST,EDGE_TOO_THIN,LIQUIDITY_TOO_WEAK,SCORE_TOO_LOW,SENTIMENT_CAUTION
[DECISION] 2026-04-21T05:24:00+00:00 ETHUSDT mode=futures side=long score=68.92
[SUBMISSION_GATE] ETHUSDT allow=False can_open=True existing=no pending_external=False order_cooldown=False manual_cooldown=False live_allowed=True
[EXEC_PREFLIGHT] ETHUSDT allow=False live_allowed=True managed=cash:0.00 prepared=cash:0.00 reasons=HIGH_CONVICTION_RECENT_LONG_CONFIRMATION_REQUIRED
[DECISION] 2026-04-21T05:25:00+00:00 ETHUSDT mode=futures side=long score=68.92
[SUBMISSION_GATE] ETHUSDT allow=False can_open=True existing=no pending_external=False order_cooldown=False manual_cooldown=False live_allowed=True
[EXEC_PREFLIGHT] ETHUSDT allow=False live_allowed=True managed=cash:0.00 prepared=cash:0.00 reasons=HIGH_CONVICTION_RECENT_LONG_CONFIRMATION_REQUIRED
[DECISION] 2026-04-21T05:26:00+00:00 ETHUSDT mode=futures side=long score=68.92
[SUBMISSION_GATE] ETHUSDT allow=False can_open=True existing=no pending_external=False order_cooldown=False manual_cooldown=False live_allowed=True
[EXEC_PREFLIGHT] ETHUSDT allow=False live_allowed=True managed=cash:0.00 prepared=cash:0.00 reasons=HIGH_CONVICTION_A_PLUS_REQUIRED
[DECISION] 2026-04-21T05:27:00+00:00 ETHUSDT mode=futures side=long score=68.92
[SUBMISSION_GATE] ETHUSDT allow=False can_open=True existing=no pending_external=False order_cooldown=False manual_cooldown=False live_allowed=True
[EXEC_PREFLIGHT] ETHUSDT allow=False live_allowed=True managed=cash:0.00 prepared=cash:0.00 reasons=HIGH_CONVICTION_A_PLUS_REQUIRED
[HEARTBEAT] events=49125 decisions=86 live_orders=0 tested_orders=0
[HEARTBEAT] events=49150 decisions=86 live_orders=0 tested_orders=0
[SYNC] 2026-04-21T05:27:44.262093+00:00 account/open-order snapshot refreshed
[HEARTBEAT] events=49175 decisions=86 live_orders=0 tested_orders=0
[HEARTBEAT] events=49200 decisions=86 live_orders=0 tested_orders=0
[HEARTBEAT] events=49225 decisions=86 live_orders=0 tested_orders=0
[HEARTBEAT] events=49250 decisions=86 live_orders=0 tested_orders=0
[HEARTBEAT] events=49275 decisions=86 live_orders=0 tested_orders=0
[HEARTBEAT] events=49300 decisions=86 live_orders=0 tested_orders=0
[HEARTBEAT] events=49325 decisions=86 live_orders=0 tested_orders=0
[HEARTBEAT] events=49350 decisions=86 live_orders=0 tested_orders=0
[HEARTBEAT] events=49375 decisions=86 live_orders=0 tested_orders=0
[HEARTBEAT] events=49400 decisions=86 live_orders=0 tested_orders=0
[HEARTBEAT] events=49425 decisions=86 live_orders=0 tested_orders=0
[HEARTBEAT] events=49450 decisions=86 live_orders=0 tested_orders=0
[HEARTBEAT] events=49475 decisions=86 live_orders=0 tested_orders=0
[HEARTBEAT] events=49500 decisions=86 live_orders=0 tested_orders=0
[HEARTBEAT] events=49525 decisions=86 live_orders=0 tested_orders=0
[HEARTBEAT] events=49550 decisions=86 live_orders=0 tested_orders=0
[HEARTBEAT] events=49575 decisions=86 live_orders=0 tested_orders=0
[HEARTBEAT] events=49600 decisions=86 live_orders=0 tested_orders=0
[HEARTBEAT] events=49625 decisions=86 live_orders=0 tested_orders=0
[HEARTBEAT] events=49650 decisions=86 live_orders=0 tested_orders=0
[HEARTBEAT] events=49675 decisions=86 live_orders=0 tested_orders=0
[HEARTBEAT] events=49700 decisions=86 live_orders=0 tested_orders=0
[HEARTBEAT] events=49725 decisions=86 live_orders=0 tested_orders=0
[HEARTBEAT] events=49750 decisions=86 live_orders=0 tested_orders=0
[HEARTBEAT] events=49775 decisions=86 live_orders=0 tested_orders=0
[HEARTBEAT] events=49800 decisions=86 live_orders=0 tested_orders=0
[HEARTBEAT] events=49825 decisions=86 live_orders=0 tested_orders=0
[HEARTBEAT] events=49850 decisions=86 live_orders=0 tested_orders=0
[HEARTBEAT] events=49875 decisions=86 live_orders=0 tested_orders=0
[HEARTBEAT] events=49900 decisions=86 live_orders=0 tested_orders=0
[HEARTBEAT] events=49925 decisions=86 live_orders=0 tested_orders=0
[HEARTBEAT] events=49950 decisions=86 live_orders=0 tested_orders=0
[HEARTBEAT] events=49975 decisions=86 live_orders=0 tested_orders=0
[HEARTBEAT] events=50000 decisions=86 live_orders=0 tested_orders=0
[HEARTBEAT] events=50025 decisions=86 live_orders=0 tested_orders=0
[HEARTBEAT] events=50050 decisions=86 live_orders=0 tested_orders=0
[HEARTBEAT] events=50075 decisions=86 live_orders=0 tested_orders=0
[DECISION] 2026-04-21T05:28:00+00:00 DOGEUSDT mode=futures side=long score=70.96
[SUBMISSION_GATE] DOGEUSDT allow=False can_open=True existing=no pending_external=False order_cooldown=False manual_cooldown=False live_allowed=True
[EXEC_PREFLIGHT] DOGEUSDT allow=False live_allowed=True managed=cash:0.00 prepared=cash:0.00 reasons=HIGH_CONVICTION_RECENT_LONG_CONFIRMATION_REQUIRED
[DECISION] 2026-04-21T05:28:00+00:00 PEPEUSDT mode=futures side=long score=66.92
[SUBMISSION_GATE] PEPEUSDT allow=False can_open=True existing=no pending_external=False order_cooldown=False manual_cooldown=False live_allowed=True
[EXEC_PREFLIGHT] PEPEUSDT allow=False live_allowed=True managed=cash:0.00 prepared=cash:0.00 reasons=HIGH_CONVICTION_A_PLUS_REQUIRED
[HEARTBEAT] events=50100 decisions=88 live_orders=0 tested_orders=0
[DECISION] 2026-04-21T05:22:00+00:00 SOLUSDT mode=futures side=long score=62.35
[SUBMISSION_GATE] SOLUSDT allow=False can_open=True existing=no pending_external=False order_cooldown=False manual_cooldown=False live_allowed=True
[EXEC_PREFLIGHT] SOLUSDT allow=False live_allowed=True managed=cash:0.00 prepared=cash:0.00 reasons=HIGH_CONVICTION_A_PLUS_REQUIRED
[DECISION] 2026-04-21T05:23:00+00:00 SOLUSDT mode=futures side=long score=62.35
[SUBMISSION_GATE] SOLUSDT allow=False can_open=True existing=no pending_external=False order_cooldown=False manual_cooldown=False live_allowed=True
[EXEC_PREFLIGHT] SOLUSDT allow=False live_allowed=True managed=cash:0.00 prepared=cash:0.00 reasons=HIGH_CONVICTION_A_PLUS_REQUIRED
[DECISION] 2026-04-21T05:24:00+00:00 SOLUSDT mode=futures side=long score=66.45
[SUBMISSION_GATE] SOLUSDT allow=False can_open=True existing=no pending_external=False order_cooldown=False manual_cooldown=False live_allowed=True
[EXEC_PREFLIGHT] SOLUSDT allow=False live_allowed=True managed=cash:0.00 prepared=cash:0.00 reasons=HIGH_CONVICTION_A_PLUS_REQUIRED
[DECISION] 2026-04-21T05:25:00+00:00 SOLUSDT mode=futures side=long score=66.45
[SUBMISSION_GATE] SOLUSDT allow=False can_open=True existing=no pending_external=False order_cooldown=False manual_cooldown=False live_allowed=True
[EXEC_PREFLIGHT] SOLUSDT allow=False live_allowed=True managed=cash:0.00 prepared=cash:0.00 reasons=HIGH_CONVICTION_A_PLUS_REQUIRED
[DECISION] 2026-04-21T05:26:00+00:00 SOLUSDT mode=futures side=long score=66.45
[SUBMISSION_GATE] SOLUSDT allow=False can_open=True existing=no pending_external=False order_cooldown=False manual_cooldown=False live_allowed=True
[EXEC_PREFLIGHT] SOLUSDT allow=False live_allowed=True managed=cash:0.00 prepared=cash:0.00 reasons=HIGH_CONVICTION_A_PLUS_REQUIRED
[DECISION] 2026-04-21T05:27:00+00:00 SOLUSDT mode=futures side=long score=66.45
[SUBMISSION_GATE] SOLUSDT allow=False can_open=True existing=no pending_external=False order_cooldown=False manual_cooldown=False live_allowed=True
[EXEC_PREFLIGHT] SOLUSDT allow=False live_allowed=True managed=cash:0.00 prepared=cash:0.00 reasons=HIGH_CONVICTION_A_PLUS_REQUIRED
[HEARTBEAT] events=50125 decisions=94 live_orders=0 tested_orders=0
[DECISION] 2026-04-21T05:27:00+00:00 PEPEUSDT mode=futures side=long score=69.09
[SUBMISSION_GATE] PEPEUSDT allow=False can_open=True existing=no pending_external=False order_cooldown=False manual_cooldown=False live_allowed=True
[EXEC_PREFLIGHT] PEPEUSDT allow=False live_allowed=True managed=cash:0.00 prepared=cash:0.00 reasons=HIGH_CONVICTION_A_PLUS_REQUIRED
[HEARTBEAT] events=50150 decisions=95 live_orders=0 tested_orders=0
[HEARTBEAT] events=50175 decisions=95 live_orders=0 tested_orders=0
[HEARTBEAT] events=50200 decisions=95 live_orders=0 tested_orders=0
[HEARTBEAT] events=50225 decisions=95 live_orders=0 tested_orders=0
[HEARTBEAT] events=50250 decisions=95 live_orders=0 tested_orders=0
[HEARTBEAT] events=50275 decisions=95 live_orders=0 tested_orders=0
[HEARTBEAT] events=50300 decisions=95 live_orders=0 tested_orders=0
[HEARTBEAT] events=50325 decisions=95 live_orders=0 tested_orders=0
[HEARTBEAT] events=50350 decisions=95 live_orders=0 tested_orders=0
[HEARTBEAT] events=50375 decisions=95 live_orders=0 tested_orders=0
[HEARTBEAT] events=50400 decisions=95 live_orders=0 tested_orders=0
[HEARTBEAT] events=50425 decisions=95 live_orders=0 tested_orders=0
[HEARTBEAT] events=50450 decisions=95 live_orders=0 tested_orders=0
[HEARTBEAT] events=50475 decisions=95 live_orders=0 tested_orders=0
[HEARTBEAT] events=50500 decisions=95 live_orders=0 tested_orders=0
[HEARTBEAT] events=50525 decisions=95 live_orders=0 tested_orders=0
[HEARTBEAT] events=50550 decisions=95 live_orders=0 tested_orders=0
[HEARTBEAT] events=50575 decisions=95 live_orders=0 tested_orders=0
[HEARTBEAT] events=50600 decisions=95 live_orders=0 tested_orders=0
[HEARTBEAT] events=50625 decisions=95 live_orders=0 tested_orders=0
[HEARTBEAT] events=50650 decisions=95 live_orders=0 tested_orders=0
[HEARTBEAT] events=50675 decisions=95 live_orders=0 tested_orders=0
[HEARTBEAT] events=50700 decisions=95 live_orders=0 tested_orders=0
[HEARTBEAT] events=50725 decisions=95 live_orders=0 tested_orders=0
[HEARTBEAT] events=50750 decisions=95 live_orders=0 tested_orders=0
[HEARTBEAT] events=50775 decisions=95 live_orders=0 tested_orders=0
[HEARTBEAT] events=50800 decisions=95 live_orders=0 tested_orders=0
[HEARTBEAT] events=50825 decisions=95 live_orders=0 tested_orders=0
[HEARTBEAT] events=50850 decisions=95 live_orders=0 tested_orders=0
[HEARTBEAT] events=50875 decisions=95 live_orders=0 tested_orders=0
[HEARTBEAT] events=50900 decisions=95 live_orders=0 tested_orders=0
[HEARTBEAT] events=50925 decisions=95 live_orders=0 tested_orders=0
[HEARTBEAT] events=50950 decisions=95 live_orders=0 tested_orders=0
[HEARTBEAT] events=50975 decisions=95 live_orders=0 tested_orders=0
[HEARTBEAT] events=51000 decisions=95 live_orders=0 tested_orders=0
[HEARTBEAT] events=51025 decisions=95 live_orders=0 tested_orders=0
[HEARTBEAT] events=51050 decisions=95 live_orders=0 tested_orders=0
[HEARTBEAT] events=51075 decisions=95 live_orders=0 tested_orders=0
[HEARTBEAT] events=51100 decisions=95 live_orders=0 tested_orders=0
[HEARTBEAT] events=51125 decisions=95 live_orders=0 tested_orders=0
[HEARTBEAT] events=51150 decisions=95 live_orders=0 tested_orders=0
[HEARTBEAT] events=51175 decisions=95 live_orders=0 tested_orders=0
[HEARTBEAT] events=51200 decisions=95 live_orders=0 tested_orders=0
[HEARTBEAT] events=51225 decisions=95 live_orders=0 tested_orders=0
[HEARTBEAT] events=51250 decisions=95 live_orders=0 tested_orders=0
[HEARTBEAT] events=51275 decisions=95 live_orders=0 tested_orders=0
[DECISION] 2026-04-21T05:22:00+00:00 ETHUSDT mode=cash side=flat score=48.28
[SUBMISSION_GATE] ETHUSDT allow=False can_open=True existing=no pending_external=False order_cooldown=False manual_cooldown=False live_allowed=True
[EXEC_PREFLIGHT] ETHUSDT allow=False live_allowed=True managed=cash:0.00 prepared=cash:0.00 reasons=DIRECTION_CONFLICT,EDGE_BELOW_COST,EDGE_TOO_THIN,LIQUIDITY_TOO_WEAK,SCORE_TOO_LOW,SENTIMENT_CAUTION
[DECISION] 2026-04-21T05:23:00+00:00 ETHUSDT mode=cash side=flat score=48.28
[SUBMISSION_GATE] ETHUSDT allow=False can_open=True existing=no pending_external=False order_cooldown=False manual_cooldown=False live_allowed=True
[EXEC_PREFLIGHT] ETHUSDT allow=False live_allowed=True managed=cash:0.00 prepared=cash:0.00 reasons=DIRECTION_CONFLICT,EDGE_BELOW_COST,EDGE_TOO_THIN,LIQUIDITY_TOO_WEAK,SCORE_TOO_LOW,SENTIMENT_CAUTION
[DECISION] 2026-04-21T05:24:00+00:00 ETHUSDT mode=cash side=flat score=48.28
[SUBMISSION_GATE] ETHUSDT allow=False can_open=True existing=no pending_external=False order_cooldown=False manual_cooldown=False live_allowed=True
[EXEC_PREFLIGHT] ETHUSDT allow=False live_allowed=True managed=cash:0.00 prepared=cash:0.00 reasons=DIRECTION_CONFLICT,EDGE_BELOW_COST,EDGE_TOO_THIN,LIQUIDITY_TOO_WEAK,SCORE_TOO_LOW,SENTIMENT_CAUTION
[DECISION] 2026-04-21T05:25:00+00:00 ETHUSDT mode=futures side=long score=75.72
[SUBMISSION_GATE] ETHUSDT allow=False can_open=True existing=no pending_external=False order_cooldown=False manual_cooldown=False live_allowed=True
[EXEC_PREFLIGHT] ETHUSDT allow=False live_allowed=True managed=cash:0.00 prepared=cash:0.00 reasons=HIGH_CONVICTION_RECENT_LONG_CONFIRMATION_REQUIRED
[DECISION] 2026-04-21T05:26:00+00:00 ETHUSDT mode=futures side=long score=75.72
[SUBMISSION_GATE] ETHUSDT allow=False can_open=True existing=no pending_external=False order_cooldown=False manual_cooldown=False live_allowed=True
[EXEC_PREFLIGHT] ETHUSDT allow=False live_allowed=True managed=cash:0.00 prepared=cash:0.00 reasons=HIGH_CONVICTION_RECENT_LONG_CONFIRMATION_REQUIRED
[DECISION] 2026-04-21T05:27:00+00:00 ETHUSDT mode=futures side=long score=75.72
[SUBMISSION_GATE] ETHUSDT allow=False can_open=True existing=no pending_external=False order_cooldown=False manual_cooldown=False live_allowed=True
[EXEC_PREFLIGHT] ETHUSDT allow=False live_allowed=True managed=cash:0.00 prepared=cash:0.00 reasons=HIGH_CONVICTION_A_PLUS_REQUIRED
[HEARTBEAT] events=51300 decisions=101 live_orders=0 tested_orders=0
[HEARTBEAT] events=51325 decisions=101 live_orders=0 tested_orders=0
[HEARTBEAT] events=51350 decisions=101 live_orders=0 tested_orders=0
[HEARTBEAT] events=51375 decisions=101 live_orders=0 tested_orders=0
[HEARTBEAT] events=51400 decisions=101 live_orders=0 tested_orders=0
[HEARTBEAT] events=51425 decisions=101 live_orders=0 tested_orders=0
[HEARTBEAT] events=51450 decisions=101 live_orders=0 tested_orders=0
[HEARTBEAT] events=51475 decisions=101 live_orders=0 tested_orders=0
[HEARTBEAT] events=51500 decisions=101 live_orders=0 tested_orders=0
[HEARTBEAT] events=51525 decisions=101 live_orders=0 tested_orders=0
[HEARTBEAT] events=51550 decisions=101 live_orders=0 tested_orders=0
[HEARTBEAT] events=51575 decisions=101 live_orders=0 tested_orders=0
[HEARTBEAT] events=51600 decisions=101 live_orders=0 tested_orders=0
[HEARTBEAT] events=51625 decisions=101 live_orders=0 tested_orders=0
[HEARTBEAT] events=51650 decisions=101 live_orders=0 tested_orders=0
[HEARTBEAT] events=51675 decisions=101 live_orders=0 tested_orders=0
[HEARTBEAT] events=51700 decisions=101 live_orders=0 tested_orders=0
[HEARTBEAT] events=51725 decisions=101 live_orders=0 tested_orders=0
[HEARTBEAT] events=51750 decisions=101 live_orders=0 tested_orders=0
[HEARTBEAT] events=51775 decisions=101 live_orders=0 tested_orders=0
[HEARTBEAT] events=51800 decisions=101 live_orders=0 tested_orders=0
[HEARTBEAT] events=51825 decisions=101 live_orders=0 tested_orders=0
[HEARTBEAT] events=51850 decisions=101 live_orders=0 tested_orders=0
[HEARTBEAT] events=51875 decisions=101 live_orders=0 tested_orders=0
[HEARTBEAT] events=51900 decisions=101 live_orders=0 tested_orders=0
[HEARTBEAT] events=51925 decisions=101 live_orders=0 tested_orders=0
[HEARTBEAT] events=51950 decisions=101 live_orders=0 tested_orders=0
[HEARTBEAT] events=51975 decisions=101 live_orders=0 tested_orders=0
[HEARTBEAT] events=52000 decisions=101 live_orders=0 tested_orders=0
[HEARTBEAT] events=52025 decisions=101 live_orders=0 tested_orders=0
[HEARTBEAT] events=52050 decisions=101 live_orders=0 tested_orders=0
[HEARTBEAT] events=52075 decisions=101 live_orders=0 tested_orders=0
[HEARTBEAT] events=52100 decisions=101 live_orders=0 tested_orders=0
[HEARTBEAT] events=52125 decisions=101 live_orders=0 tested_orders=0
[HEARTBEAT] events=52150 decisions=101 live_orders=0 tested_orders=0
[HEARTBEAT] events=52175 decisions=101 live_orders=0 tested_orders=0
[HEARTBEAT] events=52200 decisions=101 live_orders=0 tested_orders=0
[HEARTBEAT] events=52225 decisions=101 live_orders=0 tested_orders=0
[HEARTBEAT] events=52250 decisions=101 live_orders=0 tested_orders=0
[HEARTBEAT] events=52275 decisions=101 live_orders=0 tested_orders=0
[HEARTBEAT] events=52300 decisions=101 live_orders=0 tested_orders=0
[HEARTBEAT] events=52325 decisions=101 live_orders=0 tested_orders=0
[HEARTBEAT] events=52350 decisions=101 live_orders=0 tested_orders=0
[HEARTBEAT] events=52375 decisions=101 live_orders=0 tested_orders=0
[HEARTBEAT] events=52400 decisions=101 live_orders=0 tested_orders=0
[HEARTBEAT] events=52425 decisions=101 live_orders=0 tested_orders=0
[HEARTBEAT] events=52450 decisions=101 live_orders=0 tested_orders=0
[HEARTBEAT] events=52475 decisions=101 live_orders=0 tested_orders=0
[HEARTBEAT] events=52500 decisions=101 live_orders=0 tested_orders=0
[HEARTBEAT] events=52525 decisions=101 live_orders=0 tested_orders=0
[HEARTBEAT] events=52550 decisions=101 live_orders=0 tested_orders=0
[HEARTBEAT] events=52575 decisions=101 live_orders=0 tested_orders=0
[HEARTBEAT] events=52600 decisions=101 live_orders=0 tested_orders=0
[HEARTBEAT] events=52625 decisions=101 live_orders=0 tested_orders=0
[HEARTBEAT] events=52650 decisions=101 live_orders=0 tested_orders=0
[HEARTBEAT] events=52675 decisions=101 live_orders=0 tested_orders=0
[HEARTBEAT] events=52700 decisions=101 live_orders=0 tested_orders=0
[HEARTBEAT] events=52725 decisions=101 live_orders=0 tested_orders=0
[HEARTBEAT] events=52750 decisions=101 live_orders=0 tested_orders=0
[HEARTBEAT] events=52775 decisions=101 live_orders=0 tested_orders=0
[HEARTBEAT] events=52800 decisions=101 live_orders=0 tested_orders=0
[HEARTBEAT] events=52825 decisions=101 live_orders=0 tested_orders=0
[HEARTBEAT] events=52850 decisions=101 live_orders=0 tested_orders=0
[HEARTBEAT] events=52875 decisions=101 live_orders=0 tested_orders=0
[HEARTBEAT] events=52900 decisions=101 live_orders=0 tested_orders=0
[HEARTBEAT] events=52925 decisions=101 live_orders=0 tested_orders=0
[HEARTBEAT] events=52950 decisions=101 live_orders=0 tested_orders=0
[HEARTBEAT] events=52975 decisions=101 live_orders=0 tested_orders=0
[HEARTBEAT] events=53000 decisions=101 live_orders=0 tested_orders=0
[HEARTBEAT] events=53025 decisions=101 live_orders=0 tested_orders=0
[HEARTBEAT] events=53050 decisions=101 live_orders=0 tested_orders=0
[HEARTBEAT] events=53075 decisions=101 live_orders=0 tested_orders=0
[HEARTBEAT] events=53100 decisions=101 live_orders=0 tested_orders=0
[HEARTBEAT] events=53125 decisions=101 live_orders=0 tested_orders=0
[HEARTBEAT] events=53150 decisions=101 live_orders=0 tested_orders=0
[HEARTBEAT] events=53175 decisions=101 live_orders=0 tested_orders=0
[HEARTBEAT] events=53200 decisions=101 live_orders=0 tested_orders=0
[HEARTBEAT] events=53225 decisions=101 live_orders=0 tested_orders=0
[HEARTBEAT] events=53250 decisions=101 live_orders=0 tested_orders=0
[HEARTBEAT] events=53275 decisions=101 live_orders=0 tested_orders=0
[HEARTBEAT] events=53300 decisions=101 live_orders=0 tested_orders=0
[HEARTBEAT] events=53325 decisions=101 live_orders=0 tested_orders=0
[HEARTBEAT] events=53350 decisions=101 live_orders=0 tested_orders=0
[HEARTBEAT] events=53375 decisions=101 live_orders=0 tested_orders=0
[HEARTBEAT] events=53400 decisions=101 live_orders=0 tested_orders=0
[HEARTBEAT] events=53425 decisions=101 live_orders=0 tested_orders=0
[HEARTBEAT] events=53450 decisions=101 live_orders=0 tested_orders=0
[HEARTBEAT] events=53475 decisions=101 live_orders=0 tested_orders=0
[HEARTBEAT] events=53500 decisions=101 live_orders=0 tested_orders=0
[HEARTBEAT] events=53525 decisions=101 live_orders=0 tested_orders=0
[HEARTBEAT] events=53550 decisions=101 live_orders=0 tested_orders=0
[HEARTBEAT] events=53575 decisions=101 live_orders=0 tested_orders=0
[DECISION] 2026-04-21T05:22:00+00:00 SOLUSDT mode=futures side=long score=65.77
[SUBMISSION_GATE] SOLUSDT allow=False can_open=True existing=no pending_external=False order_cooldown=False manual_cooldown=False live_allowed=True
[EXEC_PREFLIGHT] SOLUSDT allow=False live_allowed=True managed=cash:0.00 prepared=cash:0.00 reasons=HIGH_CONVICTION_A_PLUS_REQUIRED
[DECISION] 2026-04-21T05:23:00+00:00 SOLUSDT mode=futures side=long score=69.87
[SUBMISSION_GATE] SOLUSDT allow=False can_open=True existing=no pending_external=False order_cooldown=False manual_cooldown=False live_allowed=True
[EXEC_PREFLIGHT] SOLUSDT allow=False live_allowed=True managed=cash:0.00 prepared=cash:0.00 reasons=HIGH_CONVICTION_A_PLUS_REQUIRED
[DECISION] 2026-04-21T05:24:00+00:00 SOLUSDT mode=futures side=long score=69.87
[SUBMISSION_GATE] SOLUSDT allow=False can_open=True existing=no pending_external=False order_cooldown=False manual_cooldown=False live_allowed=True
[EXEC_PREFLIGHT] SOLUSDT allow=False live_allowed=True managed=cash:0.00 prepared=cash:0.00 reasons=HIGH_CONVICTION_A_PLUS_REQUIRED
[DECISION] 2026-04-21T05:25:00+00:00 SOLUSDT mode=futures side=long score=69.87
[SUBMISSION_GATE] SOLUSDT allow=False can_open=True existing=no pending_external=False order_cooldown=False manual_cooldown=False live_allowed=True
[EXEC_PREFLIGHT] SOLUSDT allow=False live_allowed=True managed=cash:0.00 prepared=cash:0.00 reasons=HIGH_CONVICTION_A_PLUS_REQUIRED
[DECISION] 2026-04-21T05:26:00+00:00 SOLUSDT mode=futures side=long score=69.87
[SUBMISSION_GATE] SOLUSDT allow=False can_open=True existing=no pending_external=False order_cooldown=False manual_cooldown=False live_allowed=True
[EXEC_PREFLIGHT] SOLUSDT allow=False live_allowed=True managed=cash:0.00 prepared=cash:0.00 reasons=HIGH_CONVICTION_A_PLUS_REQUIRED
[DECISION] 2026-04-21T05:27:00+00:00 SOLUSDT mode=futures side=long score=69.87
[SUBMISSION_GATE] SOLUSDT allow=False can_open=True existing=no pending_external=False order_cooldown=False manual_cooldown=False live_allowed=True
[EXEC_PREFLIGHT] SOLUSDT allow=False live_allowed=True managed=cash:0.00 prepared=cash:0.00 reasons=HIGH_CONVICTION_A_PLUS_REQUIRED
[HEARTBEAT] events=53600 decisions=107 live_orders=0 tested_orders=0
[HEARTBEAT] events=53625 decisions=107 live_orders=0 tested_orders=0
[HEARTBEAT] events=53650 decisions=107 live_orders=0 tested_orders=0
[HEARTBEAT] events=53675 decisions=107 live_orders=0 tested_orders=0
[HEARTBEAT] events=53700 decisions=107 live_orders=0 tested_orders=0
[HEARTBEAT] events=53725 decisions=107 live_orders=0 tested_orders=0
[DECISION] 2026-04-21T05:27:00+00:00 DOGEUSDT mode=futures side=long score=73.73
[SUBMISSION_GATE] DOGEUSDT allow=False can_open=True existing=no pending_external=False order_cooldown=False manual_cooldown=False live_allowed=True
[EXEC_PREFLIGHT] DOGEUSDT allow=False live_allowed=True managed=cash:0.00 prepared=cash:0.00 reasons=HIGH_CONVICTION_RECENT_LONG_CONFIRMATION_REQUIRED
[HEARTBEAT] events=53750 decisions=108 live_orders=0 tested_orders=0
[HEARTBEAT] events=53775 decisions=108 live_orders=0 tested_orders=0
[HEARTBEAT] events=53800 decisions=108 live_orders=0 tested_orders=0
[HEARTBEAT] events=53825 decisions=108 live_orders=0 tested_orders=0
[HEARTBEAT] events=53850 decisions=108 live_orders=0 tested_orders=0
[HEARTBEAT] events=53875 decisions=108 live_orders=0 tested_orders=0
[HEARTBEAT] events=53900 decisions=108 live_orders=0 tested_orders=0
[HEARTBEAT] events=53925 decisions=108 live_orders=0 tested_orders=0
[HEARTBEAT] events=53950 decisions=108 live_orders=0 tested_orders=0
[HEARTBEAT] events=53975 decisions=108 live_orders=0 tested_orders=0
[HEARTBEAT] events=54000 decisions=108 live_orders=0 tested_orders=0
[HEARTBEAT] events=54025 decisions=108 live_orders=0 tested_orders=0
[HEARTBEAT] events=54050 decisions=108 live_orders=0 tested_orders=0
[HEARTBEAT] events=54075 decisions=108 live_orders=0 tested_orders=0
[HEARTBEAT] events=54100 decisions=108 live_orders=0 tested_orders=0
[HEARTBEAT] events=54125 decisions=108 live_orders=0 tested_orders=0
[HEARTBEAT] events=54150 decisions=108 live_orders=0 tested_orders=0
[HEARTBEAT] events=54175 decisions=108 live_orders=0 tested_orders=0
[HEARTBEAT] events=54200 decisions=108 live_orders=0 tested_orders=0
[HEARTBEAT] events=54225 decisions=108 live_orders=0 tested_orders=0
[HEARTBEAT] events=54250 decisions=108 live_orders=0 tested_orders=0
[HEARTBEAT] events=54275 decisions=108 live_orders=0 tested_orders=0
[HEARTBEAT] events=54300 decisions=108 live_orders=0 tested_orders=0
[HEARTBEAT] events=54325 decisions=108 live_orders=0 tested_orders=0
[HEARTBEAT] events=54350 decisions=108 live_orders=0 tested_orders=0
[HEARTBEAT] events=54375 decisions=108 live_orders=0 tested_orders=0
[HEARTBEAT] events=54400 decisions=108 live_orders=0 tested_orders=0
[HEARTBEAT] events=54425 decisions=108 live_orders=0 tested_orders=0
[HEARTBEAT] events=54450 decisions=108 live_orders=0 tested_orders=0
[HEARTBEAT] events=54475 decisions=108 live_orders=0 tested_orders=0
[HEARTBEAT] events=54500 decisions=108 live_orders=0 tested_orders=0
[HEARTBEAT] events=54525 decisions=108 live_orders=0 tested_orders=0
[HEARTBEAT] events=54550 decisions=108 live_orders=0 tested_orders=0
[HEARTBEAT] events=54575 decisions=108 live_orders=0 tested_orders=0
[HEARTBEAT] events=54600 decisions=108 live_orders=0 tested_orders=0
[HEARTBEAT] events=54625 decisions=108 live_orders=0 tested_orders=0
[HEARTBEAT] events=54650 decisions=108 live_orders=0 tested_orders=0
[HEARTBEAT] events=54675 decisions=108 live_orders=0 tested_orders=0
[HEARTBEAT] events=54700 decisions=108 live_orders=0 tested_orders=0
[HEARTBEAT] events=54725 decisions=108 live_orders=0 tested_orders=0
[HEARTBEAT] events=54750 decisions=108 live_orders=0 tested_orders=0
[HEARTBEAT] events=54775 decisions=108 live_orders=0 tested_orders=0
[HEARTBEAT] events=54800 decisions=108 live_orders=0 tested_orders=0
[HEARTBEAT] events=54825 decisions=108 live_orders=0 tested_orders=0
[HEARTBEAT] events=54850 decisions=108 live_orders=0 tested_orders=0
[HEARTBEAT] events=54875 decisions=108 live_orders=0 tested_orders=0
[HEARTBEAT] events=54900 decisions=108 live_orders=0 tested_orders=0
[HEARTBEAT] events=54925 decisions=108 live_orders=0 tested_orders=0
[HEARTBEAT] events=54950 decisions=108 live_orders=0 tested_orders=0
[HEARTBEAT] events=54975 decisions=108 live_orders=0 tested_orders=0
[HEARTBEAT] events=55000 decisions=108 live_orders=0 tested_orders=0
[HEARTBEAT] events=55025 decisions=108 live_orders=0 tested_orders=0
[HEARTBEAT] events=55050 decisions=108 live_orders=0 tested_orders=0
[HEARTBEAT] events=55075 decisions=108 live_orders=0 tested_orders=0
[HEARTBEAT] events=55100 decisions=108 live_orders=0 tested_orders=0
[HEARTBEAT] events=55125 decisions=108 live_orders=0 tested_orders=0
[HEARTBEAT] events=55150 decisions=108 live_orders=0 tested_orders=0
[HEARTBEAT] events=55175 decisions=108 live_orders=0 tested_orders=0
[HEARTBEAT] events=55200 decisions=108 live_orders=0 tested_orders=0
[HEARTBEAT] events=55225 decisions=108 live_orders=0 tested_orders=0
[HEARTBEAT] events=55250 decisions=108 live_orders=0 tested_orders=0
[HEARTBEAT] events=55275 decisions=108 live_orders=0 tested_orders=0
[HEARTBEAT] events=55300 decisions=108 live_orders=0 tested_orders=0
[HEARTBEAT] events=55325 decisions=108 live_orders=0 tested_orders=0
[HEARTBEAT] events=55350 decisions=108 live_orders=0 tested_orders=0
[HEARTBEAT] events=55375 decisions=108 live_orders=0 tested_orders=0
[HEARTBEAT] events=55400 decisions=108 live_orders=0 tested_orders=0
[HEARTBEAT] events=55425 decisions=108 live_orders=0 tested_orders=0
[HEARTBEAT] events=55450 decisions=108 live_orders=0 tested_orders=0
[HEARTBEAT] events=55475 decisions=108 live_orders=0 tested_orders=0
[HEARTBEAT] events=55500 decisions=108 live_orders=0 tested_orders=0
[HEARTBEAT] events=55525 decisions=108 live_orders=0 tested_orders=0
[HEARTBEAT] events=55550 decisions=108 live_orders=0 tested_orders=0
[HEARTBEAT] events=55575 decisions=108 live_orders=0 tested_orders=0
[HEARTBEAT] events=55600 decisions=108 live_orders=0 tested_orders=0
[HEARTBEAT] events=55625 decisions=108 live_orders=0 tested_orders=0
[HEARTBEAT] events=55650 decisions=108 live_orders=0 tested_orders=0
[HEARTBEAT] events=55675 decisions=108 live_orders=0 tested_orders=0
[HEARTBEAT] events=55700 decisions=108 live_orders=0 tested_orders=0
[DECISION] 2026-04-21T05:28:00+00:00 ETHUSDT mode=futures side=long score=72.49
[SUBMISSION_GATE] ETHUSDT allow=False can_open=True existing=no pending_external=False order_cooldown=False manual_cooldown=False live_allowed=True
[EXEC_PREFLIGHT] ETHUSDT allow=False live_allowed=True managed=cash:0.00 prepared=cash:0.00 reasons=HIGH_CONVICTION_A_PLUS_REQUIRED
[DECISION] 2026-04-21T05:28:00+00:00 PEPEUSDT mode=futures side=long score=69.98
[SUBMISSION_GATE] PEPEUSDT allow=False can_open=True existing=no pending_external=False order_cooldown=False manual_cooldown=False live_allowed=True
[EXEC_PREFLIGHT] PEPEUSDT allow=False live_allowed=True managed=cash:0.00 prepared=cash:0.00 reasons=HIGH_CONVICTION_A_PLUS_REQUIRED
[DECISION] 2026-04-21T05:28:00+00:00 DOGEUSDT mode=futures side=long score=72.14
[SUBMISSION_GATE] DOGEUSDT allow=False can_open=True existing=no pending_external=False order_cooldown=False manual_cooldown=False live_allowed=True
[EXEC_PREFLIGHT] DOGEUSDT allow=False live_allowed=True managed=cash:0.00 prepared=cash:0.00 reasons=HIGH_CONVICTION_A_PLUS_REQUIRED
[HEARTBEAT] events=55725 decisions=111 live_orders=0 tested_orders=0
[HEARTBEAT] events=55750 decisions=111 live_orders=0 tested_orders=0
[DECISION] 2026-04-21T05:28:00+00:00 SOLUSDT mode=futures side=long score=69.90
[SUBMISSION_GATE] SOLUSDT allow=False can_open=True existing=no pending_external=False order_cooldown=False manual_cooldown=False live_allowed=True
[EXEC_PREFLIGHT] SOLUSDT allow=False live_allowed=True managed=cash:0.00 prepared=cash:0.00 reasons=HIGH_CONVICTION_A_PLUS_REQUIRED
[HEARTBEAT] events=55775 decisions=112 live_orders=0 tested_orders=0
[HEARTBEAT] events=55800 decisions=112 live_orders=0 tested_orders=0
[HEARTBEAT] events=55825 decisions=112 live_orders=0 tested_orders=0
[HEARTBEAT] events=55850 decisions=112 live_orders=0 tested_orders=0
[HEARTBEAT] events=55875 decisions=112 live_orders=0 tested_orders=0
[HEARTBEAT] events=55900 decisions=112 live_orders=0 tested_orders=0
[HEARTBEAT] events=55925 decisions=112 live_orders=0 tested_orders=0
[HEARTBEAT] events=55950 decisions=112 live_orders=0 tested_orders=0
[HEARTBEAT] events=55975 decisions=112 live_orders=0 tested_orders=0
[HEARTBEAT] events=56000 decisions=112 live_orders=0 tested_orders=0
[HEARTBEAT] events=56025 decisions=112 live_orders=0 tested_orders=0
[HEARTBEAT] events=56050 decisions=112 live_orders=0 tested_orders=0
[HEARTBEAT] events=56075 decisions=112 live_orders=0 tested_orders=0
[HEARTBEAT] events=56100 decisions=112 live_orders=0 tested_orders=0
[HEARTBEAT] events=56125 decisions=112 live_orders=0 tested_orders=0
[HEARTBEAT] events=56150 decisions=112 live_orders=0 tested_orders=0
[HEARTBEAT] events=56175 decisions=112 live_orders=0 tested_orders=0
[HEARTBEAT] events=56200 decisions=112 live_orders=0 tested_orders=0
[HEARTBEAT] events=56225 decisions=112 live_orders=0 tested_orders=0
[HEARTBEAT] events=56250 decisions=112 live_orders=0 tested_orders=0
[HEARTBEAT] events=56275 decisions=112 live_orders=0 tested_orders=0
[DECISION] 2026-04-21T05:27:00+00:00 ETHUSDT mode=cash side=flat score=50.94
[SUBMISSION_GATE] ETHUSDT allow=False can_open=True existing=no pending_external=False order_cooldown=False manual_cooldown=False live_allowed=True
[EXEC_PREFLIGHT] ETHUSDT allow=False live_allowed=True managed=cash:0.00 prepared=cash:0.00 reasons=DIRECTION_CONFLICT,EDGE_BELOW_COST,EDGE_TOO_THIN,LIQUIDITY_TOO_WEAK,SCORE_TOO_LOW,SENTIMENT_CAUTION
[HEARTBEAT] events=56300 decisions=113 live_orders=0 tested_orders=0
[HEARTBEAT] events=56325 decisions=113 live_orders=0 tested_orders=0
[HEARTBEAT] events=56350 decisions=113 live_orders=0 tested_orders=0
[HEARTBEAT] events=56375 decisions=113 live_orders=0 tested_orders=0
[HEARTBEAT] events=56400 decisions=113 live_orders=0 tested_orders=0
[HEARTBEAT] events=56425 decisions=113 live_orders=0 tested_orders=0
[HEARTBEAT] events=56450 decisions=113 live_orders=0 tested_orders=0
[HEARTBEAT] events=56475 decisions=113 live_orders=0 tested_orders=0
[HEARTBEAT] events=56500 decisions=113 live_orders=0 tested_orders=0
[HEARTBEAT] events=56525 decisions=113 live_orders=0 tested_orders=0
[HEARTBEAT] events=56550 decisions=113 live_orders=0 tested_orders=0
[HEARTBEAT] events=56575 decisions=113 live_orders=0 tested_orders=0
[HEARTBEAT] events=56600 decisions=113 live_orders=0 tested_orders=0
[HEARTBEAT] events=56625 decisions=113 live_orders=0 tested_orders=0
[HEARTBEAT] events=56650 decisions=113 live_orders=0 tested_orders=0
[HEARTBEAT] events=56675 decisions=113 live_orders=0 tested_orders=0
[HEARTBEAT] events=56700 decisions=113 live_orders=0 tested_orders=0
[HEARTBEAT] events=56725 decisions=113 live_orders=0 tested_orders=0
[HEARTBEAT] events=56750 decisions=113 live_orders=0 tested_orders=0
[HEARTBEAT] events=56775 decisions=113 live_orders=0 tested_orders=0
[HEARTBEAT] events=56800 decisions=113 live_orders=0 tested_orders=0
[HEARTBEAT] events=56825 decisions=113 live_orders=0 tested_orders=0
[HEARTBEAT] events=56850 decisions=113 live_orders=0 tested_orders=0
[HEARTBEAT] events=56875 decisions=113 live_orders=0 tested_orders=0
[HEARTBEAT] events=56900 decisions=113 live_orders=0 tested_orders=0
[HEARTBEAT] events=56925 decisions=113 live_orders=0 tested_orders=0
[HEARTBEAT] events=56950 decisions=113 live_orders=0 tested_orders=0
[HEARTBEAT] events=56975 decisions=113 live_orders=0 tested_orders=0
[HEARTBEAT] events=57000 decisions=113 live_orders=0 tested_orders=0
[HEARTBEAT] events=57025 decisions=113 live_orders=0 tested_orders=0
[HEARTBEAT] events=57050 decisions=113 live_orders=0 tested_orders=0
[HEARTBEAT] events=57075 decisions=113 live_orders=0 tested_orders=0
[HEARTBEAT] events=57100 decisions=113 live_orders=0 tested_orders=0
[HEARTBEAT] events=57125 decisions=113 live_orders=0 tested_orders=0
[HEARTBEAT] events=57150 decisions=113 live_orders=0 tested_orders=0
[HEARTBEAT] events=57175 decisions=113 live_orders=0 tested_orders=0
[HEARTBEAT] events=57200 decisions=113 live_orders=0 tested_orders=0
[HEARTBEAT] events=57225 decisions=113 live_orders=0 tested_orders=0
[HEARTBEAT] events=57250 decisions=113 live_orders=0 tested_orders=0
[HEARTBEAT] events=57275 decisions=113 live_orders=0 tested_orders=0
[HEARTBEAT] events=57300 decisions=113 live_orders=0 tested_orders=0
[HEARTBEAT] events=57325 decisions=113 live_orders=0 tested_orders=0
[HEARTBEAT] events=57350 decisions=113 live_orders=0 tested_orders=0
[DECISION] 2026-04-21T05:27:00+00:00 PEPEUSDT mode=futures side=long score=68.08
[SUBMISSION_GATE] PEPEUSDT allow=False can_open=True existing=no pending_external=False order_cooldown=False manual_cooldown=False live_allowed=True
[EXEC_PREFLIGHT] PEPEUSDT allow=False live_allowed=True managed=cash:0.00 prepared=cash:0.00 reasons=HIGH_CONVICTION_A_PLUS_REQUIRED
[HEARTBEAT] events=57375 decisions=114 live_orders=0 tested_orders=0
[HEARTBEAT] events=57400 decisions=114 live_orders=0 tested_orders=0
[HEARTBEAT] events=57425 decisions=114 live_orders=0 tested_orders=0
[HEARTBEAT] events=57450 decisions=114 live_orders=0 tested_orders=0
[HEARTBEAT] events=57475 decisions=114 live_orders=0 tested_orders=0
[HEARTBEAT] events=57500 decisions=114 live_orders=0 tested_orders=0
[HEARTBEAT] events=57525 decisions=114 live_orders=0 tested_orders=0
[HEARTBEAT] events=57550 decisions=114 live_orders=0 tested_orders=0
[HEARTBEAT] events=57575 decisions=114 live_orders=0 tested_orders=0
[HEARTBEAT] events=57600 decisions=114 live_orders=0 tested_orders=0
[HEARTBEAT] events=57625 decisions=114 live_orders=0 tested_orders=0
[HEARTBEAT] events=57650 decisions=114 live_orders=0 tested_orders=0
[HEARTBEAT] events=57675 decisions=114 live_orders=0 tested_orders=0
[HEARTBEAT] events=57700 decisions=114 live_orders=0 tested_orders=0
[HEARTBEAT] events=57725 decisions=114 live_orders=0 tested_orders=0
[HEARTBEAT] events=57750 decisions=114 live_orders=0 tested_orders=0
[HEARTBEAT] events=57775 decisions=114 live_orders=0 tested_orders=0
[HEARTBEAT] events=57800 decisions=114 live_orders=0 tested_orders=0
[HEARTBEAT] events=57825 decisions=114 live_orders=0 tested_orders=0
[HEARTBEAT] events=57850 decisions=114 live_orders=0 tested_orders=0
[HEARTBEAT] events=57875 decisions=114 live_orders=0 tested_orders=0
[HEARTBEAT] events=57900 decisions=114 live_orders=0 tested_orders=0
[HEARTBEAT] events=57925 decisions=114 live_orders=0 tested_orders=0
[HEARTBEAT] events=57950 decisions=114 live_orders=0 tested_orders=0
[HEARTBEAT] events=57975 decisions=114 live_orders=0 tested_orders=0
[HEARTBEAT] events=58000 decisions=114 live_orders=0 tested_orders=0
[HEARTBEAT] events=58025 decisions=114 live_orders=0 tested_orders=0
[HEARTBEAT] events=58050 decisions=114 live_orders=0 tested_orders=0
[HEARTBEAT] events=58075 decisions=114 live_orders=0 tested_orders=0
[HEARTBEAT] events=58100 decisions=114 live_orders=0 tested_orders=0
[HEARTBEAT] events=58125 decisions=114 live_orders=0 tested_orders=0
[HEARTBEAT] events=58150 decisions=114 live_orders=0 tested_orders=0
[HEARTBEAT] events=58175 decisions=114 live_orders=0 tested_orders=0
[HEARTBEAT] events=58200 decisions=114 live_orders=0 tested_orders=0
[DECISION] 2026-04-21T05:28:00+00:00 PEPEUSDT mode=futures side=long score=66.45
[SUBMISSION_GATE] PEPEUSDT allow=False can_open=True existing=no pending_external=False order_cooldown=False manual_cooldown=False live_allowed=True
[EXEC_PREFLIGHT] PEPEUSDT allow=False live_allowed=True managed=cash:0.00 prepared=cash:0.00 reasons=HIGH_CONVICTION_A_PLUS_REQUIRED
[DECISION] 2026-04-21T05:28:00+00:00 ETHUSDT mode=cash side=flat score=41.44
[SUBMISSION_GATE] ETHUSDT allow=False can_open=True existing=no pending_external=False order_cooldown=False manual_cooldown=False live_allowed=True
[EXEC_PREFLIGHT] ETHUSDT allow=False live_allowed=True managed=cash:0.00 prepared=cash:0.00 reasons=DIRECTION_CONFLICT,EDGE_BELOW_COST,EDGE_TOO_THIN,LIQUIDITY_TOO_WEAK,SCORE_TOO_LOW,SENTIMENT_CAUTION
[HEARTBEAT] events=58225 decisions=116 live_orders=0 tested_orders=0
[HEARTBEAT] events=58250 decisions=116 live_orders=0 tested_orders=0
[HEARTBEAT] events=58275 decisions=116 live_orders=0 tested_orders=0
[HEARTBEAT] events=58300 decisions=116 live_orders=0 tested_orders=0
[HEARTBEAT] events=58325 decisions=116 live_orders=0 tested_orders=0
[HEARTBEAT] events=58350 decisions=116 live_orders=0 tested_orders=0
[HEARTBEAT] events=58375 decisions=116 live_orders=0 tested_orders=0
[HEARTBEAT] events=58400 decisions=116 live_orders=0 tested_orders=0
[HEARTBEAT] events=58425 decisions=116 live_orders=0 tested_orders=0
[HEARTBEAT] events=58450 decisions=116 live_orders=0 tested_orders=0
[HEARTBEAT] events=58475 decisions=116 live_orders=0 tested_orders=0
[HEARTBEAT] events=58500 decisions=116 live_orders=0 tested_orders=0
[HEARTBEAT] events=58525 decisions=116 live_orders=0 tested_orders=0
[HEARTBEAT] events=58550 decisions=116 live_orders=0 tested_orders=0
[HEARTBEAT] events=58575 decisions=116 live_orders=0 tested_orders=0
[HEARTBEAT] events=58600 decisions=116 live_orders=0 tested_orders=0
[HEARTBEAT] events=58625 decisions=116 live_orders=0 tested_orders=0
[HEARTBEAT] events=58650 decisions=116 live_orders=0 tested_orders=0
[HEARTBEAT] events=58675 decisions=116 live_orders=0 tested_orders=0
[HEARTBEAT] events=58700 decisions=116 live_orders=0 tested_orders=0
[HEARTBEAT] events=58725 decisions=116 live_orders=0 tested_orders=0
[HEARTBEAT] events=58750 decisions=116 live_orders=0 tested_orders=0
[HEARTBEAT] events=58775 decisions=116 live_orders=0 tested_orders=0
[HEARTBEAT] events=58800 decisions=116 live_orders=0 tested_orders=0
[HEARTBEAT] events=58825 decisions=116 live_orders=0 tested_orders=0
[HEARTBEAT] events=58850 decisions=116 live_orders=0 tested_orders=0
[HEARTBEAT] events=58875 decisions=116 live_orders=0 tested_orders=0
[HEARTBEAT] events=58900 decisions=116 live_orders=0 tested_orders=0
[HEARTBEAT] events=58925 decisions=116 live_orders=0 tested_orders=0
[HEARTBEAT] events=58950 decisions=116 live_orders=0 tested_orders=0
[HEARTBEAT] events=58975 decisions=116 live_orders=0 tested_orders=0
[HEARTBEAT] events=59000 decisions=116 live_orders=0 tested_orders=0
[HEARTBEAT] events=59025 decisions=116 live_orders=0 tested_orders=0
[HEARTBEAT] events=59050 decisions=116 live_orders=0 tested_orders=0
[HEARTBEAT] events=59075 decisions=116 live_orders=0 tested_orders=0
[HEARTBEAT] events=59100 decisions=116 live_orders=0 tested_orders=0
[HEARTBEAT] events=59125 decisions=116 live_orders=0 tested_orders=0
[HEARTBEAT] events=59150 decisions=116 live_orders=0 tested_orders=0
[SYNC] 2026-04-21T05:28:44.263597+00:00 account/open-order snapshot refreshed
[HEARTBEAT] events=59175 decisions=116 live_orders=0 tested_orders=0
[HEARTBEAT] events=59200 decisions=116 live_orders=0 tested_orders=0
[HEARTBEAT] events=59225 decisions=116 live_orders=0 tested_orders=0
[HEARTBEAT] events=59250 decisions=116 live_orders=0 tested_orders=0
[HEARTBEAT] events=59275 decisions=116 live_orders=0 tested_orders=0
[HEARTBEAT] events=59300 decisions=116 live_orders=0 tested_orders=0
[HEARTBEAT] events=59325 decisions=116 live_orders=0 tested_orders=0
[HEARTBEAT] events=59350 decisions=116 live_orders=0 tested_orders=0
[HEARTBEAT] events=59375 decisions=116 live_orders=0 tested_orders=0
[HEARTBEAT] events=59400 decisions=116 live_orders=0 tested_orders=0
[HEARTBEAT] events=59425 decisions=116 live_orders=0 tested_orders=0
[HEARTBEAT] events=59450 decisions=116 live_orders=0 tested_orders=0
[HEARTBEAT] events=59475 decisions=116 live_orders=0 tested_orders=0
[HEARTBEAT] events=59500 decisions=116 live_orders=0 tested_orders=0
[HEARTBEAT] events=59525 decisions=116 live_orders=0 tested_orders=0
[HEARTBEAT] events=59550 decisions=116 live_orders=0 tested_orders=0
[HEARTBEAT] events=59575 decisions=116 live_orders=0 tested_orders=0
[HEARTBEAT] events=59600 decisions=116 live_orders=0 tested_orders=0
[HEARTBEAT] events=59625 decisions=116 live_orders=0 tested_orders=0
[HEARTBEAT] events=59650 decisions=116 live_orders=0 tested_orders=0
[HEARTBEAT] events=59675 decisions=116 live_orders=0 tested_orders=0
[HEARTBEAT] events=59700 decisions=116 live_orders=0 tested_orders=0
[HEARTBEAT] events=59725 decisions=116 live_orders=0 tested_orders=0
[HEARTBEAT] events=59750 decisions=116 live_orders=0 tested_orders=0
[HEARTBEAT] events=59775 decisions=116 live_orders=0 tested_orders=0
[HEARTBEAT] events=59800 decisions=116 live_orders=0 tested_orders=0
[HEARTBEAT] events=59825 decisions=116 live_orders=0 tested_orders=0
[HEARTBEAT] events=59850 decisions=116 live_orders=0 tested_orders=0
[HEARTBEAT] events=59875 decisions=116 live_orders=0 tested_orders=0
[HEARTBEAT] events=59900 decisions=116 live_orders=0 tested_orders=0
[HEARTBEAT] events=59925 decisions=116 live_orders=0 tested_orders=0
[HEARTBEAT] events=59950 decisions=116 live_orders=0 tested_orders=0
[HEARTBEAT] events=59975 decisions=116 live_orders=0 tested_orders=0
[HEARTBEAT] events=60000 decisions=116 live_orders=0 tested_orders=0
[HEARTBEAT] events=60025 decisions=116 live_orders=0 tested_orders=0
[HEARTBEAT] events=60050 decisions=116 live_orders=0 tested_orders=0
[HEARTBEAT] events=60075 decisions=116 live_orders=0 tested_orders=0
[HEARTBEAT] events=60100 decisions=116 live_orders=0 tested_orders=0
[HEARTBEAT] events=60125 decisions=116 live_orders=0 tested_orders=0
[HEARTBEAT] events=60150 decisions=116 live_orders=0 tested_orders=0
[HEARTBEAT] events=60175 decisions=116 live_orders=0 tested_orders=0
[HEARTBEAT] events=60200 decisions=116 live_orders=0 tested_orders=0
[HEARTBEAT] events=60225 decisions=116 live_orders=0 tested_orders=0
[HEARTBEAT] events=60250 decisions=116 live_orders=0 tested_orders=0
[HEARTBEAT] events=60275 decisions=116 live_orders=0 tested_orders=0
[HEARTBEAT] events=60300 decisions=116 live_orders=0 tested_orders=0
[HEARTBEAT] events=60325 decisions=116 live_orders=0 tested_orders=0
[HEARTBEAT] events=60350 decisions=116 live_orders=0 tested_orders=0
[HEARTBEAT] events=60375 decisions=116 live_orders=0 tested_orders=0
[HEARTBEAT] events=60400 decisions=116 live_orders=0 tested_orders=0
[HEARTBEAT] events=60425 decisions=116 live_orders=0 tested_orders=0
[HEARTBEAT] events=60450 decisions=116 live_orders=0 tested_orders=0
[HEARTBEAT] events=60475 decisions=116 live_orders=0 tested_orders=0
[HEARTBEAT] events=60500 decisions=116 live_orders=0 tested_orders=0
[HEARTBEAT] events=60525 decisions=116 live_orders=0 tested_orders=0
[HEARTBEAT] events=60550 decisions=116 live_orders=0 tested_orders=0
[HEARTBEAT] events=60575 decisions=116 live_orders=0 tested_orders=0
[HEARTBEAT] events=60600 decisions=116 live_orders=0 tested_orders=0
[HEARTBEAT] events=60625 decisions=116 live_orders=0 tested_orders=0
[HEARTBEAT] events=60650 decisions=116 live_orders=0 tested_orders=0
[HEARTBEAT] events=60675 decisions=116 live_orders=0 tested_orders=0
[HEARTBEAT] events=60700 decisions=116 live_orders=0 tested_orders=0
[HEARTBEAT] events=60725 decisions=116 live_orders=0 tested_orders=0
[HEARTBEAT] events=60750 decisions=116 live_orders=0 tested_orders=0
[HEARTBEAT] events=60775 decisions=116 live_orders=0 tested_orders=0
[HEARTBEAT] events=60800 decisions=116 live_orders=0 tested_orders=0
[HEARTBEAT] events=60825 decisions=116 live_orders=0 tested_orders=0
[HEARTBEAT] events=60850 decisions=116 live_orders=0 tested_orders=0
[HEARTBEAT] events=60875 decisions=116 live_orders=0 tested_orders=0
[HEARTBEAT] events=60900 decisions=116 live_orders=0 tested_orders=0
[HEARTBEAT] events=60925 decisions=116 live_orders=0 tested_orders=0
[HEARTBEAT] events=60950 decisions=116 live_orders=0 tested_orders=0
[HEARTBEAT] events=60975 decisions=116 live_orders=0 tested_orders=0
[HEARTBEAT] events=61000 decisions=116 live_orders=0 tested_orders=0
[HEARTBEAT] events=61025 decisions=116 live_orders=0 tested_orders=0
[HEARTBEAT] events=61050 decisions=116 live_orders=0 tested_orders=0
[HEARTBEAT] events=61075 decisions=116 live_orders=0 tested_orders=0
[HEARTBEAT] events=61100 decisions=116 live_orders=0 tested_orders=0
[HEARTBEAT] events=61125 decisions=116 live_orders=0 tested_orders=0
[HEARTBEAT] events=61150 decisions=116 live_orders=0 tested_orders=0
[HEARTBEAT] events=61175 decisions=116 live_orders=0 tested_orders=0
[HEARTBEAT] events=61200 decisions=116 live_orders=0 tested_orders=0
[HEARTBEAT] events=61225 decisions=116 live_orders=0 tested_orders=0
[HEARTBEAT] events=61250 decisions=116 live_orders=0 tested_orders=0
[HEARTBEAT] events=61275 decisions=116 live_orders=0 tested_orders=0
[HEARTBEAT] events=61300 decisions=116 live_orders=0 tested_orders=0
[HEARTBEAT] events=61325 decisions=116 live_orders=0 tested_orders=0
[HEARTBEAT] events=61350 decisions=116 live_orders=0 tested_orders=0
[HEARTBEAT] events=61375 decisions=116 live_orders=0 tested_orders=0
[HEARTBEAT] events=61400 decisions=116 live_orders=0 tested_orders=0
[HEARTBEAT] events=61425 decisions=116 live_orders=0 tested_orders=0
[HEARTBEAT] events=61450 decisions=116 live_orders=0 tested_orders=0
[HEARTBEAT] events=61475 decisions=116 live_orders=0 tested_orders=0
[HEARTBEAT] events=61500 decisions=116 live_orders=0 tested_orders=0
[HEARTBEAT] events=61525 decisions=116 live_orders=0 tested_orders=0
[HEARTBEAT] events=61550 decisions=116 live_orders=0 tested_orders=0
[HEARTBEAT] events=61575 decisions=116 live_orders=0 tested_orders=0
[HEARTBEAT] events=61600 decisions=116 live_orders=0 tested_orders=0
[HEARTBEAT] events=61625 decisions=116 live_orders=0 tested_orders=0
[HEARTBEAT] events=61650 decisions=116 live_orders=0 tested_orders=0
[HEARTBEAT] events=61675 decisions=116 live_orders=0 tested_orders=0
[HEARTBEAT] events=61700 decisions=116 live_orders=0 tested_orders=0
[HEARTBEAT] events=61725 decisions=116 live_orders=0 tested_orders=0
[HEARTBEAT] events=61750 decisions=116 live_orders=0 tested_orders=0
[HEARTBEAT] events=61775 decisions=116 live_orders=0 tested_orders=0
[HEARTBEAT] events=61800 decisions=116 live_orders=0 tested_orders=0
[HEARTBEAT] events=61825 decisions=116 live_orders=0 tested_orders=0
[HEARTBEAT] events=61850 decisions=116 live_orders=0 tested_orders=0
[HEARTBEAT] events=61875 decisions=116 live_orders=0 tested_orders=0
[HEARTBEAT] events=61900 decisions=116 live_orders=0 tested_orders=0
[HEARTBEAT] events=61925 decisions=116 live_orders=0 tested_orders=0
[HEARTBEAT] events=61950 decisions=116 live_orders=0 tested_orders=0
[HEARTBEAT] events=61975 decisions=116 live_orders=0 tested_orders=0
[HEARTBEAT] events=62000 decisions=116 live_orders=0 tested_orders=0
[HEARTBEAT] events=62025 decisions=116 live_orders=0 tested_orders=0
[HEARTBEAT] events=62050 decisions=116 live_orders=0 tested_orders=0
[HEARTBEAT] events=62075 decisions=116 live_orders=0 tested_orders=0
[HEARTBEAT] events=62100 decisions=116 live_orders=0 tested_orders=0
[HEARTBEAT] events=62125 decisions=116 live_orders=0 tested_orders=0
[HEARTBEAT] events=62150 decisions=116 live_orders=0 tested_orders=0
[HEARTBEAT] events=62175 decisions=116 live_orders=0 tested_orders=0
[HEARTBEAT] events=62200 decisions=116 live_orders=0 tested_orders=0
[HEARTBEAT] events=62225 decisions=116 live_orders=0 tested_orders=0
[HEARTBEAT] events=62250 decisions=116 live_orders=0 tested_orders=0
[HEARTBEAT] events=62275 decisions=116 live_orders=0 tested_orders=0
[HEARTBEAT] events=62300 decisions=116 live_orders=0 tested_orders=0
[HEARTBEAT] events=62325 decisions=116 live_orders=0 tested_orders=0
[HEARTBEAT] events=62350 decisions=116 live_orders=0 tested_orders=0
[HEARTBEAT] events=62375 decisions=116 live_orders=0 tested_orders=0
[HEARTBEAT] events=62400 decisions=116 live_orders=0 tested_orders=0
[HEARTBEAT] events=62425 decisions=116 live_orders=0 tested_orders=0
[HEARTBEAT] events=62450 decisions=116 live_orders=0 tested_orders=0
[HEARTBEAT] events=62475 decisions=116 live_orders=0 tested_orders=0
[HEARTBEAT] events=62500 decisions=116 live_orders=0 tested_orders=0
[HEARTBEAT] events=62525 decisions=116 live_orders=0 tested_orders=0
[HEARTBEAT] events=62550 decisions=116 live_orders=0 tested_orders=0
[HEARTBEAT] events=62575 decisions=116 live_orders=0 tested_orders=0
[HEARTBEAT] events=62600 decisions=116 live_orders=0 tested_orders=0
[HEARTBEAT] events=62625 decisions=116 live_orders=0 tested_orders=0
[HEARTBEAT] events=62650 decisions=116 live_orders=0 tested_orders=0
[HEARTBEAT] events=62675 decisions=116 live_orders=0 tested_orders=0
[HEARTBEAT] events=62700 decisions=116 live_orders=0 tested_orders=0
[HEARTBEAT] events=62725 decisions=116 live_orders=0 tested_orders=0
[HEARTBEAT] events=62750 decisions=116 live_orders=0 tested_orders=0
[HEARTBEAT] events=62775 decisions=116 live_orders=0 tested_orders=0
[HEARTBEAT] events=62800 decisions=116 live_orders=0 tested_orders=0
[HEARTBEAT] events=62825 decisions=116 live_orders=0 tested_orders=0
[HEARTBEAT] events=62850 decisions=116 live_orders=0 tested_orders=0
[HEARTBEAT] events=62875 decisions=116 live_orders=0 tested_orders=0
[HEARTBEAT] events=62900 decisions=116 live_orders=0 tested_orders=0
[HEARTBEAT] events=62925 decisions=116 live_orders=0 tested_orders=0
[HEARTBEAT] events=62950 decisions=116 live_orders=0 tested_orders=0
[HEARTBEAT] events=62975 decisions=116 live_orders=0 tested_orders=0
[HEARTBEAT] events=63000 decisions=116 live_orders=0 tested_orders=0
[HEARTBEAT] events=63025 decisions=116 live_orders=0 tested_orders=0
[HEARTBEAT] events=63050 decisions=116 live_orders=0 tested_orders=0
[HEARTBEAT] events=63075 decisions=116 live_orders=0 tested_orders=0
[HEARTBEAT] events=63100 decisions=116 live_orders=0 tested_orders=0
[HEARTBEAT] events=63125 decisions=116 live_orders=0 tested_orders=0
[HEARTBEAT] events=63150 decisions=116 live_orders=0 tested_orders=0
[HEARTBEAT] events=63175 decisions=116 live_orders=0 tested_orders=0
[HEARTBEAT] events=63200 decisions=116 live_orders=0 tested_orders=0
[HEARTBEAT] events=63225 decisions=116 live_orders=0 tested_orders=0
[HEARTBEAT] events=63250 decisions=116 live_orders=0 tested_orders=0
[HEARTBEAT] events=63275 decisions=116 live_orders=0 tested_orders=0
[HEARTBEAT] events=63300 decisions=116 live_orders=0 tested_orders=0
[HEARTBEAT] events=63325 decisions=116 live_orders=0 tested_orders=0
[HEARTBEAT] events=63350 decisions=116 live_orders=0 tested_orders=0
[HEARTBEAT] events=63375 decisions=116 live_orders=0 tested_orders=0
[HEARTBEAT] events=63400 decisions=116 live_orders=0 tested_orders=0
[HEARTBEAT] events=63425 decisions=116 live_orders=0 tested_orders=0
[HEARTBEAT] events=63450 decisions=116 live_orders=0 tested_orders=0
[HEARTBEAT] events=63475 decisions=116 live_orders=0 tested_orders=0
[HEARTBEAT] events=63500 decisions=116 live_orders=0 tested_orders=0
[HEARTBEAT] events=63525 decisions=116 live_orders=0 tested_orders=0
[HEARTBEAT] events=63550 decisions=116 live_orders=0 tested_orders=0
[HEARTBEAT] events=63575 decisions=116 live_orders=0 tested_orders=0
[HEARTBEAT] events=63600 decisions=116 live_orders=0 tested_orders=0
[HEARTBEAT] events=63625 decisions=116 live_orders=0 tested_orders=0
[HEARTBEAT] events=63650 decisions=116 live_orders=0 tested_orders=0
[HEARTBEAT] events=63675 decisions=116 live_orders=0 tested_orders=0
[HEARTBEAT] events=63700 decisions=116 live_orders=0 tested_orders=0
[HEARTBEAT] events=63725 decisions=116 live_orders=0 tested_orders=0
[HEARTBEAT] events=63750 decisions=116 live_orders=0 tested_orders=0
[HEARTBEAT] events=63775 decisions=116 live_orders=0 tested_orders=0
[HEARTBEAT] events=63800 decisions=116 live_orders=0 tested_orders=0
[HEARTBEAT] events=63825 decisions=116 live_orders=0 tested_orders=0
[HEARTBEAT] events=63850 decisions=116 live_orders=0 tested_orders=0
[HEARTBEAT] events=63875 decisions=116 live_orders=0 tested_orders=0
[HEARTBEAT] events=63900 decisions=116 live_orders=0 tested_orders=0
[HEARTBEAT] events=63925 decisions=116 live_orders=0 tested_orders=0
[HEARTBEAT] events=63950 decisions=116 live_orders=0 tested_orders=0
[HEARTBEAT] events=63975 decisions=116 live_orders=0 tested_orders=0
[HEARTBEAT] events=64000 decisions=116 live_orders=0 tested_orders=0
[HEARTBEAT] events=64025 decisions=116 live_orders=0 tested_orders=0
[HEARTBEAT] events=64050 decisions=116 live_orders=0 tested_orders=0
[HEARTBEAT] events=64075 decisions=116 live_orders=0 tested_orders=0
[HEARTBEAT] events=64100 decisions=116 live_orders=0 tested_orders=0
[HEARTBEAT] events=64125 decisions=116 live_orders=0 tested_orders=0
[HEARTBEAT] events=64150 decisions=116 live_orders=0 tested_orders=0
[HEARTBEAT] events=64175 decisions=116 live_orders=0 tested_orders=0
[HEARTBEAT] events=64200 decisions=116 live_orders=0 tested_orders=0
[HEARTBEAT] events=64225 decisions=116 live_orders=0 tested_orders=0
[HEARTBEAT] events=64250 decisions=116 live_orders=0 tested_orders=0
[HEARTBEAT] events=64275 decisions=116 live_orders=0 tested_orders=0
[HEARTBEAT] events=64300 decisions=116 live_orders=0 tested_orders=0
[HEARTBEAT] events=64325 decisions=116 live_orders=0 tested_orders=0
[HEARTBEAT] events=64350 decisions=116 live_orders=0 tested_orders=0
[HEARTBEAT] events=64375 decisions=116 live_orders=0 tested_orders=0
[HEARTBEAT] events=64400 decisions=116 live_orders=0 tested_orders=0
[HEARTBEAT] events=64425 decisions=116 live_orders=0 tested_orders=0
[HEARTBEAT] events=64450 decisions=116 live_orders=0 tested_orders=0
[HEARTBEAT] events=64475 decisions=116 live_orders=0 tested_orders=0
[HEARTBEAT] events=64500 decisions=116 live_orders=0 tested_orders=0
[HEARTBEAT] events=64525 decisions=116 live_orders=0 tested_orders=0
[HEARTBEAT] events=64550 decisions=116 live_orders=0 tested_orders=0
[HEARTBEAT] events=64575 decisions=116 live_orders=0 tested_orders=0
[HEARTBEAT] events=64600 decisions=116 live_orders=0 tested_orders=0
[HEARTBEAT] events=64625 decisions=116 live_orders=0 tested_orders=0
[HEARTBEAT] events=64650 decisions=116 live_orders=0 tested_orders=0
[HEARTBEAT] events=64675 decisions=116 live_orders=0 tested_orders=0
[HEARTBEAT] events=64700 decisions=116 live_orders=0 tested_orders=0
[HEARTBEAT] events=64725 decisions=116 live_orders=0 tested_orders=0
[HEARTBEAT] events=64750 decisions=116 live_orders=0 tested_orders=0
[DECISION] 2026-04-21T05:29:00+00:00 ETHUSDT mode=cash side=flat score=47.47
[SUBMISSION_GATE] ETHUSDT allow=False can_open=True existing=no pending_external=False order_cooldown=False manual_cooldown=False live_allowed=True
[EXEC_PREFLIGHT] ETHUSDT allow=False live_allowed=True managed=cash:0.00 prepared=cash:0.00 reasons=DIRECTION_CONFLICT,EDGE_BELOW_COST,EDGE_TOO_THIN,LIQUIDITY_TOO_WEAK,SCORE_TOO_LOW,SENTIMENT_CAUTION
[HEARTBEAT] events=64775 decisions=117 live_orders=0 tested_orders=0
[HEARTBEAT] events=64800 decisions=117 live_orders=0 tested_orders=0
[DECISION] 2026-04-21T05:29:00+00:00 PEPEUSDT mode=futures side=long score=64.03
[SUBMISSION_GATE] PEPEUSDT allow=False can_open=True existing=no pending_external=False order_cooldown=False manual_cooldown=False live_allowed=True
[EXEC_PREFLIGHT] PEPEUSDT allow=False live_allowed=True managed=cash:0.00 prepared=cash:0.00 reasons=HIGH_CONVICTION_RECENT_LONG_CONFIRMATION_REQUIRED
[HEARTBEAT] events=64825 decisions=118 live_orders=0 tested_orders=0
[HEARTBEAT] events=64850 decisions=118 live_orders=0 tested_orders=0
[HEARTBEAT] events=64875 decisions=118 live_orders=0 tested_orders=0
[HEARTBEAT] events=64900 decisions=118 live_orders=0 tested_orders=0
[DECISION] 2026-04-21T05:29:00+00:00 SOLUSDT mode=futures side=long score=65.87
[SUBMISSION_GATE] SOLUSDT allow=False can_open=True existing=no pending_external=False order_cooldown=False manual_cooldown=False live_allowed=True
[EXEC_PREFLIGHT] SOLUSDT allow=False live_allowed=True managed=cash:0.00 prepared=cash:0.00 reasons=HIGH_CONVICTION_A_PLUS_REQUIRED
[HEARTBEAT] events=64925 decisions=119 live_orders=0 tested_orders=0
[HEARTBEAT] events=64950 decisions=119 live_orders=0 tested_orders=0
[HEARTBEAT] events=64975 decisions=119 live_orders=0 tested_orders=0
[HEARTBEAT] events=65000 decisions=119 live_orders=0 tested_orders=0
[HEARTBEAT] events=65025 decisions=119 live_orders=0 tested_orders=0
[HEARTBEAT] events=65050 decisions=119 live_orders=0 tested_orders=0
[HEARTBEAT] events=65075 decisions=119 live_orders=0 tested_orders=0
[HEARTBEAT] events=65100 decisions=119 live_orders=0 tested_orders=0
[HEARTBEAT] events=65125 decisions=119 live_orders=0 tested_orders=0
[HEARTBEAT] events=65150 decisions=119 live_orders=0 tested_orders=0
[HEARTBEAT] events=65175 decisions=119 live_orders=0 tested_orders=0
[ERROR] websocket attempt=3 error=no close frame received or sent
[RETRY] attempt=4 sleeping=4.00s
[CONNECT] websocket attempt=4
[HEARTBEAT] events=65200 decisions=119 live_orders=0 tested_orders=0
[HEARTBEAT] events=65225 decisions=119 live_orders=0 tested_orders=0
[HEARTBEAT] events=65250 decisions=119 live_orders=0 tested_orders=0
[HEARTBEAT] events=65275 decisions=119 live_orders=0 tested_orders=0
[HEARTBEAT] events=65300 decisions=119 live_orders=0 tested_orders=0
[HEARTBEAT] events=65325 decisions=119 live_orders=0 tested_orders=0
[HEARTBEAT] events=65350 decisions=119 live_orders=0 tested_orders=0
[HEARTBEAT] events=65375 decisions=119 live_orders=0 tested_orders=0
[HEARTBEAT] events=65400 decisions=119 live_orders=0 tested_orders=0
[HEARTBEAT] events=65425 decisions=119 live_orders=0 tested_orders=0
[HEARTBEAT] events=65450 decisions=119 live_orders=0 tested_orders=0
[HEARTBEAT] events=65475 decisions=119 live_orders=0 tested_orders=0
[HEARTBEAT] events=65500 decisions=119 live_orders=0 tested_orders=0
[HEARTBEAT] events=65525 decisions=119 live_orders=0 tested_orders=0
[HEARTBEAT] events=65550 decisions=119 live_orders=0 tested_orders=0
