Traceback (most recent call last):
  File "<frozen runpy>", line 198, in _run_module_as_main
  File "<frozen runpy>", line 88, in _run_code
  File "C:\Users\SSAFY\Downloads\first_repo-main\quant_binance\runtime.py", line 368, in <module>
    raise SystemExit(main())
                     ^^^^^^
  File "C:\Users\SSAFY\Downloads\first_repo-main\quant_binance\runtime.py", line 327, in main
    result = run_live_paper_daemon(
             ^^^^^^^^^^^^^^^^^^^^^^
  File "C:\Users\SSAFY\Downloads\first_repo-main\quant_binance\daemon.py", line 471, in run_live_paper_daemon
    summary = asyncio.run(shell.run()) or {}
              ^^^^^^^^^^^^^^^^^^^^^^^^
  File "C:\Users\SSAFY\AppData\Local\Programs\Python\Python311\Lib\asyncio\runners.py", line 190, in run
    return runner.run(main)
           ^^^^^^^^^^^^^^^^
  File "C:\Users\SSAFY\AppData\Local\Programs\Python\Python311\Lib\asyncio\runners.py", line 118, in run
    return self._loop.run_until_complete(task)
           ^^^^^^^^^^^^^^^^^^^^^^^^^^^^^^^^^^^
  File "C:\Users\SSAFY\AppData\Local\Programs\Python\Python311\Lib\asyncio\base_events.py", line 654, in run_until_complete
    return future.result()
           ^^^^^^^^^^^^^^^
  File "C:\Users\SSAFY\Downloads\first_repo-main\quant_binance\session.py", line 6847, in run
    await self._run_with_monitor(runner)
  File "C:\Users\SSAFY\Downloads\first_repo-main\quant_binance\session.py", line 6828, in _run_with_monitor
    raise RuntimeError("STALL_RECOVERY_LIMIT_EXCEEDED")
RuntimeError: STALL_RECOVERY_LIMIT_EXCEEDED

=== supervisor spawn @ 2026-04-15T05:33:43+00:00 ===
[POLICY_VALIDATION_CONTAMINATION] 1 inherited manual-close trade(s) excluded from policy validation \u2014 these positions were entered in a prior session and closed via MANUAL_CLOSE_SYNCED, not by the current strategy. Symbols: ['PEPEUSDT']. Excluding to prevent false rollback verdict.
[POLICY_VALIDATION_CONTAMINATION] 1 inherited manual-close trade(s) excluded from policy validation \u2014 these positions were entered in a prior session and closed via MANUAL_CLOSE_SYNCED, not by the current strategy. Symbols: ['PEPEUSDT']. Excluding to prevent false rollback verdict.
[POLICY_VALIDATION_CONTAMINATION] 1 inherited manual-close trade(s) excluded from policy validation \u2014 these positions were entered in a prior session and closed via MANUAL_CLOSE_SYNCED, not by the current strategy. Symbols: ['PEPEUSDT']. Excluding to prevent false rollback verdict.
[POLICY_VALIDATION_CONTAMINATION] 1 inherited manual-close trade(s) excluded from policy validation \u2014 these positions were entered in a prior session and closed via MANUAL_CLOSE_SYNCED, not by the current strategy. Symbols: ['PEPEUSDT']. Excluding to prevent false rollback verdict.
[POLICY_VALIDATION_CONTAMINATION] 1 inherited manual-close trade(s) excluded from policy validation \u2014 these positions were entered in a prior session and closed via MANUAL_CLOSE_SYNCED, not by the current strategy. Symbols: ['PEPEUSDT']. Excluding to prevent false rollback verdict.
[POLICY_VALIDATION_CONTAMINATION] 1 inherited manual-close trade(s) excluded from policy validation \u2014 these positions were entered in a prior session and closed via MANUAL_CLOSE_SYNCED, not by the current strategy. Symbols: ['PEPEUSDT']. Excluding to prevent false rollback verdict.
[POLICY_VALIDATION_CONTAMINATION] 1 inherited manual-close trade(s) excluded from policy validation \u2014 these positions were entered in a prior session and closed via MANUAL_CLOSE_SYNCED, not by the current strategy. Symbols: ['PEPEUSDT']. Excluding to prevent false rollback verdict.
[POLICY_VALIDATION_CONTAMINATION] 1 inherited manual-close trade(s) excluded from policy validation \u2014 these positions were entered in a prior session and closed via MANUAL_CLOSE_SYNCED, not by the current strategy. Symbols: ['PEPEUSDT']. Excluding to prevent false rollback verdict.
[POLICY_VALIDATION_CONTAMINATION] 1 inherited manual-close trade(s) excluded from policy validation \u2014 these positions were entered in a prior session and closed via MANUAL_CLOSE_SYNCED, not by the current strategy. Symbols: ['PEPEUSDT']. Excluding to prevent false rollback verdict.
[POLICY_VALIDATION_CONTAMINATION] 1 inherited manual-close trade(s) excluded from policy validation \u2014 these positions were entered in a prior session and closed via MANUAL_CLOSE_SYNCED, not by the current strategy. Symbols: ['PEPEUSDT']. Excluding to prevent false rollback verdict.
[POLICY_VALIDATION_CONTAMINATION] 1 inherited manual-close trade(s) excluded from policy validation \u2014 these positions were entered in a prior session and closed via MANUAL_CLOSE_SYNCED, not by the current strategy. Symbols: ['PEPEUSDT']. Excluding to prevent false rollback verdict.
[POLICY_VALIDATION_CONTAMINATION] 1 inherited manual-close trade(s) excluded from policy validation \u2014 these positions were entered in a prior session and closed via MANUAL_CLOSE_SYNCED, not by the current strategy. Symbols: ['PEPEUSDT']. Excluding to prevent false rollback verdict.
[POLICY_VALIDATION_CONTAMINATION] 1 inherited manual-close trade(s) excluded from policy validation \u2014 these positions were entered in a prior session and closed via MANUAL_CLOSE_SYNCED, not by the current strategy. Symbols: ['PEPEUSDT']. Excluding to prevent false rollback verdict.
[POLICY_VALIDATION_CONTAMINATION] 1 inherited manual-close trade(s) excluded from policy validation \u2014 these positions were entered in a prior session and closed via MANUAL_CLOSE_SYNCED, not by the current strategy. Symbols: ['PEPEUSDT']. Excluding to prevent false rollback verdict.
[POLICY_VALIDATION_CONTAMINATION] 1 inherited manual-close trade(s) excluded from policy validation \u2014 these positions were entered in a prior session and closed via MANUAL_CLOSE_SYNCED, not by the current strategy. Symbols: ['PEPEUSDT']. Excluding to prevent false rollback verdict.
[POLICY_VALIDATION_CONTAMINATION] 1 inherited manual-close trade(s) excluded from policy validation \u2014 these positions were entered in a prior session and closed via MANUAL_CLOSE_SYNCED, not by the current strategy. Symbols: ['PEPEUSDT']. Excluding to prevent false rollback verdict.
[POLICY_VALIDATION_CONTAMINATION] 1 inherited manual-close trade(s) excluded from policy validation \u2014 these positions were entered in a prior session and closed via MANUAL_CLOSE_SYNCED, not by the current strategy. Symbols: ['PEPEUSDT']. Excluding to prevent false rollback verdict.
[POLICY_VALIDATION_CONTAMINATION] 1 inherited manual-close trade(s) excluded from policy validation \u2014 these positions were entered in a prior session and closed via MANUAL_CLOSE_SYNCED, not by the current strategy. Symbols: ['PEPEUSDT']. Excluding to prevent false rollback verdict.
[POLICY_VALIDATION_CONTAMINATION] 1 inherited manual-close trade(s) excluded from policy validation \u2014 these positions were entered in a prior session and closed via MANUAL_CLOSE_SYNCED, not by the current strategy. Symbols: ['PEPEUSDT']. Excluding to prevent false rollback verdict.
[POLICY_VALIDATION_CONTAMINATION] 1 inherited manual-close trade(s) excluded from policy validation \u2014 these positions were entered in a prior session and closed via MANUAL_CLOSE_SYNCED, not by the current strategy. Symbols: ['PEPEUSDT']. Excluding to prevent false rollback verdict.
[POLICY_VALIDATION_CONTAMINATION] 1 inherited manual-close trade(s) excluded from policy validation \u2014 these positions were entered in a prior session and closed via MANUAL_CLOSE_SYNCED, not by the current strategy. Symbols: ['PEPEUSDT']. Excluding to prevent false rollback verdict.
[POLICY_VALIDATION_CONTAMINATION] 1 inherited manual-close trade(s) excluded from policy validation \u2014 these positions were entered in a prior session and closed via MANUAL_CLOSE_SYNCED, not by the current strategy. Symbols: ['PEPEUSDT']. Excluding to prevent false rollback verdict.
[POLICY_VALIDATION_CONTAMINATION] 1 inherited manual-close trade(s) excluded from policy validation \u2014 these positions were entered in a prior session and closed via MANUAL_CLOSE_SYNCED, not by the current strategy. Symbols: ['PEPEUSDT']. Excluding to prevent false rollback verdict.
[POLICY_VALIDATION_CONTAMINATION] 1 inherited manual-close trade(s) excluded from policy validation \u2014 these positions were entered in a prior session and closed via MANUAL_CLOSE_SYNCED, not by the current strategy. Symbols: ['PEPEUSDT']. Excluding to prevent false rollback verdict.
[POLICY_VALIDATION_CONTAMINATION] 1 inherited manual-close trade(s) excluded from policy validation \u2014 these positions were entered in a prior session and closed via MANUAL_CLOSE_SYNCED, not by the current strategy. Symbols: ['PEPEUSDT']. Excluding to prevent false rollback verdict.
[POLICY_VALIDATION_CONTAMINATION] 1 inherited manual-close trade(s) excluded from policy validation \u2014 these positions were entered in a prior session and closed via MANUAL_CLOSE_SYNCED, not by the current strategy. Symbols: ['PEPEUSDT']. Excluding to prevent false rollback verdict.
[POLICY_VALIDATION_CONTAMINATION] 1 inherited manual-close trade(s) excluded from policy validation \u2014 these positions were entered in a prior session and closed via MANUAL_CLOSE_SYNCED, not by the current strategy. Symbols: ['PEPEUSDT']. Excluding to prevent false rollback verdict.
[POLICY_VALIDATION_CONTAMINATION] 1 inherited manual-close trade(s) excluded from policy validation \u2014 these positions were entered in a prior session and closed via MANUAL_CLOSE_SYNCED, not by the current strategy. Symbols: ['PEPEUSDT']. Excluding to prevent false rollback verdict.
[POLICY_VALIDATION_CONTAMINATION] 1 inherited manual-close trade(s) excluded from policy validation \u2014 these positions were entered in a prior session and closed via MANUAL_CLOSE_SYNCED, not by the current strategy. Symbols: ['PEPEUSDT']. Excluding to prevent false rollback verdict.
[POLICY_VALIDATION_CONTAMINATION] 1 inherited manual-close trade(s) excluded from policy validation \u2014 these positions were entered in a prior session and closed via MANUAL_CLOSE_SYNCED, not by the current strategy. Symbols: ['PEPEUSDT']. Excluding to prevent false rollback verdict.
[POLICY_VALIDATION_CONTAMINATION] 1 inherited manual-close trade(s) excluded from policy validation \u2014 these positions were entered in a prior session and closed via MANUAL_CLOSE_SYNCED, not by the current strategy. Symbols: ['PEPEUSDT']. Excluding to prevent false rollback verdict.
[POLICY_VALIDATION_CONTAMINATION] 1 inherited manual-close trade(s) excluded from policy validation \u2014 these positions were entered in a prior session and closed via MANUAL_CLOSE_SYNCED, not by the current strategy. Symbols: ['PEPEUSDT']. Excluding to prevent false rollback verdict.
[POLICY_VALIDATION_CONTAMINATION] 1 inherited manual-close trade(s) excluded from policy validation \u2014 these positions were entered in a prior session and closed via MANUAL_CLOSE_SYNCED, not by the current strategy. Symbols: ['PEPEUSDT']. Excluding to prevent false rollback verdict.
[POLICY_VALIDATION_CONTAMINATION] 1 inherited manual-close trade(s) excluded from policy validation \u2014 these positions were entered in a prior session and closed via MANUAL_CLOSE_SYNCED, not by the current strategy. Symbols: ['PEPEUSDT']. Excluding to prevent false rollback verdict.
[POLICY_VALIDATION_CONTAMINATION] 1 inherited manual-close trade(s) excluded from policy validation \u2014 these positions were entered in a prior session and closed via MANUAL_CLOSE_SYNCED, not by the current strategy. Symbols: ['PEPEUSDT']. Excluding to prevent false rollback verdict.
[POLICY_VALIDATION_CONTAMINATION] 1 inherited manual-close trade(s) excluded from policy validation \u2014 these positions were entered in a prior session and closed via MANUAL_CLOSE_SYNCED, not by the current strategy. Symbols: ['PEPEUSDT']. Excluding to prevent false rollback verdict.
[POLICY_VALIDATION_CONTAMINATION] 1 inherited manual-close trade(s) excluded from policy validation \u2014 these positions were entered in a prior session and closed via MANUAL_CLOSE_SYNCED, not by the current strategy. Symbols: ['PEPEUSDT']. Excluding to prevent false rollback verdict.
[POLICY_VALIDATION_CONTAMINATION] 1 inherited manual-close trade(s) excluded from policy validation \u2014 these positions were entered in a prior session and closed via MANUAL_CLOSE_SYNCED, not by the current strategy. Symbols: ['PEPEUSDT']. Excluding to prevent false rollback verdict.
[POLICY_VALIDATION_CONTAMINATION] 1 inherited manual-close trade(s) excluded from policy validation \u2014 these positions were entered in a prior session and closed via MANUAL_CLOSE_SYNCED, not by the current strategy. Symbols: ['PEPEUSDT']. Excluding to prevent false rollback verdict.
[POLICY_VALIDATION_CONTAMINATION] 1 inherited manual-close trade(s) excluded from policy validation \u2014 these positions were entered in a prior session and closed via MANUAL_CLOSE_SYNCED, not by the current strategy. Symbols: ['PEPEUSDT']. Excluding to prevent false rollback verdict.
[POLICY_VALIDATION_CONTAMINATION] 1 inherited manual-close trade(s) excluded from policy validation \u2014 these positions were entered in a prior session and closed via MANUAL_CLOSE_SYNCED, not by the current strategy. Symbols: ['PEPEUSDT']. Excluding to prevent false rollback verdict.
[POLICY_VALIDATION_CONTAMINATION] 1 inherited manual-close trade(s) excluded from policy validation \u2014 these positions were entered in a prior session and closed via MANUAL_CLOSE_SYNCED, not by the current strategy. Symbols: ['PEPEUSDT']. Excluding to prevent false rollback verdict.
[POLICY_VALIDATION_CONTAMINATION] 1 inherited manual-close trade(s) excluded from policy validation \u2014 these positions were entered in a prior session and closed via MANUAL_CLOSE_SYNCED, not by the current strategy. Symbols: ['PEPEUSDT']. Excluding to prevent false rollback verdict.
[POLICY_VALIDATION_CONTAMINATION] 1 inherited manual-close trade(s) excluded from policy validation \u2014 these positions were entered in a prior session and closed via MANUAL_CLOSE_SYNCED, not by the current strategy. Symbols: ['PEPEUSDT']. Excluding to prevent false rollback verdict.
[POLICY_VALIDATION_CONTAMINATION] 1 inherited manual-close trade(s) excluded from policy validation \u2014 these positions were entered in a prior session and closed via MANUAL_CLOSE_SYNCED, not by the current strategy. Symbols: ['PEPEUSDT']. Excluding to prevent false rollback verdict.
[POLICY_VALIDATION_CONTAMINATION] 1 inherited manual-close trade(s) excluded from policy validation \u2014 these positions were entered in a prior session and closed via MANUAL_CLOSE_SYNCED, not by the current strategy. Symbols: ['PEPEUSDT']. Excluding to prevent false rollback verdict.
[POLICY_VALIDATION_CONTAMINATION] 1 inherited manual-close trade(s) excluded from policy validation \u2014 these positions were entered in a prior session and closed via MANUAL_CLOSE_SYNCED, not by the current strategy. Symbols: ['PEPEUSDT']. Excluding to prevent false rollback verdict.
[POLICY_VALIDATION_CONTAMINATION] 1 inherited manual-close trade(s) excluded from policy validation \u2014 these positions were entered in a prior session and closed via MANUAL_CLOSE_SYNCED, not by the current strategy. Symbols: ['PEPEUSDT']. Excluding to prevent false rollback verdict.
[POLICY_VALIDATION_CONTAMINATION] 1 inherited manual-close trade(s) excluded from policy validation \u2014 these positions were entered in a prior session and closed via MANUAL_CLOSE_SYNCED, not by the current strategy. Symbols: ['PEPEUSDT']. Excluding to prevent false rollback verdict.
[POLICY_VALIDATION_CONTAMINATION] 1 inherited manual-close trade(s) excluded from policy validation \u2014 these positions were entered in a prior session and closed via MANUAL_CLOSE_SYNCED, not by the current strategy. Symbols: ['PEPEUSDT']. Excluding to prevent false rollback verdict.
[POLICY_VALIDATION_CONTAMINATION] 1 inherited manual-close trade(s) excluded from policy validation \u2014 these positions were entered in a prior session and closed via MANUAL_CLOSE_SYNCED, not by the current strategy. Symbols: ['PEPEUSDT']. Excluding to prevent false rollback verdict.
[POLICY_VALIDATION_CONTAMINATION] 1 inherited manual-close trade(s) excluded from policy validation \u2014 these positions were entered in a prior session and closed via MANUAL_CLOSE_SYNCED, not by the current strategy. Symbols: ['PEPEUSDT']. Excluding to prevent false rollback verdict.
[POLICY_VALIDATION_CONTAMINATION] 1 inherited manual-close trade(s) excluded from policy validation \u2014 these positions were entered in a prior session and closed via MANUAL_CLOSE_SYNCED, not by the current strategy. Symbols: ['PEPEUSDT']. Excluding to prevent false rollback verdict.
[POLICY_VALIDATION_CONTAMINATION] 1 inherited manual-close trade(s) excluded from policy validation \u2014 these positions were entered in a prior session and closed via MANUAL_CLOSE_SYNCED, not by the current strategy. Symbols: ['PEPEUSDT']. Excluding to prevent false rollback verdict.
[POLICY_VALIDATION_CONTAMINATION] 1 inherited manual-close trade(s) excluded from policy validation \u2014 these positions were entered in a prior session and closed via MANUAL_CLOSE_SYNCED, not by the current strategy. Symbols: ['PEPEUSDT']. Excluding to prevent false rollback verdict.
[POLICY_VALIDATION_CONTAMINATION] 1 inherited manual-close trade(s) excluded from policy validation \u2014 these positions were entered in a prior session and closed via MANUAL_CLOSE_SYNCED, not by the current strategy. Symbols: ['PEPEUSDT']. Excluding to prevent false rollback verdict.
[POLICY_VALIDATION_CONTAMINATION] 1 inherited manual-close trade(s) excluded from policy validation \u2014 these positions were entered in a prior session and closed via MANUAL_CLOSE_SYNCED, not by the current strategy. Symbols: ['PEPEUSDT']. Excluding to prevent false rollback verdict.
[POLICY_VALIDATION_CONTAMINATION] 1 inherited manual-close trade(s) excluded from policy validation \u2014 these positions were entered in a prior session and closed via MANUAL_CLOSE_SYNCED, not by the current strategy. Symbols: ['PEPEUSDT']. Excluding to prevent false rollback verdict.
[POLICY_VALIDATION_CONTAMINATION] 1 inherited manual-close trade(s) excluded from policy validation \u2014 these positions were entered in a prior session and closed via MANUAL_CLOSE_SYNCED, not by the current strategy. Symbols: ['PEPEUSDT']. Excluding to prevent false rollback verdict.
[POLICY_VALIDATION_CONTAMINATION] 1 inherited manual-close trade(s) excluded from policy validation \u2014 these positions were entered in a prior session and closed via MANUAL_CLOSE_SYNCED, not by the current strategy. Symbols: ['PEPEUSDT']. Excluding to prevent false rollback verdict.
[POLICY_VALIDATION_CONTAMINATION] 1 inherited manual-close trade(s) excluded from policy validation \u2014 these positions were entered in a prior session and closed via MANUAL_CLOSE_SYNCED, not by the current strategy. Symbols: ['PEPEUSDT']. Excluding to prevent false rollback verdict.
[POLICY_VALIDATION_CONTAMINATION] 1 inherited manual-close trade(s) excluded from policy validation \u2014 these positions were entered in a prior session and closed via MANUAL_CLOSE_SYNCED, not by the current strategy. Symbols: ['PEPEUSDT']. Excluding to prevent false rollback verdict.
[POLICY_VALIDATION_CONTAMINATION] 1 inherited manual-close trade(s) excluded from policy validation \u2014 these positions were entered in a prior session and closed via MANUAL_CLOSE_SYNCED, not by the current strategy. Symbols: ['PEPEUSDT']. Excluding to prevent false rollback verdict.
[POLICY_VALIDATION_CONTAMINATION] 1 inherited manual-close trade(s) excluded from policy validation \u2014 these positions were entered in a prior session and closed via MANUAL_CLOSE_SYNCED, not by the current strategy. Symbols: ['PEPEUSDT']. Excluding to prevent false rollback verdict.
[POLICY_VALIDATION_CONTAMINATION] 1 inherited manual-close trade(s) excluded from policy validation \u2014 these positions were entered in a prior session and closed via MANUAL_CLOSE_SYNCED, not by the current strategy. Symbols: ['PEPEUSDT']. Excluding to prevent false rollback verdict.
[POLICY_VALIDATION_CONTAMINATION] 1 inherited manual-close trade(s) excluded from policy validation \u2014 these positions were entered in a prior session and closed via MANUAL_CLOSE_SYNCED, not by the current strategy. Symbols: ['PEPEUSDT']. Excluding to prevent false rollback verdict.
Traceback (most recent call last):
  File "<frozen runpy>", line 198, in _run_module_as_main
  File "<frozen runpy>", line 88, in _run_code
  File "C:\Users\SSAFY\Downloads\first_repo-main\quant_binance\runtime.py", line 368, in <module>
    raise SystemExit(main())
                     ^^^^^^
  File "C:\Users\SSAFY\Downloads\first_repo-main\quant_binance\runtime.py", line 327, in main
    result = run_live_paper_daemon(
             ^^^^^^^^^^^^^^^^^^^^^^
  File "C:\Users\SSAFY\Downloads\first_repo-main\quant_binance\daemon.py", line 471, in run_live_paper_daemon
    summary = asyncio.run(shell.run()) or {}
              ^^^^^^^^^^^^^^^^^^^^^^^^
  File "C:\Users\SSAFY\AppData\Local\Programs\Python\Python311\Lib\asyncio\runners.py", line 190, in run
    return runner.run(main)
           ^^^^^^^^^^^^^^^^
  File "C:\Users\SSAFY\AppData\Local\Programs\Python\Python311\Lib\asyncio\runners.py", line 118, in run
    return self._loop.run_until_complete(task)
           ^^^^^^^^^^^^^^^^^^^^^^^^^^^^^^^^^^^
  File "C:\Users\SSAFY\AppData\Local\Programs\Python\Python311\Lib\asyncio\base_events.py", line 654, in run_until_complete
    return future.result()
           ^^^^^^^^^^^^^^^
  File "C:\Users\SSAFY\Downloads\first_repo-main\quant_binance\session.py", line 6847, in run
    await self._run_with_monitor(runner)
  File "C:\Users\SSAFY\Downloads\first_repo-main\quant_binance\session.py", line 6828, in _run_with_monitor
    raise RuntimeError("STALL_RECOVERY_LIMIT_EXCEEDED")
RuntimeError: STALL_RECOVERY_LIMIT_EXCEEDED

=== supervisor spawn @ 2026-04-15T05:41:54+00:00 ===
[POLICY_VALIDATION_CONTAMINATION] 1 inherited manual-close trade(s) excluded from policy validation \u2014 these positions were entered in a prior session and closed via MANUAL_CLOSE_SYNCED, not by the current strategy. Symbols: ['PEPEUSDT']. Excluding to prevent false rollback verdict.
[POLICY_VALIDATION_CONTAMINATION] 1 inherited manual-close trade(s) excluded from policy validation \u2014 these positions were entered in a prior session and closed via MANUAL_CLOSE_SYNCED, not by the current strategy. Symbols: ['PEPEUSDT']. Excluding to prevent false rollback verdict.
[POLICY_VALIDATION_CONTAMINATION] 1 inherited manual-close trade(s) excluded from policy validation \u2014 these positions were entered in a prior session and closed via MANUAL_CLOSE_SYNCED, not by the current strategy. Symbols: ['PEPEUSDT']. Excluding to prevent false rollback verdict.
[POLICY_VALIDATION_CONTAMINATION] 1 inherited manual-close trade(s) excluded from policy validation \u2014 these positions were entered in a prior session and closed via MANUAL_CLOSE_SYNCED, not by the current strategy. Symbols: ['PEPEUSDT']. Excluding to prevent false rollback verdict.
[POLICY_VALIDATION_CONTAMINATION] 1 inherited manual-close trade(s) excluded from policy validation \u2014 these positions were entered in a prior session and closed via MANUAL_CLOSE_SYNCED, not by the current strategy. Symbols: ['PEPEUSDT']. Excluding to prevent false rollback verdict.
[POLICY_VALIDATION_CONTAMINATION] 1 inherited manual-close trade(s) excluded from policy validation \u2014 these positions were entered in a prior session and closed via MANUAL_CLOSE_SYNCED, not by the current strategy. Symbols: ['PEPEUSDT']. Excluding to prevent false rollback verdict.
[POLICY_VALIDATION_CONTAMINATION] 1 inherited manual-close trade(s) excluded from policy validation \u2014 these positions were entered in a prior session and closed via MANUAL_CLOSE_SYNCED, not by the current strategy. Symbols: ['PEPEUSDT']. Excluding to prevent false rollback verdict.
[POLICY_VALIDATION_CONTAMINATION] 1 inherited manual-close trade(s) excluded from policy validation \u2014 these positions were entered in a prior session and closed via MANUAL_CLOSE_SYNCED, not by the current strategy. Symbols: ['PEPEUSDT']. Excluding to prevent false rollback verdict.
[POLICY_VALIDATION_CONTAMINATION] 1 inherited manual-close trade(s) excluded from policy validation \u2014 these positions were entered in a prior session and closed via MANUAL_CLOSE_SYNCED, not by the current strategy. Symbols: ['PEPEUSDT']. Excluding to prevent false rollback verdict.
[POLICY_VALIDATION_CONTAMINATION] 1 inherited manual-close trade(s) excluded from policy validation \u2014 these positions were entered in a prior session and closed via MANUAL_CLOSE_SYNCED, not by the current strategy. Symbols: ['PEPEUSDT']. Excluding to prevent false rollback verdict.
[POLICY_VALIDATION_CONTAMINATION] 1 inherited manual-close trade(s) excluded from policy validation \u2014 these positions were entered in a prior session and closed via MANUAL_CLOSE_SYNCED, not by the current strategy. Symbols: ['PEPEUSDT']. Excluding to prevent false rollback verdict.
[POLICY_VALIDATION_CONTAMINATION] 1 inherited manual-close trade(s) excluded from policy validation \u2014 these positions were entered in a prior session and closed via MANUAL_CLOSE_SYNCED, not by the current strategy. Symbols: ['PEPEUSDT']. Excluding to prevent false rollback verdict.
[POLICY_VALIDATION_CONTAMINATION] 1 inherited manual-close trade(s) excluded from policy validation \u2014 these positions were entered in a prior session and closed via MANUAL_CLOSE_SYNCED, not by the current strategy. Symbols: ['PEPEUSDT']. Excluding to prevent false rollback verdict.
[POLICY_VALIDATION_CONTAMINATION] 1 inherited manual-close trade(s) excluded from policy validation \u2014 these positions were entered in a prior session and closed via MANUAL_CLOSE_SYNCED, not by the current strategy. Symbols: ['PEPEUSDT']. Excluding to prevent false rollback verdict.
[POLICY_VALIDATION_CONTAMINATION] 1 inherited manual-close trade(s) excluded from policy validation \u2014 these positions were entered in a prior session and closed via MANUAL_CLOSE_SYNCED, not by the current strategy. Symbols: ['PEPEUSDT']. Excluding to prevent false rollback verdict.
[POLICY_VALIDATION_CONTAMINATION] 1 inherited manual-close trade(s) excluded from policy validation \u2014 these positions were entered in a prior session and closed via MANUAL_CLOSE_SYNCED, not by the current strategy. Symbols: ['PEPEUSDT']. Excluding to prevent false rollback verdict.
[POLICY_VALIDATION_CONTAMINATION] 1 inherited manual-close trade(s) excluded from policy validation \u2014 these positions were entered in a prior session and closed via MANUAL_CLOSE_SYNCED, not by the current strategy. Symbols: ['PEPEUSDT']. Excluding to prevent false rollback verdict.
[POLICY_VALIDATION_CONTAMINATION] 1 inherited manual-close trade(s) excluded from policy validation \u2014 these positions were entered in a prior session and closed via MANUAL_CLOSE_SYNCED, not by the current strategy. Symbols: ['PEPEUSDT']. Excluding to prevent false rollback verdict.
[POLICY_VALIDATION_CONTAMINATION] 1 inherited manual-close trade(s) excluded from policy validation \u2014 these positions were entered in a prior session and closed via MANUAL_CLOSE_SYNCED, not by the current strategy. Symbols: ['PEPEUSDT']. Excluding to prevent false rollback verdict.
[POLICY_VALIDATION_CONTAMINATION] 1 inherited manual-close trade(s) excluded from policy validation \u2014 these positions were entered in a prior session and closed via MANUAL_CLOSE_SYNCED, not by the current strategy. Symbols: ['PEPEUSDT']. Excluding to prevent false rollback verdict.
[POLICY_VALIDATION_CONTAMINATION] 1 inherited manual-close trade(s) excluded from policy validation \u2014 these positions were entered in a prior session and closed via MANUAL_CLOSE_SYNCED, not by the current strategy. Symbols: ['PEPEUSDT']. Excluding to prevent false rollback verdict.
[POLICY_VALIDATION_CONTAMINATION] 1 inherited manual-close trade(s) excluded from policy validation \u2014 these positions were entered in a prior session and closed via MANUAL_CLOSE_SYNCED, not by the current strategy. Symbols: ['PEPEUSDT']. Excluding to prevent false rollback verdict.
[POLICY_VALIDATION_CONTAMINATION] 1 inherited manual-close trade(s) excluded from policy validation \u2014 these positions were entered in a prior session and closed via MANUAL_CLOSE_SYNCED, not by the current strategy. Symbols: ['PEPEUSDT']. Excluding to prevent false rollback verdict.
[POLICY_VALIDATION_CONTAMINATION] 1 inherited manual-close trade(s) excluded from policy validation \u2014 these positions were entered in a prior session and closed via MANUAL_CLOSE_SYNCED, not by the current strategy. Symbols: ['PEPEUSDT']. Excluding to prevent false rollback verdict.
[POLICY_VALIDATION_CONTAMINATION] 1 inherited manual-close trade(s) excluded from policy validation \u2014 these positions were entered in a prior session and closed via MANUAL_CLOSE_SYNCED, not by the current strategy. Symbols: ['PEPEUSDT']. Excluding to prevent false rollback verdict.
[POLICY_VALIDATION_CONTAMINATION] 1 inherited manual-close trade(s) excluded from policy validation \u2014 these positions were entered in a prior session and closed via MANUAL_CLOSE_SYNCED, not by the current strategy. Symbols: ['PEPEUSDT']. Excluding to prevent false rollback verdict.
[POLICY_VALIDATION_CONTAMINATION] 1 inherited manual-close trade(s) excluded from policy validation \u2014 these positions were entered in a prior session and closed via MANUAL_CLOSE_SYNCED, not by the current strategy. Symbols: ['PEPEUSDT']. Excluding to prevent false rollback verdict.
[POLICY_VALIDATION_CONTAMINATION] 1 inherited manual-close trade(s) excluded from policy validation \u2014 these positions were entered in a prior session and closed via MANUAL_CLOSE_SYNCED, not by the current strategy. Symbols: ['PEPEUSDT']. Excluding to prevent false rollback verdict.
[POLICY_VALIDATION_CONTAMINATION] 1 inherited manual-close trade(s) excluded from policy validation \u2014 these positions were entered in a prior session and closed via MANUAL_CLOSE_SYNCED, not by the current strategy. Symbols: ['PEPEUSDT']. Excluding to prevent false rollback verdict.
[POLICY_VALIDATION_CONTAMINATION] 1 inherited manual-close trade(s) excluded from policy validation \u2014 these positions were entered in a prior session and closed via MANUAL_CLOSE_SYNCED, not by the current strategy. Symbols: ['PEPEUSDT']. Excluding to prevent false rollback verdict.
[POLICY_VALIDATION_CONTAMINATION] 1 inherited manual-close trade(s) excluded from policy validation \u2014 these positions were entered in a prior session and closed via MANUAL_CLOSE_SYNCED, not by the current strategy. Symbols: ['PEPEUSDT']. Excluding to prevent false rollback verdict.
[POLICY_VALIDATION_CONTAMINATION] 1 inherited manual-close trade(s) excluded from policy validation \u2014 these positions were entered in a prior session and closed via MANUAL_CLOSE_SYNCED, not by the current strategy. Symbols: ['PEPEUSDT']. Excluding to prevent false rollback verdict.
[POLICY_VALIDATION_CONTAMINATION] 1 inherited manual-close trade(s) excluded from policy validation \u2014 these positions were entered in a prior session and closed via MANUAL_CLOSE_SYNCED, not by the current strategy. Symbols: ['PEPEUSDT']. Excluding to prevent false rollback verdict.
[POLICY_VALIDATION_CONTAMINATION] 1 inherited manual-close trade(s) excluded from policy validation \u2014 these positions were entered in a prior session and closed via MANUAL_CLOSE_SYNCED, not by the current strategy. Symbols: ['PEPEUSDT']. Excluding to prevent false rollback verdict.
[POLICY_VALIDATION_CONTAMINATION] 1 inherited manual-close trade(s) excluded from policy validation \u2014 these positions were entered in a prior session and closed via MANUAL_CLOSE_SYNCED, not by the current strategy. Symbols: ['PEPEUSDT']. Excluding to prevent false rollback verdict.
[POLICY_VALIDATION_CONTAMINATION] 1 inherited manual-close trade(s) excluded from policy validation \u2014 these positions were entered in a prior session and closed via MANUAL_CLOSE_SYNCED, not by the current strategy. Symbols: ['PEPEUSDT']. Excluding to prevent false rollback verdict.
[POLICY_VALIDATION_CONTAMINATION] 1 inherited manual-close trade(s) excluded from policy validation \u2014 these positions were entered in a prior session and closed via MANUAL_CLOSE_SYNCED, not by the current strategy. Symbols: ['PEPEUSDT']. Excluding to prevent false rollback verdict.
[POLICY_VALIDATION_CONTAMINATION] 1 inherited manual-close trade(s) excluded from policy validation \u2014 these positions were entered in a prior session and closed via MANUAL_CLOSE_SYNCED, not by the current strategy. Symbols: ['PEPEUSDT']. Excluding to prevent false rollback verdict.
[POLICY_VALIDATION_CONTAMINATION] 1 inherited manual-close trade(s) excluded from policy validation \u2014 these positions were entered in a prior session and closed via MANUAL_CLOSE_SYNCED, not by the current strategy. Symbols: ['PEPEUSDT']. Excluding to prevent false rollback verdict.
[POLICY_VALIDATION_CONTAMINATION] 1 inherited manual-close trade(s) excluded from policy validation \u2014 these positions were entered in a prior session and closed via MANUAL_CLOSE_SYNCED, not by the current strategy. Symbols: ['PEPEUSDT']. Excluding to prevent false rollback verdict.
[POLICY_VALIDATION_CONTAMINATION] 1 inherited manual-close trade(s) excluded from policy validation \u2014 these positions were entered in a prior session and closed via MANUAL_CLOSE_SYNCED, not by the current strategy. Symbols: ['PEPEUSDT']. Excluding to prevent false rollback verdict.
[POLICY_VALIDATION_CONTAMINATION] 1 inherited manual-close trade(s) excluded from policy validation \u2014 these positions were entered in a prior session and closed via MANUAL_CLOSE_SYNCED, not by the current strategy. Symbols: ['PEPEUSDT']. Excluding to prevent false rollback verdict.
[POLICY_VALIDATION_CONTAMINATION] 1 inherited manual-close trade(s) excluded from policy validation \u2014 these positions were entered in a prior session and closed via MANUAL_CLOSE_SYNCED, not by the current strategy. Symbols: ['PEPEUSDT']. Excluding to prevent false rollback verdict.
[POLICY_VALIDATION_CONTAMINATION] 1 inherited manual-close trade(s) excluded from policy validation \u2014 these positions were entered in a prior session and closed via MANUAL_CLOSE_SYNCED, not by the current strategy. Symbols: ['PEPEUSDT']. Excluding to prevent false rollback verdict.
[POLICY_VALIDATION_CONTAMINATION] 1 inherited manual-close trade(s) excluded from policy validation \u2014 these positions were entered in a prior session and closed via MANUAL_CLOSE_SYNCED, not by the current strategy. Symbols: ['PEPEUSDT']. Excluding to prevent false rollback verdict.
[POLICY_VALIDATION_CONTAMINATION] 1 inherited manual-close trade(s) excluded from policy validation \u2014 these positions were entered in a prior session and closed via MANUAL_CLOSE_SYNCED, not by the current strategy. Symbols: ['PEPEUSDT']. Excluding to prevent false rollback verdict.
[POLICY_VALIDATION_CONTAMINATION] 1 inherited manual-close trade(s) excluded from policy validation \u2014 these positions were entered in a prior session and closed via MANUAL_CLOSE_SYNCED, not by the current strategy. Symbols: ['PEPEUSDT']. Excluding to prevent false rollback verdict.
[POLICY_VALIDATION_CONTAMINATION] 1 inherited manual-close trade(s) excluded from policy validation \u2014 these positions were entered in a prior session and closed via MANUAL_CLOSE_SYNCED, not by the current strategy. Symbols: ['PEPEUSDT']. Excluding to prevent false rollback verdict.
[POLICY_VALIDATION_CONTAMINATION] 1 inherited manual-close trade(s) excluded from policy validation \u2014 these positions were entered in a prior session and closed via MANUAL_CLOSE_SYNCED, not by the current strategy. Symbols: ['PEPEUSDT']. Excluding to prevent false rollback verdict.
[POLICY_VALIDATION_CONTAMINATION] 1 inherited manual-close trade(s) excluded from policy validation \u2014 these positions were entered in a prior session and closed via MANUAL_CLOSE_SYNCED, not by the current strategy. Symbols: ['PEPEUSDT']. Excluding to prevent false rollback verdict.
[POLICY_VALIDATION_CONTAMINATION] 1 inherited manual-close trade(s) excluded from policy validation \u2014 these positions were entered in a prior session and closed via MANUAL_CLOSE_SYNCED, not by the current strategy. Symbols: ['PEPEUSDT']. Excluding to prevent false rollback verdict.
[POLICY_VALIDATION_CONTAMINATION] 1 inherited manual-close trade(s) excluded from policy validation \u2014 these positions were entered in a prior session and closed via MANUAL_CLOSE_SYNCED, not by the current strategy. Symbols: ['PEPEUSDT']. Excluding to prevent false rollback verdict.
[POLICY_VALIDATION_CONTAMINATION] 1 inherited manual-close trade(s) excluded from policy validation \u2014 these positions were entered in a prior session and closed via MANUAL_CLOSE_SYNCED, not by the current strategy. Symbols: ['PEPEUSDT']. Excluding to prevent false rollback verdict.
[POLICY_VALIDATION_CONTAMINATION] 1 inherited manual-close trade(s) excluded from policy validation \u2014 these positions were entered in a prior session and closed via MANUAL_CLOSE_SYNCED, not by the current strategy. Symbols: ['PEPEUSDT']. Excluding to prevent false rollback verdict.
[POLICY_VALIDATION_CONTAMINATION] 1 inherited manual-close trade(s) excluded from policy validation \u2014 these positions were entered in a prior session and closed via MANUAL_CLOSE_SYNCED, not by the current strategy. Symbols: ['PEPEUSDT']. Excluding to prevent false rollback verdict.
[POLICY_VALIDATION_CONTAMINATION] 1 inherited manual-close trade(s) excluded from policy validation \u2014 these positions were entered in a prior session and closed via MANUAL_CLOSE_SYNCED, not by the current strategy. Symbols: ['PEPEUSDT']. Excluding to prevent false rollback verdict.

=== supervisor spawn @ 2026-04-15T05:48:15+00:00 ===
[POLICY_VALIDATION_CONTAMINATION] 1 inherited manual-close trade(s) excluded from policy validation \u2014 these positions were entered in a prior session and closed via MANUAL_CLOSE_SYNCED, not by the current strategy. Symbols: ['PEPEUSDT']. Excluding to prevent false rollback verdict.
[POLICY_VALIDATION_CONTAMINATION] 1 inherited manual-close trade(s) excluded from policy validation \u2014 these positions were entered in a prior session and closed via MANUAL_CLOSE_SYNCED, not by the current strategy. Symbols: ['PEPEUSDT']. Excluding to prevent false rollback verdict.
[POLICY_VALIDATION_CONTAMINATION] 1 inherited manual-close trade(s) excluded from policy validation \u2014 these positions were entered in a prior session and closed via MANUAL_CLOSE_SYNCED, not by the current strategy. Symbols: ['PEPEUSDT']. Excluding to prevent false rollback verdict.
[POLICY_VALIDATION_CONTAMINATION] 1 inherited manual-close trade(s) excluded from policy validation \u2014 these positions were entered in a prior session and closed via MANUAL_CLOSE_SYNCED, not by the current strategy. Symbols: ['PEPEUSDT']. Excluding to prevent false rollback verdict.
[POLICY_VALIDATION_CONTAMINATION] 1 inherited manual-close trade(s) excluded from policy validation \u2014 these positions were entered in a prior session and closed via MANUAL_CLOSE_SYNCED, not by the current strategy. Symbols: ['PEPEUSDT']. Excluding to prevent false rollback verdict.
[POLICY_VALIDATION_CONTAMINATION] 1 inherited manual-close trade(s) excluded from policy validation \u2014 these positions were entered in a prior session and closed via MANUAL_CLOSE_SYNCED, not by the current strategy. Symbols: ['PEPEUSDT']. Excluding to prevent false rollback verdict.
[POLICY_VALIDATION_CONTAMINATION] 1 inherited manual-close trade(s) excluded from policy validation \u2014 these positions were entered in a prior session and closed via MANUAL_CLOSE_SYNCED, not by the current strategy. Symbols: ['PEPEUSDT']. Excluding to prevent false rollback verdict.
[POLICY_VALIDATION_CONTAMINATION] 1 inherited manual-close trade(s) excluded from policy validation \u2014 these positions were entered in a prior session and closed via MANUAL_CLOSE_SYNCED, not by the current strategy. Symbols: ['PEPEUSDT']. Excluding to prevent false rollback verdict.
[POLICY_VALIDATION_CONTAMINATION] 1 inherited manual-close trade(s) excluded from policy validation \u2014 these positions were entered in a prior session and closed via MANUAL_CLOSE_SYNCED, not by the current strategy. Symbols: ['PEPEUSDT']. Excluding to prevent false rollback verdict.
[POLICY_VALIDATION_CONTAMINATION] 1 inherited manual-close trade(s) excluded from policy validation \u2014 these positions were entered in a prior session and closed via MANUAL_CLOSE_SYNCED, not by the current strategy. Symbols: ['PEPEUSDT']. Excluding to prevent false rollback verdict.
[POLICY_VALIDATION_CONTAMINATION] 1 inherited manual-close trade(s) excluded from policy validation \u2014 these positions were entered in a prior session and closed via MANUAL_CLOSE_SYNCED, not by the current strategy. Symbols: ['PEPEUSDT']. Excluding to prevent false rollback verdict.
[POLICY_VALIDATION_CONTAMINATION] 1 inherited manual-close trade(s) excluded from policy validation \u2014 these positions were entered in a prior session and closed via MANUAL_CLOSE_SYNCED, not by the current strategy. Symbols: ['PEPEUSDT']. Excluding to prevent false rollback verdict.
[POLICY_VALIDATION_CONTAMINATION] 1 inherited manual-close trade(s) excluded from policy validation \u2014 these positions were entered in a prior session and closed via MANUAL_CLOSE_SYNCED, not by the current strategy. Symbols: ['PEPEUSDT']. Excluding to prevent false rollback verdict.
[POLICY_VALIDATION_CONTAMINATION] 1 inherited manual-close trade(s) excluded from policy validation \u2014 these positions were entered in a prior session and closed via MANUAL_CLOSE_SYNCED, not by the current strategy. Symbols: ['PEPEUSDT']. Excluding to prevent false rollback verdict.
[POLICY_VALIDATION_CONTAMINATION] 1 inherited manual-close trade(s) excluded from policy validation \u2014 these positions were entered in a prior session and closed via MANUAL_CLOSE_SYNCED, not by the current strategy. Symbols: ['PEPEUSDT']. Excluding to prevent false rollback verdict.
[POLICY_VALIDATION_CONTAMINATION] 1 inherited manual-close trade(s) excluded from policy validation \u2014 these positions were entered in a prior session and closed via MANUAL_CLOSE_SYNCED, not by the current strategy. Symbols: ['PEPEUSDT']. Excluding to prevent false rollback verdict.
[POLICY_VALIDATION_CONTAMINATION] 1 inherited manual-close trade(s) excluded from policy validation \u2014 these positions were entered in a prior session and closed via MANUAL_CLOSE_SYNCED, not by the current strategy. Symbols: ['PEPEUSDT']. Excluding to prevent false rollback verdict.
[POLICY_VALIDATION_CONTAMINATION] 1 inherited manual-close trade(s) excluded from policy validation \u2014 these positions were entered in a prior session and closed via MANUAL_CLOSE_SYNCED, not by the current strategy. Symbols: ['PEPEUSDT']. Excluding to prevent false rollback verdict.
[POLICY_VALIDATION_CONTAMINATION] 1 inherited manual-close trade(s) excluded from policy validation \u2014 these positions were entered in a prior session and closed via MANUAL_CLOSE_SYNCED, not by the current strategy. Symbols: ['PEPEUSDT']. Excluding to prevent false rollback verdict.
[POLICY_VALIDATION_CONTAMINATION] 1 inherited manual-close trade(s) excluded from policy validation \u2014 these positions were entered in a prior session and closed via MANUAL_CLOSE_SYNCED, not by the current strategy. Symbols: ['PEPEUSDT']. Excluding to prevent false rollback verdict.
[POLICY_VALIDATION_CONTAMINATION] 1 inherited manual-close trade(s) excluded from policy validation \u2014 these positions were entered in a prior session and closed via MANUAL_CLOSE_SYNCED, not by the current strategy. Symbols: ['PEPEUSDT']. Excluding to prevent false rollback verdict.
[POLICY_VALIDATION_CONTAMINATION] 1 inherited manual-close trade(s) excluded from policy validation \u2014 these positions were entered in a prior session and closed via MANUAL_CLOSE_SYNCED, not by the current strategy. Symbols: ['PEPEUSDT']. Excluding to prevent false rollback verdict.
[POLICY_VALIDATION_CONTAMINATION] 1 inherited manual-close trade(s) excluded from policy validation \u2014 these positions were entered in a prior session and closed via MANUAL_CLOSE_SYNCED, not by the current strategy. Symbols: ['PEPEUSDT']. Excluding to prevent false rollback verdict.
[POLICY_VALIDATION_CONTAMINATION] 1 inherited manual-close trade(s) excluded from policy validation \u2014 these positions were entered in a prior session and closed via MANUAL_CLOSE_SYNCED, not by the current strategy. Symbols: ['PEPEUSDT']. Excluding to prevent false rollback verdict.
[POLICY_VALIDATION_CONTAMINATION] 1 inherited manual-close trade(s) excluded from policy validation \u2014 these positions were entered in a prior session and closed via MANUAL_CLOSE_SYNCED, not by the current strategy. Symbols: ['PEPEUSDT']. Excluding to prevent false rollback verdict.
[POLICY_VALIDATION_CONTAMINATION] 1 inherited manual-close trade(s) excluded from policy validation \u2014 these positions were entered in a prior session and closed via MANUAL_CLOSE_SYNCED, not by the current strategy. Symbols: ['PEPEUSDT']. Excluding to prevent false rollback verdict.
[POLICY_VALIDATION_CONTAMINATION] 1 inherited manual-close trade(s) excluded from policy validation \u2014 these positions were entered in a prior session and closed via MANUAL_CLOSE_SYNCED, not by the current strategy. Symbols: ['PEPEUSDT']. Excluding to prevent false rollback verdict.
[POLICY_VALIDATION_CONTAMINATION] 1 inherited manual-close trade(s) excluded from policy validation \u2014 these positions were entered in a prior session and closed via MANUAL_CLOSE_SYNCED, not by the current strategy. Symbols: ['PEPEUSDT']. Excluding to prevent false rollback verdict.
[POLICY_VALIDATION_CONTAMINATION] 1 inherited manual-close trade(s) excluded from policy validation \u2014 these positions were entered in a prior session and closed via MANUAL_CLOSE_SYNCED, not by the current strategy. Symbols: ['PEPEUSDT']. Excluding to prevent false rollback verdict.
[POLICY_VALIDATION_CONTAMINATION] 1 inherited manual-close trade(s) excluded from policy validation \u2014 these positions were entered in a prior session and closed via MANUAL_CLOSE_SYNCED, not by the current strategy. Symbols: ['PEPEUSDT']. Excluding to prevent false rollback verdict.
[POLICY_VALIDATION_CONTAMINATION] 1 inherited manual-close trade(s) excluded from policy validation \u2014 these positions were entered in a prior session and closed via MANUAL_CLOSE_SYNCED, not by the current strategy. Symbols: ['PEPEUSDT']. Excluding to prevent false rollback verdict.
[POLICY_VALIDATION_CONTAMINATION] 1 inherited manual-close trade(s) excluded from policy validation \u2014 these positions were entered in a prior session and closed via MANUAL_CLOSE_SYNCED, not by the current strategy. Symbols: ['PEPEUSDT']. Excluding to prevent false rollback verdict.
[POLICY_VALIDATION_CONTAMINATION] 1 inherited manual-close trade(s) excluded from policy validation \u2014 these positions were entered in a prior session and closed via MANUAL_CLOSE_SYNCED, not by the current strategy. Symbols: ['PEPEUSDT']. Excluding to prevent false rollback verdict.
[POLICY_VALIDATION_CONTAMINATION] 1 inherited manual-close trade(s) excluded from policy validation \u2014 these positions were entered in a prior session and closed via MANUAL_CLOSE_SYNCED, not by the current strategy. Symbols: ['PEPEUSDT']. Excluding to prevent false rollback verdict.
[POLICY_VALIDATION_CONTAMINATION] 1 inherited manual-close trade(s) excluded from policy validation \u2014 these positions were entered in a prior session and closed via MANUAL_CLOSE_SYNCED, not by the current strategy. Symbols: ['PEPEUSDT']. Excluding to prevent false rollback verdict.
[POLICY_VALIDATION_CONTAMINATION] 1 inherited manual-close trade(s) excluded from policy validation \u2014 these positions were entered in a prior session and closed via MANUAL_CLOSE_SYNCED, not by the current strategy. Symbols: ['PEPEUSDT']. Excluding to prevent false rollback verdict.
[POLICY_VALIDATION_CONTAMINATION] 1 inherited manual-close trade(s) excluded from policy validation \u2014 these positions were entered in a prior session and closed via MANUAL_CLOSE_SYNCED, not by the current strategy. Symbols: ['PEPEUSDT']. Excluding to prevent false rollback verdict.
[POLICY_VALIDATION_CONTAMINATION] 1 inherited manual-close trade(s) excluded from policy validation \u2014 these positions were entered in a prior session and closed via MANUAL_CLOSE_SYNCED, not by the current strategy. Symbols: ['PEPEUSDT']. Excluding to prevent false rollback verdict.
[POLICY_VALIDATION_CONTAMINATION] 1 inherited manual-close trade(s) excluded from policy validation \u2014 these positions were entered in a prior session and closed via MANUAL_CLOSE_SYNCED, not by the current strategy. Symbols: ['PEPEUSDT']. Excluding to prevent false rollback verdict.
[POLICY_VALIDATION_CONTAMINATION] 1 inherited manual-close trade(s) excluded from policy validation \u2014 these positions were entered in a prior session and closed via MANUAL_CLOSE_SYNCED, not by the current strategy. Symbols: ['PEPEUSDT']. Excluding to prevent false rollback verdict.
[POLICY_VALIDATION_CONTAMINATION] 1 inherited manual-close trade(s) excluded from policy validation \u2014 these positions were entered in a prior session and closed via MANUAL_CLOSE_SYNCED, not by the current strategy. Symbols: ['PEPEUSDT']. Excluding to prevent false rollback verdict.
[POLICY_VALIDATION_CONTAMINATION] 1 inherited manual-close trade(s) excluded from policy validation \u2014 these positions were entered in a prior session and closed via MANUAL_CLOSE_SYNCED, not by the current strategy. Symbols: ['PEPEUSDT']. Excluding to prevent false rollback verdict.
[POLICY_VALIDATION_CONTAMINATION] 1 inherited manual-close trade(s) excluded from policy validation \u2014 these positions were entered in a prior session and closed via MANUAL_CLOSE_SYNCED, not by the current strategy. Symbols: ['PEPEUSDT']. Excluding to prevent false rollback verdict.
[POLICY_VALIDATION_CONTAMINATION] 1 inherited manual-close trade(s) excluded from policy validation \u2014 these positions were entered in a prior session and closed via MANUAL_CLOSE_SYNCED, not by the current strategy. Symbols: ['PEPEUSDT']. Excluding to prevent false rollback verdict.
[POLICY_VALIDATION_CONTAMINATION] 1 inherited manual-close trade(s) excluded from policy validation \u2014 these positions were entered in a prior session and closed via MANUAL_CLOSE_SYNCED, not by the current strategy. Symbols: ['PEPEUSDT']. Excluding to prevent false rollback verdict.
[POLICY_VALIDATION_CONTAMINATION] 1 inherited manual-close trade(s) excluded from policy validation \u2014 these positions were entered in a prior session and closed via MANUAL_CLOSE_SYNCED, not by the current strategy. Symbols: ['PEPEUSDT']. Excluding to prevent false rollback verdict.
[POLICY_VALIDATION_CONTAMINATION] 1 inherited manual-close trade(s) excluded from policy validation \u2014 these positions were entered in a prior session and closed via MANUAL_CLOSE_SYNCED, not by the current strategy. Symbols: ['PEPEUSDT']. Excluding to prevent false rollback verdict.
[POLICY_VALIDATION_CONTAMINATION] 1 inherited manual-close trade(s) excluded from policy validation \u2014 these positions were entered in a prior session and closed via MANUAL_CLOSE_SYNCED, not by the current strategy. Symbols: ['PEPEUSDT']. Excluding to prevent false rollback verdict.
[POLICY_VALIDATION_CONTAMINATION] 1 inherited manual-close trade(s) excluded from policy validation \u2014 these positions were entered in a prior session and closed via MANUAL_CLOSE_SYNCED, not by the current strategy. Symbols: ['PEPEUSDT']. Excluding to prevent false rollback verdict.
[POLICY_VALIDATION_CONTAMINATION] 1 inherited manual-close trade(s) excluded from policy validation \u2014 these positions were entered in a prior session and closed via MANUAL_CLOSE_SYNCED, not by the current strategy. Symbols: ['PEPEUSDT']. Excluding to prevent false rollback verdict.
[POLICY_VALIDATION_CONTAMINATION] 1 inherited manual-close trade(s) excluded from policy validation \u2014 these positions were entered in a prior session and closed via MANUAL_CLOSE_SYNCED, not by the current strategy. Symbols: ['PEPEUSDT']. Excluding to prevent false rollback verdict.
[POLICY_VALIDATION_CONTAMINATION] 1 inherited manual-close trade(s) excluded from policy validation \u2014 these positions were entered in a prior session and closed via MANUAL_CLOSE_SYNCED, not by the current strategy. Symbols: ['PEPEUSDT']. Excluding to prevent false rollback verdict.
[POLICY_VALIDATION_CONTAMINATION] 1 inherited manual-close trade(s) excluded from policy validation \u2014 these positions were entered in a prior session and closed via MANUAL_CLOSE_SYNCED, not by the current strategy. Symbols: ['PEPEUSDT']. Excluding to prevent false rollback verdict.
[POLICY_VALIDATION_CONTAMINATION] 1 inherited manual-close trade(s) excluded from policy validation \u2014 these positions were entered in a prior session and closed via MANUAL_CLOSE_SYNCED, not by the current strategy. Symbols: ['PEPEUSDT']. Excluding to prevent false rollback verdict.
[POLICY_VALIDATION_CONTAMINATION] 1 inherited manual-close trade(s) excluded from policy validation \u2014 these positions were entered in a prior session and closed via MANUAL_CLOSE_SYNCED, not by the current strategy. Symbols: ['PEPEUSDT']. Excluding to prevent false rollback verdict.
[POLICY_VALIDATION_CONTAMINATION] 1 inherited manual-close trade(s) excluded from policy validation \u2014 these positions were entered in a prior session and closed via MANUAL_CLOSE_SYNCED, not by the current strategy. Symbols: ['PEPEUSDT']. Excluding to prevent false rollback verdict.
[POLICY_VALIDATION_CONTAMINATION] 1 inherited manual-close trade(s) excluded from policy validation \u2014 these positions were entered in a prior session and closed via MANUAL_CLOSE_SYNCED, not by the current strategy. Symbols: ['PEPEUSDT']. Excluding to prevent false rollback verdict.
[POLICY_VALIDATION_CONTAMINATION] 1 inherited manual-close trade(s) excluded from policy validation \u2014 these positions were entered in a prior session and closed via MANUAL_CLOSE_SYNCED, not by the current strategy. Symbols: ['PEPEUSDT']. Excluding to prevent false rollback verdict.
[POLICY_VALIDATION_CONTAMINATION] 1 inherited manual-close trade(s) excluded from policy validation \u2014 these positions were entered in a prior session and closed via MANUAL_CLOSE_SYNCED, not by the current strategy. Symbols: ['PEPEUSDT']. Excluding to prevent false rollback verdict.
[POLICY_VALIDATION_CONTAMINATION] 1 inherited manual-close trade(s) excluded from policy validation \u2014 these positions were entered in a prior session and closed via MANUAL_CLOSE_SYNCED, not by the current strategy. Symbols: ['PEPEUSDT']. Excluding to prevent false rollback verdict.
[POLICY_VALIDATION_CONTAMINATION] 1 inherited manual-close trade(s) excluded from policy validation \u2014 these positions were entered in a prior session and closed via MANUAL_CLOSE_SYNCED, not by the current strategy. Symbols: ['PEPEUSDT']. Excluding to prevent false rollback verdict.
[POLICY_VALIDATION_CONTAMINATION] 1 inherited manual-close trade(s) excluded from policy validation \u2014 these positions were entered in a prior session and closed via MANUAL_CLOSE_SYNCED, not by the current strategy. Symbols: ['PEPEUSDT']. Excluding to prevent false rollback verdict.
[POLICY_VALIDATION_CONTAMINATION] 1 inherited manual-close trade(s) excluded from policy validation \u2014 these positions were entered in a prior session and closed via MANUAL_CLOSE_SYNCED, not by the current strategy. Symbols: ['PEPEUSDT']. Excluding to prevent false rollback verdict.
[POLICY_VALIDATION_CONTAMINATION] 1 inherited manual-close trade(s) excluded from policy validation \u2014 these positions were entered in a prior session and closed via MANUAL_CLOSE_SYNCED, not by the current strategy. Symbols: ['PEPEUSDT']. Excluding to prevent false rollback verdict.
[POLICY_VALIDATION_CONTAMINATION] 1 inherited manual-close trade(s) excluded from policy validation \u2014 these positions were entered in a prior session and closed via MANUAL_CLOSE_SYNCED, not by the current strategy. Symbols: ['PEPEUSDT']. Excluding to prevent false rollback verdict.
[POLICY_VALIDATION_CONTAMINATION] 1 inherited manual-close trade(s) excluded from policy validation \u2014 these positions were entered in a prior session and closed via MANUAL_CLOSE_SYNCED, not by the current strategy. Symbols: ['PEPEUSDT']. Excluding to prevent false rollback verdict.
[POLICY_VALIDATION_CONTAMINATION] 1 inherited manual-close trade(s) excluded from policy validation \u2014 these positions were entered in a prior session and closed via MANUAL_CLOSE_SYNCED, not by the current strategy. Symbols: ['PEPEUSDT']. Excluding to prevent false rollback verdict.
[POLICY_VALIDATION_CONTAMINATION] 1 inherited manual-close trade(s) excluded from policy validation \u2014 these positions were entered in a prior session and closed via MANUAL_CLOSE_SYNCED, not by the current strategy. Symbols: ['PEPEUSDT']. Excluding to prevent false rollback verdict.
[POLICY_VALIDATION_CONTAMINATION] 1 inherited manual-close trade(s) excluded from policy validation \u2014 these positions were entered in a prior session and closed via MANUAL_CLOSE_SYNCED, not by the current strategy. Symbols: ['PEPEUSDT']. Excluding to prevent false rollback verdict.
[POLICY_VALIDATION_CONTAMINATION] 1 inherited manual-close trade(s) excluded from policy validation \u2014 these positions were entered in a prior session and closed via MANUAL_CLOSE_SYNCED, not by the current strategy. Symbols: ['PEPEUSDT']. Excluding to prevent false rollback verdict.
[POLICY_VALIDATION_CONTAMINATION] 1 inherited manual-close trade(s) excluded from policy validation \u2014 these positions were entered in a prior session and closed via MANUAL_CLOSE_SYNCED, not by the current strategy. Symbols: ['PEPEUSDT']. Excluding to prevent false rollback verdict.
[POLICY_VALIDATION_CONTAMINATION] 1 inherited manual-close trade(s) excluded from policy validation \u2014 these positions were entered in a prior session and closed via MANUAL_CLOSE_SYNCED, not by the current strategy. Symbols: ['PEPEUSDT']. Excluding to prevent false rollback verdict.
[POLICY_VALIDATION_CONTAMINATION] 1 inherited manual-close trade(s) excluded from policy validation \u2014 these positions were entered in a prior session and closed via MANUAL_CLOSE_SYNCED, not by the current strategy. Symbols: ['PEPEUSDT']. Excluding to prevent false rollback verdict.
[POLICY_VALIDATION_CONTAMINATION] 1 inherited manual-close trade(s) excluded from policy validation \u2014 these positions were entered in a prior session and closed via MANUAL_CLOSE_SYNCED, not by the current strategy. Symbols: ['PEPEUSDT']. Excluding to prevent false rollback verdict.
[POLICY_VALIDATION_CONTAMINATION] 1 inherited manual-close trade(s) excluded from policy validation \u2014 these positions were entered in a prior session and closed via MANUAL_CLOSE_SYNCED, not by the current strategy. Symbols: ['PEPEUSDT']. Excluding to prevent false rollback verdict.
[POLICY_VALIDATION_CONTAMINATION] 1 inherited manual-close trade(s) excluded from policy validation \u2014 these positions were entered in a prior session and closed via MANUAL_CLOSE_SYNCED, not by the current strategy. Symbols: ['PEPEUSDT']. Excluding to prevent false rollback verdict.
[POLICY_VALIDATION_CONTAMINATION] 1 inherited manual-close trade(s) excluded from policy validation \u2014 these positions were entered in a prior session and closed via MANUAL_CLOSE_SYNCED, not by the current strategy. Symbols: ['PEPEUSDT']. Excluding to prevent false rollback verdict.
[POLICY_VALIDATION_CONTAMINATION] 1 inherited manual-close trade(s) excluded from policy validation \u2014 these positions were entered in a prior session and closed via MANUAL_CLOSE_SYNCED, not by the current strategy. Symbols: ['PEPEUSDT']. Excluding to prevent false rollback verdict.
[POLICY_VALIDATION_CONTAMINATION] 1 inherited manual-close trade(s) excluded from policy validation \u2014 these positions were entered in a prior session and closed via MANUAL_CLOSE_SYNCED, not by the current strategy. Symbols: ['PEPEUSDT']. Excluding to prevent false rollback verdict.
[POLICY_VALIDATION_CONTAMINATION] 1 inherited manual-close trade(s) excluded from policy validation \u2014 these positions were entered in a prior session and closed via MANUAL_CLOSE_SYNCED, not by the current strategy. Symbols: ['PEPEUSDT']. Excluding to prevent false rollback verdict.
[POLICY_VALIDATION_CONTAMINATION] 1 inherited manual-close trade(s) excluded from policy validation \u2014 these positions were entered in a prior session and closed via MANUAL_CLOSE_SYNCED, not by the current strategy. Symbols: ['PEPEUSDT']. Excluding to prevent false rollback verdict.
[POLICY_VALIDATION_CONTAMINATION] 1 inherited manual-close trade(s) excluded from policy validation \u2014 these positions were entered in a prior session and closed via MANUAL_CLOSE_SYNCED, not by the current strategy. Symbols: ['PEPEUSDT']. Excluding to prevent false rollback verdict.
[POLICY_VALIDATION_CONTAMINATION] 1 inherited manual-close trade(s) excluded from policy validation \u2014 these positions were entered in a prior session and closed via MANUAL_CLOSE_SYNCED, not by the current strategy. Symbols: ['PEPEUSDT']. Excluding to prevent false rollback verdict.
[POLICY_VALIDATION_CONTAMINATION] 1 inherited manual-close trade(s) excluded from policy validation \u2014 these positions were entered in a prior session and closed via MANUAL_CLOSE_SYNCED, not by the current strategy. Symbols: ['PEPEUSDT']. Excluding to prevent false rollback verdict.
[POLICY_VALIDATION_CONTAMINATION] 1 inherited manual-close trade(s) excluded from policy validation \u2014 these positions were entered in a prior session and closed via MANUAL_CLOSE_SYNCED, not by the current strategy. Symbols: ['PEPEUSDT']. Excluding to prevent false rollback verdict.
[POLICY_VALIDATION_CONTAMINATION] 1 inherited manual-close trade(s) excluded from policy validation \u2014 these positions were entered in a prior session and closed via MANUAL_CLOSE_SYNCED, not by the current strategy. Symbols: ['PEPEUSDT']. Excluding to prevent false rollback verdict.
[POLICY_VALIDATION_CONTAMINATION] 1 inherited manual-close trade(s) excluded from policy validation \u2014 these positions were entered in a prior session and closed via MANUAL_CLOSE_SYNCED, not by the current strategy. Symbols: ['PEPEUSDT']. Excluding to prevent false rollback verdict.
[POLICY_VALIDATION_CONTAMINATION] 1 inherited manual-close trade(s) excluded from policy validation \u2014 these positions were entered in a prior session and closed via MANUAL_CLOSE_SYNCED, not by the current strategy. Symbols: ['PEPEUSDT']. Excluding to prevent false rollback verdict.
[POLICY_VALIDATION_CONTAMINATION] 1 inherited manual-close trade(s) excluded from policy validation \u2014 these positions were entered in a prior session and closed via MANUAL_CLOSE_SYNCED, not by the current strategy. Symbols: ['PEPEUSDT']. Excluding to prevent false rollback verdict.
[POLICY_VALIDATION_CONTAMINATION] 1 inherited manual-close trade(s) excluded from policy validation \u2014 these positions were entered in a prior session and closed via MANUAL_CLOSE_SYNCED, not by the current strategy. Symbols: ['PEPEUSDT']. Excluding to prevent false rollback verdict.
[POLICY_VALIDATION_CONTAMINATION] 1 inherited manual-close trade(s) excluded from policy validation \u2014 these positions were entered in a prior session and closed via MANUAL_CLOSE_SYNCED, not by the current strategy. Symbols: ['PEPEUSDT']. Excluding to prevent false rollback verdict.
[POLICY_VALIDATION_CONTAMINATION] 1 inherited manual-close trade(s) excluded from policy validation \u2014 these positions were entered in a prior session and closed via MANUAL_CLOSE_SYNCED, not by the current strategy. Symbols: ['PEPEUSDT']. Excluding to prevent false rollback verdict.
[POLICY_VALIDATION_CONTAMINATION] 1 inherited manual-close trade(s) excluded from policy validation \u2014 these positions were entered in a prior session and closed via MANUAL_CLOSE_SYNCED, not by the current strategy. Symbols: ['PEPEUSDT']. Excluding to prevent false rollback verdict.
[POLICY_VALIDATION_CONTAMINATION] 1 inherited manual-close trade(s) excluded from policy validation \u2014 these positions were entered in a prior session and closed via MANUAL_CLOSE_SYNCED, not by the current strategy. Symbols: ['PEPEUSDT']. Excluding to prevent false rollback verdict.
[POLICY_VALIDATION_CONTAMINATION] 1 inherited manual-close trade(s) excluded from policy validation \u2014 these positions were entered in a prior session and closed via MANUAL_CLOSE_SYNCED, not by the current strategy. Symbols: ['PEPEUSDT']. Excluding to prevent false rollback verdict.
[POLICY_VALIDATION_CONTAMINATION] 1 inherited manual-close trade(s) excluded from policy validation \u2014 these positions were entered in a prior session and closed via MANUAL_CLOSE_SYNCED, not by the current strategy. Symbols: ['PEPEUSDT']. Excluding to prevent false rollback verdict.
[POLICY_VALIDATION_CONTAMINATION] 1 inherited manual-close trade(s) excluded from policy validation \u2014 these positions were entered in a prior session and closed via MANUAL_CLOSE_SYNCED, not by the current strategy. Symbols: ['PEPEUSDT']. Excluding to prevent false rollback verdict.
[POLICY_VALIDATION_CONTAMINATION] 1 inherited manual-close trade(s) excluded from policy validation \u2014 these positions were entered in a prior session and closed via MANUAL_CLOSE_SYNCED, not by the current strategy. Symbols: ['PEPEUSDT']. Excluding to prevent false rollback verdict.
[POLICY_VALIDATION_CONTAMINATION] 1 inherited manual-close trade(s) excluded from policy validation \u2014 these positions were entered in a prior session and closed via MANUAL_CLOSE_SYNCED, not by the current strategy. Symbols: ['PEPEUSDT']. Excluding to prevent false rollback verdict.
[POLICY_VALIDATION_CONTAMINATION] 1 inherited manual-close trade(s) excluded from policy validation \u2014 these positions were entered in a prior session and closed via MANUAL_CLOSE_SYNCED, not by the current strategy. Symbols: ['PEPEUSDT']. Excluding to prevent false rollback verdict.
[POLICY_VALIDATION_CONTAMINATION] 1 inherited manual-close trade(s) excluded from policy validation \u2014 these positions were entered in a prior session and closed via MANUAL_CLOSE_SYNCED, not by the current strategy. Symbols: ['PEPEUSDT']. Excluding to prevent false rollback verdict.
[POLICY_VALIDATION_CONTAMINATION] 1 inherited manual-close trade(s) excluded from policy validation \u2014 these positions were entered in a prior session and closed via MANUAL_CLOSE_SYNCED, not by the current strategy. Symbols: ['PEPEUSDT']. Excluding to prevent false rollback verdict.
[POLICY_VALIDATION_CONTAMINATION] 1 inherited manual-close trade(s) excluded from policy validation \u2014 these positions were entered in a prior session and closed via MANUAL_CLOSE_SYNCED, not by the current strategy. Symbols: ['PEPEUSDT']. Excluding to prevent false rollback verdict.
[POLICY_VALIDATION_CONTAMINATION] 1 inherited manual-close trade(s) excluded from policy validation \u2014 these positions were entered in a prior session and closed via MANUAL_CLOSE_SYNCED, not by the current strategy. Symbols: ['PEPEUSDT']. Excluding to prevent false rollback verdict.
[POLICY_VALIDATION_CONTAMINATION] 1 inherited manual-close trade(s) excluded from policy validation \u2014 these positions were entered in a prior session and closed via MANUAL_CLOSE_SYNCED, not by the current strategy. Symbols: ['PEPEUSDT']. Excluding to prevent false rollback verdict.
[POLICY_VALIDATION_CONTAMINATION] 1 inherited manual-close trade(s) excluded from policy validation \u2014 these positions were entered in a prior session and closed via MANUAL_CLOSE_SYNCED, not by the current strategy. Symbols: ['PEPEUSDT']. Excluding to prevent false rollback verdict.
[POLICY_VALIDATION_CONTAMINATION] 1 inherited manual-close trade(s) excluded from policy validation \u2014 these positions were entered in a prior session and closed via MANUAL_CLOSE_SYNCED, not by the current strategy. Symbols: ['PEPEUSDT']. Excluding to prevent false rollback verdict.
[POLICY_VALIDATION_CONTAMINATION] 1 inherited manual-close trade(s) excluded from policy validation \u2014 these positions were entered in a prior session and closed via MANUAL_CLOSE_SYNCED, not by the current strategy. Symbols: ['PEPEUSDT']. Excluding to prevent false rollback verdict.
[POLICY_VALIDATION_CONTAMINATION] 1 inherited manual-close trade(s) excluded from policy validation \u2014 these positions were entered in a prior session and closed via MANUAL_CLOSE_SYNCED, not by the current strategy. Symbols: ['PEPEUSDT']. Excluding to prevent false rollback verdict.
[POLICY_VALIDATION_CONTAMINATION] 1 inherited manual-close trade(s) excluded from policy validation \u2014 these positions were entered in a prior session and closed via MANUAL_CLOSE_SYNCED, not by the current strategy. Symbols: ['PEPEUSDT']. Excluding to prevent false rollback verdict.
[POLICY_VALIDATION_CONTAMINATION] 1 inherited manual-close trade(s) excluded from policy validation \u2014 these positions were entered in a prior session and closed via MANUAL_CLOSE_SYNCED, not by the current strategy. Symbols: ['PEPEUSDT']. Excluding to prevent false rollback verdict.
[POLICY_VALIDATION_CONTAMINATION] 1 inherited manual-close trade(s) excluded from policy validation \u2014 these positions were entered in a prior session and closed via MANUAL_CLOSE_SYNCED, not by the current strategy. Symbols: ['PEPEUSDT']. Excluding to prevent false rollback verdict.
[POLICY_VALIDATION_CONTAMINATION] 1 inherited manual-close trade(s) excluded from policy validation \u2014 these positions were entered in a prior session and closed via MANUAL_CLOSE_SYNCED, not by the current strategy. Symbols: ['PEPEUSDT']. Excluding to prevent false rollback verdict.
[POLICY_VALIDATION_CONTAMINATION] 1 inherited manual-close trade(s) excluded from policy validation \u2014 these positions were entered in a prior session and closed via MANUAL_CLOSE_SYNCED, not by the current strategy. Symbols: ['PEPEUSDT']. Excluding to prevent false rollback verdict.
[POLICY_VALIDATION_CONTAMINATION] 1 inherited manual-close trade(s) excluded from policy validation \u2014 these positions were entered in a prior session and closed via MANUAL_CLOSE_SYNCED, not by the current strategy. Symbols: ['PEPEUSDT']. Excluding to prevent false rollback verdict.
[POLICY_VALIDATION_CONTAMINATION] 1 inherited manual-close trade(s) excluded from policy validation \u2014 these positions were entered in a prior session and closed via MANUAL_CLOSE_SYNCED, not by the current strategy. Symbols: ['PEPEUSDT']. Excluding to prevent false rollback verdict.
[POLICY_VALIDATION_CONTAMINATION] 1 inherited manual-close trade(s) excluded from policy validation \u2014 these positions were entered in a prior session and closed via MANUAL_CLOSE_SYNCED, not by the current strategy. Symbols: ['PEPEUSDT']. Excluding to prevent false rollback verdict.
[POLICY_VALIDATION_CONTAMINATION] 1 inherited manual-close trade(s) excluded from policy validation \u2014 these positions were entered in a prior session and closed via MANUAL_CLOSE_SYNCED, not by the current strategy. Symbols: ['PEPEUSDT']. Excluding to prevent false rollback verdict.
[POLICY_VALIDATION_CONTAMINATION] 1 inherited manual-close trade(s) excluded from policy validation \u2014 these positions were entered in a prior session and closed via MANUAL_CLOSE_SYNCED, not by the current strategy. Symbols: ['PEPEUSDT']. Excluding to prevent false rollback verdict.
[POLICY_VALIDATION_CONTAMINATION] 1 inherited manual-close trade(s) excluded from policy validation \u2014 these positions were entered in a prior session and closed via MANUAL_CLOSE_SYNCED, not by the current strategy. Symbols: ['PEPEUSDT']. Excluding to prevent false rollback verdict.
[POLICY_VALIDATION_CONTAMINATION] 1 inherited manual-close trade(s) excluded from policy validation \u2014 these positions were entered in a prior session and closed via MANUAL_CLOSE_SYNCED, not by the current strategy. Symbols: ['PEPEUSDT']. Excluding to prevent false rollback verdict.
[POLICY_VALIDATION_CONTAMINATION] 1 inherited manual-close trade(s) excluded from policy validation \u2014 these positions were entered in a prior session and closed via MANUAL_CLOSE_SYNCED, not by the current strategy. Symbols: ['PEPEUSDT']. Excluding to prevent false rollback verdict.
[POLICY_VALIDATION_CONTAMINATION] 1 inherited manual-close trade(s) excluded from policy validation \u2014 these positions were entered in a prior session and closed via MANUAL_CLOSE_SYNCED, not by the current strategy. Symbols: ['PEPEUSDT']. Excluding to prevent false rollback verdict.
[POLICY_VALIDATION_CONTAMINATION] 1 inherited manual-close trade(s) excluded from policy validation \u2014 these positions were entered in a prior session and closed via MANUAL_CLOSE_SYNCED, not by the current strategy. Symbols: ['PEPEUSDT']. Excluding to prevent false rollback verdict.
[POLICY_VALIDATION_CONTAMINATION] 1 inherited manual-close trade(s) excluded from policy validation \u2014 these positions were entered in a prior session and closed via MANUAL_CLOSE_SYNCED, not by the current strategy. Symbols: ['PEPEUSDT']. Excluding to prevent false rollback verdict.
[POLICY_VALIDATION_CONTAMINATION] 1 inherited manual-close trade(s) excluded from policy validation \u2014 these positions were entered in a prior session and closed via MANUAL_CLOSE_SYNCED, not by the current strategy. Symbols: ['PEPEUSDT']. Excluding to prevent false rollback verdict.
[POLICY_VALIDATION_CONTAMINATION] 1 inherited manual-close trade(s) excluded from policy validation \u2014 these positions were entered in a prior session and closed via MANUAL_CLOSE_SYNCED, not by the current strategy. Symbols: ['PEPEUSDT']. Excluding to prevent false rollback verdict.
[POLICY_VALIDATION_CONTAMINATION] 1 inherited manual-close trade(s) excluded from policy validation \u2014 these positions were entered in a prior session and closed via MANUAL_CLOSE_SYNCED, not by the current strategy. Symbols: ['PEPEUSDT']. Excluding to prevent false rollback verdict.
[POLICY_VALIDATION_CONTAMINATION] 1 inherited manual-close trade(s) excluded from policy validation \u2014 these positions were entered in a prior session and closed via MANUAL_CLOSE_SYNCED, not by the current strategy. Symbols: ['PEPEUSDT']. Excluding to prevent false rollback verdict.
[POLICY_VALIDATION_CONTAMINATION] 1 inherited manual-close trade(s) excluded from policy validation \u2014 these positions were entered in a prior session and closed via MANUAL_CLOSE_SYNCED, not by the current strategy. Symbols: ['PEPEUSDT']. Excluding to prevent false rollback verdict.
[POLICY_VALIDATION_CONTAMINATION] 1 inherited manual-close trade(s) excluded from policy validation \u2014 these positions were entered in a prior session and closed via MANUAL_CLOSE_SYNCED, not by the current strategy. Symbols: ['PEPEUSDT']. Excluding to prevent false rollback verdict.
[POLICY_VALIDATION_CONTAMINATION] 1 inherited manual-close trade(s) excluded from policy validation \u2014 these positions were entered in a prior session and closed via MANUAL_CLOSE_SYNCED, not by the current strategy. Symbols: ['PEPEUSDT']. Excluding to prevent false rollback verdict.
[POLICY_VALIDATION_CONTAMINATION] 1 inherited manual-close trade(s) excluded from policy validation \u2014 these positions were entered in a prior session and closed via MANUAL_CLOSE_SYNCED, not by the current strategy. Symbols: ['PEPEUSDT']. Excluding to prevent false rollback verdict.
[POLICY_VALIDATION_CONTAMINATION] 1 inherited manual-close trade(s) excluded from policy validation \u2014 these positions were entered in a prior session and closed via MANUAL_CLOSE_SYNCED, not by the current strategy. Symbols: ['PEPEUSDT']. Excluding to prevent false rollback verdict.
[POLICY_VALIDATION_CONTAMINATION] 1 inherited manual-close trade(s) excluded from policy validation \u2014 these positions were entered in a prior session and closed via MANUAL_CLOSE_SYNCED, not by the current strategy. Symbols: ['PEPEUSDT']. Excluding to prevent false rollback verdict.
[POLICY_VALIDATION_CONTAMINATION] 1 inherited manual-close trade(s) excluded from policy validation \u2014 these positions were entered in a prior session and closed via MANUAL_CLOSE_SYNCED, not by the current strategy. Symbols: ['PEPEUSDT']. Excluding to prevent false rollback verdict.
[POLICY_VALIDATION_CONTAMINATION] 1 inherited manual-close trade(s) excluded from policy validation \u2014 these positions were entered in a prior session and closed via MANUAL_CLOSE_SYNCED, not by the current strategy. Symbols: ['PEPEUSDT']. Excluding to prevent false rollback verdict.
[POLICY_VALIDATION_CONTAMINATION] 1 inherited manual-close trade(s) excluded from policy validation \u2014 these positions were entered in a prior session and closed via MANUAL_CLOSE_SYNCED, not by the current strategy. Symbols: ['PEPEUSDT']. Excluding to prevent false rollback verdict.
[POLICY_VALIDATION_CONTAMINATION] 1 inherited manual-close trade(s) excluded from policy validation \u2014 these positions were entered in a prior session and closed via MANUAL_CLOSE_SYNCED, not by the current strategy. Symbols: ['PEPEUSDT']. Excluding to prevent false rollback verdict.
[POLICY_VALIDATION_CONTAMINATION] 1 inherited manual-close trade(s) excluded from policy validation \u2014 these positions were entered in a prior session and closed via MANUAL_CLOSE_SYNCED, not by the current strategy. Symbols: ['PEPEUSDT']. Excluding to prevent false rollback verdict.
[POLICY_VALIDATION_CONTAMINATION] 1 inherited manual-close trade(s) excluded from policy validation \u2014 these positions were entered in a prior session and closed via MANUAL_CLOSE_SYNCED, not by the current strategy. Symbols: ['PEPEUSDT']. Excluding to prevent false rollback verdict.
[POLICY_VALIDATION_CONTAMINATION] 1 inherited manual-close trade(s) excluded from policy validation \u2014 these positions were entered in a prior session and closed via MANUAL_CLOSE_SYNCED, not by the current strategy. Symbols: ['PEPEUSDT']. Excluding to prevent false rollback verdict.
[POLICY_VALIDATION_CONTAMINATION] 1 inherited manual-close trade(s) excluded from policy validation \u2014 these positions were entered in a prior session and closed via MANUAL_CLOSE_SYNCED, not by the current strategy. Symbols: ['PEPEUSDT']. Excluding to prevent false rollback verdict.
[POLICY_VALIDATION_CONTAMINATION] 1 inherited manual-close trade(s) excluded from policy validation \u2014 these positions were entered in a prior session and closed via MANUAL_CLOSE_SYNCED, not by the current strategy. Symbols: ['PEPEUSDT']. Excluding to prevent false rollback verdict.
[POLICY_VALIDATION_CONTAMINATION] 1 inherited manual-close trade(s) excluded from policy validation \u2014 these positions were entered in a prior session and closed via MANUAL_CLOSE_SYNCED, not by the current strategy. Symbols: ['PEPEUSDT']. Excluding to prevent false rollback verdict.
[POLICY_VALIDATION_CONTAMINATION] 1 inherited manual-close trade(s) excluded from policy validation \u2014 these positions were entered in a prior session and closed via MANUAL_CLOSE_SYNCED, not by the current strategy. Symbols: ['PEPEUSDT']. Excluding to prevent false rollback verdict.
[POLICY_VALIDATION_CONTAMINATION] 1 inherited manual-close trade(s) excluded from policy validation \u2014 these positions were entered in a prior session and closed via MANUAL_CLOSE_SYNCED, not by the current strategy. Symbols: ['PEPEUSDT']. Excluding to prevent false rollback verdict.
[POLICY_VALIDATION_CONTAMINATION] 1 inherited manual-close trade(s) excluded from policy validation \u2014 these positions were entered in a prior session and closed via MANUAL_CLOSE_SYNCED, not by the current strategy. Symbols: ['PEPEUSDT']. Excluding to prevent false rollback verdict.
[POLICY_VALIDATION_CONTAMINATION] 1 inherited manual-close trade(s) excluded from policy validation \u2014 these positions were entered in a prior session and closed via MANUAL_CLOSE_SYNCED, not by the current strategy. Symbols: ['PEPEUSDT']. Excluding to prevent false rollback verdict.
[POLICY_VALIDATION_CONTAMINATION] 1 inherited manual-close trade(s) excluded from policy validation \u2014 these positions were entered in a prior session and closed via MANUAL_CLOSE_SYNCED, not by the current strategy. Symbols: ['PEPEUSDT']. Excluding to prevent false rollback verdict.
[POLICY_VALIDATION_CONTAMINATION] 1 inherited manual-close trade(s) excluded from policy validation \u2014 these positions were entered in a prior session and closed via MANUAL_CLOSE_SYNCED, not by the current strategy. Symbols: ['PEPEUSDT']. Excluding to prevent false rollback verdict.
[POLICY_VALIDATION_CONTAMINATION] 1 inherited manual-close trade(s) excluded from policy validation \u2014 these positions were entered in a prior session and closed via MANUAL_CLOSE_SYNCED, not by the current strategy. Symbols: ['PEPEUSDT']. Excluding to prevent false rollback verdict.
[POLICY_VALIDATION_CONTAMINATION] 1 inherited manual-close trade(s) excluded from policy validation \u2014 these positions were entered in a prior session and closed via MANUAL_CLOSE_SYNCED, not by the current strategy. Symbols: ['PEPEUSDT']. Excluding to prevent false rollback verdict.
[POLICY_VALIDATION_CONTAMINATION] 1 inherited manual-close trade(s) excluded from policy validation \u2014 these positions were entered in a prior session and closed via MANUAL_CLOSE_SYNCED, not by the current strategy. Symbols: ['PEPEUSDT']. Excluding to prevent false rollback verdict.
[POLICY_VALIDATION_CONTAMINATION] 1 inherited manual-close trade(s) excluded from policy validation \u2014 these positions were entered in a prior session and closed via MANUAL_CLOSE_SYNCED, not by the current strategy. Symbols: ['PEPEUSDT']. Excluding to prevent false rollback verdict.
[POLICY_VALIDATION_CONTAMINATION] 1 inherited manual-close trade(s) excluded from policy validation \u2014 these positions were entered in a prior session and closed via MANUAL_CLOSE_SYNCED, not by the current strategy. Symbols: ['PEPEUSDT']. Excluding to prevent false rollback verdict.
[POLICY_VALIDATION_CONTAMINATION] 1 inherited manual-close trade(s) excluded from policy validation \u2014 these positions were entered in a prior session and closed via MANUAL_CLOSE_SYNCED, not by the current strategy. Symbols: ['PEPEUSDT']. Excluding to prevent false rollback verdict.
[POLICY_VALIDATION_CONTAMINATION] 1 inherited manual-close trade(s) excluded from policy validation \u2014 these positions were entered in a prior session and closed via MANUAL_CLOSE_SYNCED, not by the current strategy. Symbols: ['PEPEUSDT']. Excluding to prevent false rollback verdict.
[POLICY_VALIDATION_CONTAMINATION] 1 inherited manual-close trade(s) excluded from policy validation \u2014 these positions were entered in a prior session and closed via MANUAL_CLOSE_SYNCED, not by the current strategy. Symbols: ['PEPEUSDT']. Excluding to prevent false rollback verdict.
[POLICY_VALIDATION_CONTAMINATION] 1 inherited manual-close trade(s) excluded from policy validation \u2014 these positions were entered in a prior session and closed via MANUAL_CLOSE_SYNCED, not by the current strategy. Symbols: ['PEPEUSDT']. Excluding to prevent false rollback verdict.
[POLICY_VALIDATION_CONTAMINATION] 1 inherited manual-close trade(s) excluded from policy validation \u2014 these positions were entered in a prior session and closed via MANUAL_CLOSE_SYNCED, not by the current strategy. Symbols: ['PEPEUSDT']. Excluding to prevent false rollback verdict.
[POLICY_VALIDATION_CONTAMINATION] 1 inherited manual-close trade(s) excluded from policy validation \u2014 these positions were entered in a prior session and closed via MANUAL_CLOSE_SYNCED, not by the current strategy. Symbols: ['PEPEUSDT']. Excluding to prevent false rollback verdict.
[POLICY_VALIDATION_CONTAMINATION] 1 inherited manual-close trade(s) excluded from policy validation \u2014 these positions were entered in a prior session and closed via MANUAL_CLOSE_SYNCED, not by the current strategy. Symbols: ['PEPEUSDT']. Excluding to prevent false rollback verdict.
[POLICY_VALIDATION_CONTAMINATION] 1 inherited manual-close trade(s) excluded from policy validation \u2014 these positions were entered in a prior session and closed via MANUAL_CLOSE_SYNCED, not by the current strategy. Symbols: ['PEPEUSDT']. Excluding to prevent false rollback verdict.
[POLICY_VALIDATION_CONTAMINATION] 1 inherited manual-close trade(s) excluded from policy validation \u2014 these positions were entered in a prior session and closed via MANUAL_CLOSE_SYNCED, not by the current strategy. Symbols: ['PEPEUSDT']. Excluding to prevent false rollback verdict.
[POLICY_VALIDATION_CONTAMINATION] 1 inherited manual-close trade(s) excluded from policy validation \u2014 these positions were entered in a prior session and closed via MANUAL_CLOSE_SYNCED, not by the current strategy. Symbols: ['PEPEUSDT']. Excluding to prevent false rollback verdict.
[POLICY_VALIDATION_CONTAMINATION] 1 inherited manual-close trade(s) excluded from policy validation \u2014 these positions were entered in a prior session and closed via MANUAL_CLOSE_SYNCED, not by the current strategy. Symbols: ['PEPEUSDT']. Excluding to prevent false rollback verdict.
[POLICY_VALIDATION_CONTAMINATION] 1 inherited manual-close trade(s) excluded from policy validation \u2014 these positions were entered in a prior session and closed via MANUAL_CLOSE_SYNCED, not by the current strategy. Symbols: ['PEPEUSDT']. Excluding to prevent false rollback verdict.
[POLICY_VALIDATION_CONTAMINATION] 1 inherited manual-close trade(s) excluded from policy validation \u2014 these positions were entered in a prior session and closed via MANUAL_CLOSE_SYNCED, not by the current strategy. Symbols: ['PEPEUSDT']. Excluding to prevent false rollback verdict.
[POLICY_VALIDATION_CONTAMINATION] 1 inherited manual-close trade(s) excluded from policy validation \u2014 these positions were entered in a prior session and closed via MANUAL_CLOSE_SYNCED, not by the current strategy. Symbols: ['PEPEUSDT']. Excluding to prevent false rollback verdict.
[POLICY_VALIDATION_CONTAMINATION] 1 inherited manual-close trade(s) excluded from policy validation \u2014 these positions were entered in a prior session and closed via MANUAL_CLOSE_SYNCED, not by the current strategy. Symbols: ['PEPEUSDT']. Excluding to prevent false rollback verdict.
[POLICY_VALIDATION_CONTAMINATION] 1 inherited manual-close trade(s) excluded from policy validation \u2014 these positions were entered in a prior session and closed via MANUAL_CLOSE_SYNCED, not by the current strategy. Symbols: ['PEPEUSDT']. Excluding to prevent false rollback verdict.
[POLICY_VALIDATION_CONTAMINATION] 1 inherited manual-close trade(s) excluded from policy validation \u2014 these positions were entered in a prior session and closed via MANUAL_CLOSE_SYNCED, not by the current strategy. Symbols: ['PEPEUSDT']. Excluding to prevent false rollback verdict.
[POLICY_VALIDATION_CONTAMINATION] 1 inherited manual-close trade(s) excluded from policy validation \u2014 these positions were entered in a prior session and closed via MANUAL_CLOSE_SYNCED, not by the current strategy. Symbols: ['PEPEUSDT']. Excluding to prevent false rollback verdict.
[POLICY_VALIDATION_CONTAMINATION] 1 inherited manual-close trade(s) excluded from policy validation \u2014 these positions were entered in a prior session and closed via MANUAL_CLOSE_SYNCED, not by the current strategy. Symbols: ['PEPEUSDT']. Excluding to prevent false rollback verdict.
[POLICY_VALIDATION_CONTAMINATION] 1 inherited manual-close trade(s) excluded from policy validation \u2014 these positions were entered in a prior session and closed via MANUAL_CLOSE_SYNCED, not by the current strategy. Symbols: ['PEPEUSDT']. Excluding to prevent false rollback verdict.
[POLICY_VALIDATION_CONTAMINATION] 1 inherited manual-close trade(s) excluded from policy validation \u2014 these positions were entered in a prior session and closed via MANUAL_CLOSE_SYNCED, not by the current strategy. Symbols: ['PEPEUSDT']. Excluding to prevent false rollback verdict.
[POLICY_VALIDATION_CONTAMINATION] 1 inherited manual-close trade(s) excluded from policy validation \u2014 these positions were entered in a prior session and closed via MANUAL_CLOSE_SYNCED, not by the current strategy. Symbols: ['PEPEUSDT']. Excluding to prevent false rollback verdict.
[POLICY_VALIDATION_CONTAMINATION] 1 inherited manual-close trade(s) excluded from policy validation \u2014 these positions were entered in a prior session and closed via MANUAL_CLOSE_SYNCED, not by the current strategy. Symbols: ['PEPEUSDT']. Excluding to prevent false rollback verdict.
[POLICY_VALIDATION_CONTAMINATION] 1 inherited manual-close trade(s) excluded from policy validation \u2014 these positions were entered in a prior session and closed via MANUAL_CLOSE_SYNCED, not by the current strategy. Symbols: ['PEPEUSDT']. Excluding to prevent false rollback verdict.
[POLICY_VALIDATION_CONTAMINATION] 1 inherited manual-close trade(s) excluded from policy validation \u2014 these positions were entered in a prior session and closed via MANUAL_CLOSE_SYNCED, not by the current strategy. Symbols: ['PEPEUSDT']. Excluding to prevent false rollback verdict.
[POLICY_VALIDATION_CONTAMINATION] 1 inherited manual-close trade(s) excluded from policy validation \u2014 these positions were entered in a prior session and closed via MANUAL_CLOSE_SYNCED, not by the current strategy. Symbols: ['PEPEUSDT']. Excluding to prevent false rollback verdict.
[POLICY_VALIDATION_CONTAMINATION] 1 inherited manual-close trade(s) excluded from policy validation \u2014 these positions were entered in a prior session and closed via MANUAL_CLOSE_SYNCED, not by the current strategy. Symbols: ['PEPEUSDT']. Excluding to prevent false rollback verdict.
[POLICY_VALIDATION_CONTAMINATION] 1 inherited manual-close trade(s) excluded from policy validation \u2014 these positions were entered in a prior session and closed via MANUAL_CLOSE_SYNCED, not by the current strategy. Symbols: ['PEPEUSDT']. Excluding to prevent false rollback verdict.
[POLICY_VALIDATION_CONTAMINATION] 1 inherited manual-close trade(s) excluded from policy validation \u2014 these positions were entered in a prior session and closed via MANUAL_CLOSE_SYNCED, not by the current strategy. Symbols: ['PEPEUSDT']. Excluding to prevent false rollback verdict.
[POLICY_VALIDATION_CONTAMINATION] 1 inherited manual-close trade(s) excluded from policy validation \u2014 these positions were entered in a prior session and closed via MANUAL_CLOSE_SYNCED, not by the current strategy. Symbols: ['PEPEUSDT']. Excluding to prevent false rollback verdict.
[POLICY_VALIDATION_CONTAMINATION] 1 inherited manual-close trade(s) excluded from policy validation \u2014 these positions were entered in a prior session and closed via MANUAL_CLOSE_SYNCED, not by the current strategy. Symbols: ['PEPEUSDT']. Excluding to prevent false rollback verdict.
[POLICY_VALIDATION_CONTAMINATION] 1 inherited manual-close trade(s) excluded from policy validation \u2014 these positions were entered in a prior session and closed via MANUAL_CLOSE_SYNCED, not by the current strategy. Symbols: ['PEPEUSDT']. Excluding to prevent false rollback verdict.
[POLICY_VALIDATION_CONTAMINATION] 1 inherited manual-close trade(s) excluded from policy validation \u2014 these positions were entered in a prior session and closed via MANUAL_CLOSE_SYNCED, not by the current strategy. Symbols: ['PEPEUSDT']. Excluding to prevent false rollback verdict.
[POLICY_VALIDATION_CONTAMINATION] 1 inherited manual-close trade(s) excluded from policy validation \u2014 these positions were entered in a prior session and closed via MANUAL_CLOSE_SYNCED, not by the current strategy. Symbols: ['PEPEUSDT']. Excluding to prevent false rollback verdict.
[POLICY_VALIDATION_CONTAMINATION] 1 inherited manual-close trade(s) excluded from policy validation \u2014 these positions were entered in a prior session and closed via MANUAL_CLOSE_SYNCED, not by the current strategy. Symbols: ['PEPEUSDT']. Excluding to prevent false rollback verdict.
[POLICY_VALIDATION_CONTAMINATION] 1 inherited manual-close trade(s) excluded from policy validation \u2014 these positions were entered in a prior session and closed via MANUAL_CLOSE_SYNCED, not by the current strategy. Symbols: ['PEPEUSDT']. Excluding to prevent false rollback verdict.
[POLICY_VALIDATION_CONTAMINATION] 1 inherited manual-close trade(s) excluded from policy validation \u2014 these positions were entered in a prior session and closed via MANUAL_CLOSE_SYNCED, not by the current strategy. Symbols: ['PEPEUSDT']. Excluding to prevent false rollback verdict.
[POLICY_VALIDATION_CONTAMINATION] 1 inherited manual-close trade(s) excluded from policy validation \u2014 these positions were entered in a prior session and closed via MANUAL_CLOSE_SYNCED, not by the current strategy. Symbols: ['PEPEUSDT']. Excluding to prevent false rollback verdict.
[POLICY_VALIDATION_CONTAMINATION] 1 inherited manual-close trade(s) excluded from policy validation \u2014 these positions were entered in a prior session and closed via MANUAL_CLOSE_SYNCED, not by the current strategy. Symbols: ['PEPEUSDT']. Excluding to prevent false rollback verdict.
[POLICY_VALIDATION_CONTAMINATION] 1 inherited manual-close trade(s) excluded from policy validation \u2014 these positions were entered in a prior session and closed via MANUAL_CLOSE_SYNCED, not by the current strategy. Symbols: ['PEPEUSDT']. Excluding to prevent false rollback verdict.
[POLICY_VALIDATION_CONTAMINATION] 1 inherited manual-close trade(s) excluded from policy validation \u2014 these positions were entered in a prior session and closed via MANUAL_CLOSE_SYNCED, not by the current strategy. Symbols: ['PEPEUSDT']. Excluding to prevent false rollback verdict.
[POLICY_VALIDATION_CONTAMINATION] 1 inherited manual-close trade(s) excluded from policy validation \u2014 these positions were entered in a prior session and closed via MANUAL_CLOSE_SYNCED, not by the current strategy. Symbols: ['PEPEUSDT']. Excluding to prevent false rollback verdict.
[POLICY_VALIDATION_CONTAMINATION] 1 inherited manual-close trade(s) excluded from policy validation \u2014 these positions were entered in a prior session and closed via MANUAL_CLOSE_SYNCED, not by the current strategy. Symbols: ['PEPEUSDT']. Excluding to prevent false rollback verdict.
[POLICY_VALIDATION_CONTAMINATION] 1 inherited manual-close trade(s) excluded from policy validation \u2014 these positions were entered in a prior session and closed via MANUAL_CLOSE_SYNCED, not by the current strategy. Symbols: ['PEPEUSDT']. Excluding to prevent false rollback verdict.
[POLICY_VALIDATION_CONTAMINATION] 1 inherited manual-close trade(s) excluded from policy validation \u2014 these positions were entered in a prior session and closed via MANUAL_CLOSE_SYNCED, not by the current strategy. Symbols: ['PEPEUSDT']. Excluding to prevent false rollback verdict.
[POLICY_VALIDATION_CONTAMINATION] 1 inherited manual-close trade(s) excluded from policy validation \u2014 these positions were entered in a prior session and closed via MANUAL_CLOSE_SYNCED, not by the current strategy. Symbols: ['PEPEUSDT']. Excluding to prevent false rollback verdict.
[POLICY_VALIDATION_CONTAMINATION] 1 inherited manual-close trade(s) excluded from policy validation \u2014 these positions were entered in a prior session and closed via MANUAL_CLOSE_SYNCED, not by the current strategy. Symbols: ['PEPEUSDT']. Excluding to prevent false rollback verdict.
[POLICY_VALIDATION_CONTAMINATION] 1 inherited manual-close trade(s) excluded from policy validation \u2014 these positions were entered in a prior session and closed via MANUAL_CLOSE_SYNCED, not by the current strategy. Symbols: ['PEPEUSDT']. Excluding to prevent false rollback verdict.
[POLICY_VALIDATION_CONTAMINATION] 1 inherited manual-close trade(s) excluded from policy validation \u2014 these positions were entered in a prior session and closed via MANUAL_CLOSE_SYNCED, not by the current strategy. Symbols: ['PEPEUSDT']. Excluding to prevent false rollback verdict.
[POLICY_VALIDATION_CONTAMINATION] 1 inherited manual-close trade(s) excluded from policy validation \u2014 these positions were entered in a prior session and closed via MANUAL_CLOSE_SYNCED, not by the current strategy. Symbols: ['PEPEUSDT']. Excluding to prevent false rollback verdict.
[POLICY_VALIDATION_CONTAMINATION] 1 inherited manual-close trade(s) excluded from policy validation \u2014 these positions were entered in a prior session and closed via MANUAL_CLOSE_SYNCED, not by the current strategy. Symbols: ['PEPEUSDT']. Excluding to prevent false rollback verdict.
[POLICY_VALIDATION_CONTAMINATION] 1 inherited manual-close trade(s) excluded from policy validation \u2014 these positions were entered in a prior session and closed via MANUAL_CLOSE_SYNCED, not by the current strategy. Symbols: ['PEPEUSDT']. Excluding to prevent false rollback verdict.
[POLICY_VALIDATION_CONTAMINATION] 1 inherited manual-close trade(s) excluded from policy validation \u2014 these positions were entered in a prior session and closed via MANUAL_CLOSE_SYNCED, not by the current strategy. Symbols: ['PEPEUSDT']. Excluding to prevent false rollback verdict.
[POLICY_VALIDATION_CONTAMINATION] 1 inherited manual-close trade(s) excluded from policy validation \u2014 these positions were entered in a prior session and closed via MANUAL_CLOSE_SYNCED, not by the current strategy. Symbols: ['PEPEUSDT']. Excluding to prevent false rollback verdict.
[POLICY_VALIDATION_CONTAMINATION] 1 inherited manual-close trade(s) excluded from policy validation \u2014 these positions were entered in a prior session and closed via MANUAL_CLOSE_SYNCED, not by the current strategy. Symbols: ['PEPEUSDT']. Excluding to prevent false rollback verdict.
[POLICY_VALIDATION_CONTAMINATION] 1 inherited manual-close trade(s) excluded from policy validation \u2014 these positions were entered in a prior session and closed via MANUAL_CLOSE_SYNCED, not by the current strategy. Symbols: ['PEPEUSDT']. Excluding to prevent false rollback verdict.
[POLICY_VALIDATION_CONTAMINATION] 1 inherited manual-close trade(s) excluded from policy validation \u2014 these positions were entered in a prior session and closed via MANUAL_CLOSE_SYNCED, not by the current strategy. Symbols: ['PEPEUSDT']. Excluding to prevent false rollback verdict.
[POLICY_VALIDATION_CONTAMINATION] 1 inherited manual-close trade(s) excluded from policy validation \u2014 these positions were entered in a prior session and closed via MANUAL_CLOSE_SYNCED, not by the current strategy. Symbols: ['PEPEUSDT']. Excluding to prevent false rollback verdict.
[POLICY_VALIDATION_CONTAMINATION] 1 inherited manual-close trade(s) excluded from policy validation \u2014 these positions were entered in a prior session and closed via MANUAL_CLOSE_SYNCED, not by the current strategy. Symbols: ['PEPEUSDT']. Excluding to prevent false rollback verdict.
[POLICY_VALIDATION_CONTAMINATION] 1 inherited manual-close trade(s) excluded from policy validation \u2014 these positions were entered in a prior session and closed via MANUAL_CLOSE_SYNCED, not by the current strategy. Symbols: ['PEPEUSDT']. Excluding to prevent false rollback verdict.
[POLICY_VALIDATION_CONTAMINATION] 1 inherited manual-close trade(s) excluded from policy validation \u2014 these positions were entered in a prior session and closed via MANUAL_CLOSE_SYNCED, not by the current strategy. Symbols: ['PEPEUSDT']. Excluding to prevent false rollback verdict.
[POLICY_VALIDATION_CONTAMINATION] 1 inherited manual-close trade(s) excluded from policy validation \u2014 these positions were entered in a prior session and closed via MANUAL_CLOSE_SYNCED, not by the current strategy. Symbols: ['PEPEUSDT']. Excluding to prevent false rollback verdict.
[POLICY_VALIDATION_CONTAMINATION] 1 inherited manual-close trade(s) excluded from policy validation \u2014 these positions were entered in a prior session and closed via MANUAL_CLOSE_SYNCED, not by the current strategy. Symbols: ['PEPEUSDT']. Excluding to prevent false rollback verdict.
[POLICY_VALIDATION_CONTAMINATION] 1 inherited manual-close trade(s) excluded from policy validation \u2014 these positions were entered in a prior session and closed via MANUAL_CLOSE_SYNCED, not by the current strategy. Symbols: ['PEPEUSDT']. Excluding to prevent false rollback verdict.
[POLICY_VALIDATION_CONTAMINATION] 1 inherited manual-close trade(s) excluded from policy validation \u2014 these positions were entered in a prior session and closed via MANUAL_CLOSE_SYNCED, not by the current strategy. Symbols: ['PEPEUSDT']. Excluding to prevent false rollback verdict.
[POLICY_VALIDATION_CONTAMINATION] 1 inherited manual-close trade(s) excluded from policy validation \u2014 these positions were entered in a prior session and closed via MANUAL_CLOSE_SYNCED, not by the current strategy. Symbols: ['PEPEUSDT']. Excluding to prevent false rollback verdict.
[POLICY_VALIDATION_CONTAMINATION] 1 inherited manual-close trade(s) excluded from policy validation \u2014 these positions were entered in a prior session and closed via MANUAL_CLOSE_SYNCED, not by the current strategy. Symbols: ['PEPEUSDT']. Excluding to prevent false rollback verdict.
[POLICY_VALIDATION_CONTAMINATION] 1 inherited manual-close trade(s) excluded from policy validation \u2014 these positions were entered in a prior session and closed via MANUAL_CLOSE_SYNCED, not by the current strategy. Symbols: ['PEPEUSDT']. Excluding to prevent false rollback verdict.
[POLICY_VALIDATION_CONTAMINATION] 1 inherited manual-close trade(s) excluded from policy validation \u2014 these positions were entered in a prior session and closed via MANUAL_CLOSE_SYNCED, not by the current strategy. Symbols: ['PEPEUSDT']. Excluding to prevent false rollback verdict.
[POLICY_VALIDATION_CONTAMINATION] 1 inherited manual-close trade(s) excluded from policy validation \u2014 these positions were entered in a prior session and closed via MANUAL_CLOSE_SYNCED, not by the current strategy. Symbols: ['PEPEUSDT']. Excluding to prevent false rollback verdict.
[POLICY_VALIDATION_CONTAMINATION] 1 inherited manual-close trade(s) excluded from policy validation \u2014 these positions were entered in a prior session and closed via MANUAL_CLOSE_SYNCED, not by the current strategy. Symbols: ['PEPEUSDT']. Excluding to prevent false rollback verdict.
[POLICY_VALIDATION_CONTAMINATION] 1 inherited manual-close trade(s) excluded from policy validation \u2014 these positions were entered in a prior session and closed via MANUAL_CLOSE_SYNCED, not by the current strategy. Symbols: ['PEPEUSDT']. Excluding to prevent false rollback verdict.
[POLICY_VALIDATION_CONTAMINATION] 1 inherited manual-close trade(s) excluded from policy validation \u2014 these positions were entered in a prior session and closed via MANUAL_CLOSE_SYNCED, not by the current strategy. Symbols: ['PEPEUSDT']. Excluding to prevent false rollback verdict.
[POLICY_VALIDATION_CONTAMINATION] 1 inherited manual-close trade(s) excluded from policy validation \u2014 these positions were entered in a prior session and closed via MANUAL_CLOSE_SYNCED, not by the current strategy. Symbols: ['PEPEUSDT']. Excluding to prevent false rollback verdict.
[POLICY_VALIDATION_CONTAMINATION] 1 inherited manual-close trade(s) excluded from policy validation \u2014 these positions were entered in a prior session and closed via MANUAL_CLOSE_SYNCED, not by the current strategy. Symbols: ['PEPEUSDT']. Excluding to prevent false rollback verdict.
[POLICY_VALIDATION_CONTAMINATION] 1 inherited manual-close trade(s) excluded from policy validation \u2014 these positions were entered in a prior session and closed via MANUAL_CLOSE_SYNCED, not by the current strategy. Symbols: ['PEPEUSDT']. Excluding to prevent false rollback verdict.
[POLICY_VALIDATION_CONTAMINATION] 1 inherited manual-close trade(s) excluded from policy validation \u2014 these positions were entered in a prior session and closed via MANUAL_CLOSE_SYNCED, not by the current strategy. Symbols: ['PEPEUSDT']. Excluding to prevent false rollback verdict.
[POLICY_VALIDATION_CONTAMINATION] 1 inherited manual-close trade(s) excluded from policy validation \u2014 these positions were entered in a prior session and closed via MANUAL_CLOSE_SYNCED, not by the current strategy. Symbols: ['PEPEUSDT']. Excluding to prevent false rollback verdict.
[POLICY_VALIDATION_CONTAMINATION] 1 inherited manual-close trade(s) excluded from policy validation \u2014 these positions were entered in a prior session and closed via MANUAL_CLOSE_SYNCED, not by the current strategy. Symbols: ['PEPEUSDT']. Excluding to prevent false rollback verdict.
[POLICY_VALIDATION_CONTAMINATION] 1 inherited manual-close trade(s) excluded from policy validation \u2014 these positions were entered in a prior session and closed via MANUAL_CLOSE_SYNCED, not by the current strategy. Symbols: ['PEPEUSDT']. Excluding to prevent false rollback verdict.
[POLICY_VALIDATION_CONTAMINATION] 1 inherited manual-close trade(s) excluded from policy validation \u2014 these positions were entered in a prior session and closed via MANUAL_CLOSE_SYNCED, not by the current strategy. Symbols: ['PEPEUSDT']. Excluding to prevent false rollback verdict.
[POLICY_VALIDATION_CONTAMINATION] 1 inherited manual-close trade(s) excluded from policy validation \u2014 these positions were entered in a prior session and closed via MANUAL_CLOSE_SYNCED, not by the current strategy. Symbols: ['PEPEUSDT']. Excluding to prevent false rollback verdict.
[POLICY_VALIDATION_CONTAMINATION] 1 inherited manual-close trade(s) excluded from policy validation \u2014 these positions were entered in a prior session and closed via MANUAL_CLOSE_SYNCED, not by the current strategy. Symbols: ['PEPEUSDT']. Excluding to prevent false rollback verdict.
[POLICY_VALIDATION_CONTAMINATION] 1 inherited manual-close trade(s) excluded from policy validation \u2014 these positions were entered in a prior session and closed via MANUAL_CLOSE_SYNCED, not by the current strategy. Symbols: ['PEPEUSDT']. Excluding to prevent false rollback verdict.
[POLICY_VALIDATION_CONTAMINATION] 1 inherited manual-close trade(s) excluded from policy validation \u2014 these positions were entered in a prior session and closed via MANUAL_CLOSE_SYNCED, not by the current strategy. Symbols: ['PEPEUSDT']. Excluding to prevent false rollback verdict.
[POLICY_VALIDATION_CONTAMINATION] 1 inherited manual-close trade(s) excluded from policy validation \u2014 these positions were entered in a prior session and closed via MANUAL_CLOSE_SYNCED, not by the current strategy. Symbols: ['PEPEUSDT']. Excluding to prevent false rollback verdict.
[POLICY_VALIDATION_CONTAMINATION] 1 inherited manual-close trade(s) excluded from policy validation \u2014 these positions were entered in a prior session and closed via MANUAL_CLOSE_SYNCED, not by the current strategy. Symbols: ['PEPEUSDT']. Excluding to prevent false rollback verdict.
[POLICY_VALIDATION_CONTAMINATION] 1 inherited manual-close trade(s) excluded from policy validation \u2014 these positions were entered in a prior session and closed via MANUAL_CLOSE_SYNCED, not by the current strategy. Symbols: ['PEPEUSDT']. Excluding to prevent false rollback verdict.
[POLICY_VALIDATION_CONTAMINATION] 1 inherited manual-close trade(s) excluded from policy validation \u2014 these positions were entered in a prior session and closed via MANUAL_CLOSE_SYNCED, not by the current strategy. Symbols: ['PEPEUSDT']. Excluding to prevent false rollback verdict.
[POLICY_VALIDATION_CONTAMINATION] 1 inherited manual-close trade(s) excluded from policy validation \u2014 these positions were entered in a prior session and closed via MANUAL_CLOSE_SYNCED, not by the current strategy. Symbols: ['PEPEUSDT']. Excluding to prevent false rollback verdict.
[POLICY_VALIDATION_CONTAMINATION] 1 inherited manual-close trade(s) excluded from policy validation \u2014 these positions were entered in a prior session and closed via MANUAL_CLOSE_SYNCED, not by the current strategy. Symbols: ['PEPEUSDT']. Excluding to prevent false rollback verdict.
[POLICY_VALIDATION_CONTAMINATION] 1 inherited manual-close trade(s) excluded from policy validation \u2014 these positions were entered in a prior session and closed via MANUAL_CLOSE_SYNCED, not by the current strategy. Symbols: ['PEPEUSDT']. Excluding to prevent false rollback verdict.
[POLICY_VALIDATION_CONTAMINATION] 1 inherited manual-close trade(s) excluded from policy validation \u2014 these positions were entered in a prior session and closed via MANUAL_CLOSE_SYNCED, not by the current strategy. Symbols: ['PEPEUSDT']. Excluding to prevent false rollback verdict.
[POLICY_VALIDATION_CONTAMINATION] 1 inherited manual-close trade(s) excluded from policy validation \u2014 these positions were entered in a prior session and closed via MANUAL_CLOSE_SYNCED, not by the current strategy. Symbols: ['PEPEUSDT']. Excluding to prevent false rollback verdict.
[POLICY_VALIDATION_CONTAMINATION] 1 inherited manual-close trade(s) excluded from policy validation \u2014 these positions were entered in a prior session and closed via MANUAL_CLOSE_SYNCED, not by the current strategy. Symbols: ['PEPEUSDT']. Excluding to prevent false rollback verdict.
[POLICY_VALIDATION_CONTAMINATION] 1 inherited manual-close trade(s) excluded from policy validation \u2014 these positions were entered in a prior session and closed via MANUAL_CLOSE_SYNCED, not by the current strategy. Symbols: ['PEPEUSDT']. Excluding to prevent false rollback verdict.
[POLICY_VALIDATION_CONTAMINATION] 1 inherited manual-close trade(s) excluded from policy validation \u2014 these positions were entered in a prior session and closed via MANUAL_CLOSE_SYNCED, not by the current strategy. Symbols: ['PEPEUSDT']. Excluding to prevent false rollback verdict.
[POLICY_VALIDATION_CONTAMINATION] 1 inherited manual-close trade(s) excluded from policy validation \u2014 these positions were entered in a prior session and closed via MANUAL_CLOSE_SYNCED, not by the current strategy. Symbols: ['PEPEUSDT']. Excluding to prevent false rollback verdict.
[POLICY_VALIDATION_CONTAMINATION] 1 inherited manual-close trade(s) excluded from policy validation \u2014 these positions were entered in a prior session and closed via MANUAL_CLOSE_SYNCED, not by the current strategy. Symbols: ['PEPEUSDT']. Excluding to prevent false rollback verdict.
[POLICY_VALIDATION_CONTAMINATION] 1 inherited manual-close trade(s) excluded from policy validation \u2014 these positions were entered in a prior session and closed via MANUAL_CLOSE_SYNCED, not by the current strategy. Symbols: ['PEPEUSDT']. Excluding to prevent false rollback verdict.
[POLICY_VALIDATION_CONTAMINATION] 1 inherited manual-close trade(s) excluded from policy validation \u2014 these positions were entered in a prior session and closed via MANUAL_CLOSE_SYNCED, not by the current strategy. Symbols: ['PEPEUSDT']. Excluding to prevent false rollback verdict.
[POLICY_VALIDATION_CONTAMINATION] 1 inherited manual-close trade(s) excluded from policy validation \u2014 these positions were entered in a prior session and closed via MANUAL_CLOSE_SYNCED, not by the current strategy. Symbols: ['PEPEUSDT']. Excluding to prevent false rollback verdict.
[POLICY_VALIDATION_CONTAMINATION] 1 inherited manual-close trade(s) excluded from policy validation \u2014 these positions were entered in a prior session and closed via MANUAL_CLOSE_SYNCED, not by the current strategy. Symbols: ['PEPEUSDT']. Excluding to prevent false rollback verdict.
[POLICY_VALIDATION_CONTAMINATION] 1 inherited manual-close trade(s) excluded from policy validation \u2014 these positions were entered in a prior session and closed via MANUAL_CLOSE_SYNCED, not by the current strategy. Symbols: ['PEPEUSDT']. Excluding to prevent false rollback verdict.
[POLICY_VALIDATION_CONTAMINATION] 1 inherited manual-close trade(s) excluded from policy validation \u2014 these positions were entered in a prior session and closed via MANUAL_CLOSE_SYNCED, not by the current strategy. Symbols: ['PEPEUSDT']. Excluding to prevent false rollback verdict.
[POLICY_VALIDATION_CONTAMINATION] 1 inherited manual-close trade(s) excluded from policy validation \u2014 these positions were entered in a prior session and closed via MANUAL_CLOSE_SYNCED, not by the current strategy. Symbols: ['PEPEUSDT']. Excluding to prevent false rollback verdict.
[POLICY_VALIDATION_CONTAMINATION] 1 inherited manual-close trade(s) excluded from policy validation \u2014 these positions were entered in a prior session and closed via MANUAL_CLOSE_SYNCED, not by the current strategy. Symbols: ['PEPEUSDT']. Excluding to prevent false rollback verdict.
[POLICY_VALIDATION_CONTAMINATION] 1 inherited manual-close trade(s) excluded from policy validation \u2014 these positions were entered in a prior session and closed via MANUAL_CLOSE_SYNCED, not by the current strategy. Symbols: ['PEPEUSDT']. Excluding to prevent false rollback verdict.
[POLICY_VALIDATION_CONTAMINATION] 1 inherited manual-close trade(s) excluded from policy validation \u2014 these positions were entered in a prior session and closed via MANUAL_CLOSE_SYNCED, not by the current strategy. Symbols: ['PEPEUSDT']. Excluding to prevent false rollback verdict.
[POLICY_VALIDATION_CONTAMINATION] 1 inherited manual-close trade(s) excluded from policy validation \u2014 these positions were entered in a prior session and closed via MANUAL_CLOSE_SYNCED, not by the current strategy. Symbols: ['PEPEUSDT']. Excluding to prevent false rollback verdict.
[POLICY_VALIDATION_CONTAMINATION] 1 inherited manual-close trade(s) excluded from policy validation \u2014 these positions were entered in a prior session and closed via MANUAL_CLOSE_SYNCED, not by the current strategy. Symbols: ['PEPEUSDT']. Excluding to prevent false rollback verdict.
[POLICY_VALIDATION_CONTAMINATION] 1 inherited manual-close trade(s) excluded from policy validation \u2014 these positions were entered in a prior session and closed via MANUAL_CLOSE_SYNCED, not by the current strategy. Symbols: ['PEPEUSDT']. Excluding to prevent false rollback verdict.
[POLICY_VALIDATION_CONTAMINATION] 1 inherited manual-close trade(s) excluded from policy validation \u2014 these positions were entered in a prior session and closed via MANUAL_CLOSE_SYNCED, not by the current strategy. Symbols: ['PEPEUSDT']. Excluding to prevent false rollback verdict.
[POLICY_VALIDATION_CONTAMINATION] 1 inherited manual-close trade(s) excluded from policy validation \u2014 these positions were entered in a prior session and closed via MANUAL_CLOSE_SYNCED, not by the current strategy. Symbols: ['PEPEUSDT']. Excluding to prevent false rollback verdict.
[POLICY_VALIDATION_CONTAMINATION] 1 inherited manual-close trade(s) excluded from policy validation \u2014 these positions were entered in a prior session and closed via MANUAL_CLOSE_SYNCED, not by the current strategy. Symbols: ['PEPEUSDT']. Excluding to prevent false rollback verdict.
[POLICY_VALIDATION_CONTAMINATION] 1 inherited manual-close trade(s) excluded from policy validation \u2014 these positions were entered in a prior session and closed via MANUAL_CLOSE_SYNCED, not by the current strategy. Symbols: ['PEPEUSDT']. Excluding to prevent false rollback verdict.
[POLICY_VALIDATION_CONTAMINATION] 1 inherited manual-close trade(s) excluded from policy validation \u2014 these positions were entered in a prior session and closed via MANUAL_CLOSE_SYNCED, not by the current strategy. Symbols: ['PEPEUSDT']. Excluding to prevent false rollback verdict.
[POLICY_VALIDATION_CONTAMINATION] 1 inherited manual-close trade(s) excluded from policy validation \u2014 these positions were entered in a prior session and closed via MANUAL_CLOSE_SYNCED, not by the current strategy. Symbols: ['PEPEUSDT']. Excluding to prevent false rollback verdict.
[POLICY_VALIDATION_CONTAMINATION] 1 inherited manual-close trade(s) excluded from policy validation \u2014 these positions were entered in a prior session and closed via MANUAL_CLOSE_SYNCED, not by the current strategy. Symbols: ['PEPEUSDT']. Excluding to prevent false rollback verdict.
[POLICY_VALIDATION_CONTAMINATION] 1 inherited manual-close trade(s) excluded from policy validation \u2014 these positions were entered in a prior session and closed via MANUAL_CLOSE_SYNCED, not by the current strategy. Symbols: ['PEPEUSDT']. Excluding to prevent false rollback verdict.
[POLICY_VALIDATION_CONTAMINATION] 1 inherited manual-close trade(s) excluded from policy validation \u2014 these positions were entered in a prior session and closed via MANUAL_CLOSE_SYNCED, not by the current strategy. Symbols: ['PEPEUSDT']. Excluding to prevent false rollback verdict.
[POLICY_VALIDATION_CONTAMINATION] 1 inherited manual-close trade(s) excluded from policy validation \u2014 these positions were entered in a prior session and closed via MANUAL_CLOSE_SYNCED, not by the current strategy. Symbols: ['PEPEUSDT']. Excluding to prevent false rollback verdict.
[POLICY_VALIDATION_CONTAMINATION] 1 inherited manual-close trade(s) excluded from policy validation \u2014 these positions were entered in a prior session and closed via MANUAL_CLOSE_SYNCED, not by the current strategy. Symbols: ['PEPEUSDT']. Excluding to prevent false rollback verdict.
[POLICY_VALIDATION_CONTAMINATION] 1 inherited manual-close trade(s) excluded from policy validation \u2014 these positions were entered in a prior session and closed via MANUAL_CLOSE_SYNCED, not by the current strategy. Symbols: ['PEPEUSDT']. Excluding to prevent false rollback verdict.
[POLICY_VALIDATION_CONTAMINATION] 1 inherited manual-close trade(s) excluded from policy validation \u2014 these positions were entered in a prior session and closed via MANUAL_CLOSE_SYNCED, not by the current strategy. Symbols: ['PEPEUSDT']. Excluding to prevent false rollback verdict.
[POLICY_VALIDATION_CONTAMINATION] 1 inherited manual-close trade(s) excluded from policy validation \u2014 these positions were entered in a prior session and closed via MANUAL_CLOSE_SYNCED, not by the current strategy. Symbols: ['PEPEUSDT']. Excluding to prevent false rollback verdict.
[POLICY_VALIDATION_CONTAMINATION] 1 inherited manual-close trade(s) excluded from policy validation \u2014 these positions were entered in a prior session and closed via MANUAL_CLOSE_SYNCED, not by the current strategy. Symbols: ['PEPEUSDT']. Excluding to prevent false rollback verdict.
[POLICY_VALIDATION_CONTAMINATION] 1 inherited manual-close trade(s) excluded from policy validation \u2014 these positions were entered in a prior session and closed via MANUAL_CLOSE_SYNCED, not by the current strategy. Symbols: ['PEPEUSDT']. Excluding to prevent false rollback verdict.
[POLICY_VALIDATION_CONTAMINATION] 1 inherited manual-close trade(s) excluded from policy validation \u2014 these positions were entered in a prior session and closed via MANUAL_CLOSE_SYNCED, not by the current strategy. Symbols: ['PEPEUSDT']. Excluding to prevent false rollback verdict.
[POLICY_VALIDATION_CONTAMINATION] 1 inherited manual-close trade(s) excluded from policy validation \u2014 these positions were entered in a prior session and closed via MANUAL_CLOSE_SYNCED, not by the current strategy. Symbols: ['PEPEUSDT']. Excluding to prevent false rollback verdict.
[POLICY_VALIDATION_CONTAMINATION] 1 inherited manual-close trade(s) excluded from policy validation \u2014 these positions were entered in a prior session and closed via MANUAL_CLOSE_SYNCED, not by the current strategy. Symbols: ['PEPEUSDT']. Excluding to prevent false rollback verdict.
[POLICY_VALIDATION_CONTAMINATION] 1 inherited manual-close trade(s) excluded from policy validation \u2014 these positions were entered in a prior session and closed via MANUAL_CLOSE_SYNCED, not by the current strategy. Symbols: ['PEPEUSDT']. Excluding to prevent false rollback verdict.
[POLICY_VALIDATION_CONTAMINATION] 1 inherited manual-close trade(s) excluded from policy validation \u2014 these positions were entered in a prior session and closed via MANUAL_CLOSE_SYNCED, not by the current strategy. Symbols: ['PEPEUSDT']. Excluding to prevent false rollback verdict.
[POLICY_VALIDATION_CONTAMINATION] 1 inherited manual-close trade(s) excluded from policy validation \u2014 these positions were entered in a prior session and closed via MANUAL_CLOSE_SYNCED, not by the current strategy. Symbols: ['PEPEUSDT']. Excluding to prevent false rollback verdict.
[POLICY_VALIDATION_CONTAMINATION] 1 inherited manual-close trade(s) excluded from policy validation \u2014 these positions were entered in a prior session and closed via MANUAL_CLOSE_SYNCED, not by the current strategy. Symbols: ['PEPEUSDT']. Excluding to prevent false rollback verdict.
[POLICY_VALIDATION_CONTAMINATION] 1 inherited manual-close trade(s) excluded from policy validation \u2014 these positions were entered in a prior session and closed via MANUAL_CLOSE_SYNCED, not by the current strategy. Symbols: ['PEPEUSDT']. Excluding to prevent false rollback verdict.
[POLICY_VALIDATION_CONTAMINATION] 1 inherited manual-close trade(s) excluded from policy validation \u2014 these positions were entered in a prior session and closed via MANUAL_CLOSE_SYNCED, not by the current strategy. Symbols: ['PEPEUSDT']. Excluding to prevent false rollback verdict.
[POLICY_VALIDATION_CONTAMINATION] 1 inherited manual-close trade(s) excluded from policy validation \u2014 these positions were entered in a prior session and closed via MANUAL_CLOSE_SYNCED, not by the current strategy. Symbols: ['PEPEUSDT']. Excluding to prevent false rollback verdict.
[POLICY_VALIDATION_CONTAMINATION] 1 inherited manual-close trade(s) excluded from policy validation \u2014 these positions were entered in a prior session and closed via MANUAL_CLOSE_SYNCED, not by the current strategy. Symbols: ['PEPEUSDT']. Excluding to prevent false rollback verdict.
[POLICY_VALIDATION_CONTAMINATION] 1 inherited manual-close trade(s) excluded from policy validation \u2014 these positions were entered in a prior session and closed via MANUAL_CLOSE_SYNCED, not by the current strategy. Symbols: ['PEPEUSDT']. Excluding to prevent false rollback verdict.
[POLICY_VALIDATION_CONTAMINATION] 1 inherited manual-close trade(s) excluded from policy validation \u2014 these positions were entered in a prior session and closed via MANUAL_CLOSE_SYNCED, not by the current strategy. Symbols: ['PEPEUSDT']. Excluding to prevent false rollback verdict.
[POLICY_VALIDATION_CONTAMINATION] 1 inherited manual-close trade(s) excluded from policy validation \u2014 these positions were entered in a prior session and closed via MANUAL_CLOSE_SYNCED, not by the current strategy. Symbols: ['PEPEUSDT']. Excluding to prevent false rollback verdict.
[POLICY_VALIDATION_CONTAMINATION] 1 inherited manual-close trade(s) excluded from policy validation \u2014 these positions were entered in a prior session and closed via MANUAL_CLOSE_SYNCED, not by the current strategy. Symbols: ['PEPEUSDT']. Excluding to prevent false rollback verdict.
[POLICY_VALIDATION_CONTAMINATION] 1 inherited manual-close trade(s) excluded from policy validation \u2014 these positions were entered in a prior session and closed via MANUAL_CLOSE_SYNCED, not by the current strategy. Symbols: ['PEPEUSDT']. Excluding to prevent false rollback verdict.
[POLICY_VALIDATION_CONTAMINATION] 1 inherited manual-close trade(s) excluded from policy validation \u2014 these positions were entered in a prior session and closed via MANUAL_CLOSE_SYNCED, not by the current strategy. Symbols: ['PEPEUSDT']. Excluding to prevent false rollback verdict.
[POLICY_VALIDATION_CONTAMINATION] 1 inherited manual-close trade(s) excluded from policy validation \u2014 these positions were entered in a prior session and closed via MANUAL_CLOSE_SYNCED, not by the current strategy. Symbols: ['PEPEUSDT']. Excluding to prevent false rollback verdict.
[POLICY_VALIDATION_CONTAMINATION] 1 inherited manual-close trade(s) excluded from policy validation \u2014 these positions were entered in a prior session and closed via MANUAL_CLOSE_SYNCED, not by the current strategy. Symbols: ['PEPEUSDT']. Excluding to prevent false rollback verdict.
[POLICY_VALIDATION_CONTAMINATION] 1 inherited manual-close trade(s) excluded from policy validation \u2014 these positions were entered in a prior session and closed via MANUAL_CLOSE_SYNCED, not by the current strategy. Symbols: ['PEPEUSDT']. Excluding to prevent false rollback verdict.
[POLICY_VALIDATION_CONTAMINATION] 1 inherited manual-close trade(s) excluded from policy validation \u2014 these positions were entered in a prior session and closed via MANUAL_CLOSE_SYNCED, not by the current strategy. Symbols: ['PEPEUSDT']. Excluding to prevent false rollback verdict.
[POLICY_VALIDATION_CONTAMINATION] 1 inherited manual-close trade(s) excluded from policy validation \u2014 these positions were entered in a prior session and closed via MANUAL_CLOSE_SYNCED, not by the current strategy. Symbols: ['PEPEUSDT']. Excluding to prevent false rollback verdict.
[POLICY_VALIDATION_CONTAMINATION] 1 inherited manual-close trade(s) excluded from policy validation \u2014 these positions were entered in a prior session and closed via MANUAL_CLOSE_SYNCED, not by the current strategy. Symbols: ['PEPEUSDT']. Excluding to prevent false rollback verdict.
[POLICY_VALIDATION_CONTAMINATION] 1 inherited manual-close trade(s) excluded from policy validation \u2014 these positions were entered in a prior session and closed via MANUAL_CLOSE_SYNCED, not by the current strategy. Symbols: ['PEPEUSDT']. Excluding to prevent false rollback verdict.
[POLICY_VALIDATION_CONTAMINATION] 1 inherited manual-close trade(s) excluded from policy validation \u2014 these positions were entered in a prior session and closed via MANUAL_CLOSE_SYNCED, not by the current strategy. Symbols: ['PEPEUSDT']. Excluding to prevent false rollback verdict.
[POLICY_VALIDATION_CONTAMINATION] 1 inherited manual-close trade(s) excluded from policy validation \u2014 these positions were entered in a prior session and closed via MANUAL_CLOSE_SYNCED, not by the current strategy. Symbols: ['PEPEUSDT']. Excluding to prevent false rollback verdict.
[POLICY_VALIDATION_CONTAMINATION] 1 inherited manual-close trade(s) excluded from policy validation \u2014 these positions were entered in a prior session and closed via MANUAL_CLOSE_SYNCED, not by the current strategy. Symbols: ['PEPEUSDT']. Excluding to prevent false rollback verdict.
[POLICY_VALIDATION_CONTAMINATION] 1 inherited manual-close trade(s) excluded from policy validation \u2014 these positions were entered in a prior session and closed via MANUAL_CLOSE_SYNCED, not by the current strategy. Symbols: ['PEPEUSDT']. Excluding to prevent false rollback verdict.
[POLICY_VALIDATION_CONTAMINATION] 1 inherited manual-close trade(s) excluded from policy validation \u2014 these positions were entered in a prior session and closed via MANUAL_CLOSE_SYNCED, not by the current strategy. Symbols: ['PEPEUSDT']. Excluding to prevent false rollback verdict.
[POLICY_VALIDATION_CONTAMINATION] 1 inherited manual-close trade(s) excluded from policy validation \u2014 these positions were entered in a prior session and closed via MANUAL_CLOSE_SYNCED, not by the current strategy. Symbols: ['PEPEUSDT']. Excluding to prevent false rollback verdict.
[POLICY_VALIDATION_CONTAMINATION] 1 inherited manual-close trade(s) excluded from policy validation \u2014 these positions were entered in a prior session and closed via MANUAL_CLOSE_SYNCED, not by the current strategy. Symbols: ['PEPEUSDT']. Excluding to prevent false rollback verdict.
[POLICY_VALIDATION_CONTAMINATION] 1 inherited manual-close trade(s) excluded from policy validation \u2014 these positions were entered in a prior session and closed via MANUAL_CLOSE_SYNCED, not by the current strategy. Symbols: ['PEPEUSDT']. Excluding to prevent false rollback verdict.
[POLICY_VALIDATION_CONTAMINATION] 1 inherited manual-close trade(s) excluded from policy validation \u2014 these positions were entered in a prior session and closed via MANUAL_CLOSE_SYNCED, not by the current strategy. Symbols: ['PEPEUSDT']. Excluding to prevent false rollback verdict.
[POLICY_VALIDATION_CONTAMINATION] 1 inherited manual-close trade(s) excluded from policy validation \u2014 these positions were entered in a prior session and closed via MANUAL_CLOSE_SYNCED, not by the current strategy. Symbols: ['PEPEUSDT']. Excluding to prevent false rollback verdict.
[POLICY_VALIDATION_CONTAMINATION] 1 inherited manual-close trade(s) excluded from policy validation \u2014 these positions were entered in a prior session and closed via MANUAL_CLOSE_SYNCED, not by the current strategy. Symbols: ['PEPEUSDT']. Excluding to prevent false rollback verdict.
[POLICY_VALIDATION_CONTAMINATION] 1 inherited manual-close trade(s) excluded from policy validation \u2014 these positions were entered in a prior session and closed via MANUAL_CLOSE_SYNCED, not by the current strategy. Symbols: ['PEPEUSDT']. Excluding to prevent false rollback verdict.
[POLICY_VALIDATION_CONTAMINATION] 1 inherited manual-close trade(s) excluded from policy validation \u2014 these positions were entered in a prior session and closed via MANUAL_CLOSE_SYNCED, not by the current strategy. Symbols: ['PEPEUSDT']. Excluding to prevent false rollback verdict.
[POLICY_VALIDATION_CONTAMINATION] 1 inherited manual-close trade(s) excluded from policy validation \u2014 these positions were entered in a prior session and closed via MANUAL_CLOSE_SYNCED, not by the current strategy. Symbols: ['PEPEUSDT']. Excluding to prevent false rollback verdict.
[POLICY_VALIDATION_CONTAMINATION] 1 inherited manual-close trade(s) excluded from policy validation \u2014 these positions were entered in a prior session and closed via MANUAL_CLOSE_SYNCED, not by the current strategy. Symbols: ['PEPEUSDT']. Excluding to prevent false rollback verdict.
[POLICY_VALIDATION_CONTAMINATION] 1 inherited manual-close trade(s) excluded from policy validation \u2014 these positions were entered in a prior session and closed via MANUAL_CLOSE_SYNCED, not by the current strategy. Symbols: ['PEPEUSDT']. Excluding to prevent false rollback verdict.
[POLICY_VALIDATION_CONTAMINATION] 1 inherited manual-close trade(s) excluded from policy validation \u2014 these positions were entered in a prior session and closed via MANUAL_CLOSE_SYNCED, not by the current strategy. Symbols: ['PEPEUSDT']. Excluding to prevent false rollback verdict.
[POLICY_VALIDATION_CONTAMINATION] 1 inherited manual-close trade(s) excluded from policy validation \u2014 these positions were entered in a prior session and closed via MANUAL_CLOSE_SYNCED, not by the current strategy. Symbols: ['PEPEUSDT']. Excluding to prevent false rollback verdict.
[POLICY_VALIDATION_CONTAMINATION] 1 inherited manual-close trade(s) excluded from policy validation \u2014 these positions were entered in a prior session and closed via MANUAL_CLOSE_SYNCED, not by the current strategy. Symbols: ['PEPEUSDT']. Excluding to prevent false rollback verdict.
[POLICY_VALIDATION_CONTAMINATION] 1 inherited manual-close trade(s) excluded from policy validation \u2014 these positions were entered in a prior session and closed via MANUAL_CLOSE_SYNCED, not by the current strategy. Symbols: ['PEPEUSDT']. Excluding to prevent false rollback verdict.
[POLICY_VALIDATION_CONTAMINATION] 1 inherited manual-close trade(s) excluded from policy validation \u2014 these positions were entered in a prior session and closed via MANUAL_CLOSE_SYNCED, not by the current strategy. Symbols: ['PEPEUSDT']. Excluding to prevent false rollback verdict.
[POLICY_VALIDATION_CONTAMINATION] 1 inherited manual-close trade(s) excluded from policy validation \u2014 these positions were entered in a prior session and closed via MANUAL_CLOSE_SYNCED, not by the current strategy. Symbols: ['PEPEUSDT']. Excluding to prevent false rollback verdict.
[POLICY_VALIDATION_CONTAMINATION] 1 inherited manual-close trade(s) excluded from policy validation \u2014 these positions were entered in a prior session and closed via MANUAL_CLOSE_SYNCED, not by the current strategy. Symbols: ['PEPEUSDT']. Excluding to prevent false rollback verdict.
[POLICY_VALIDATION_CONTAMINATION] 1 inherited manual-close trade(s) excluded from policy validation \u2014 these positions were entered in a prior session and closed via MANUAL_CLOSE_SYNCED, not by the current strategy. Symbols: ['PEPEUSDT']. Excluding to prevent false rollback verdict.
[POLICY_VALIDATION_CONTAMINATION] 1 inherited manual-close trade(s) excluded from policy validation \u2014 these positions were entered in a prior session and closed via MANUAL_CLOSE_SYNCED, not by the current strategy. Symbols: ['PEPEUSDT']. Excluding to prevent false rollback verdict.
[POLICY_VALIDATION_CONTAMINATION] 1 inherited manual-close trade(s) excluded from policy validation \u2014 these positions were entered in a prior session and closed via MANUAL_CLOSE_SYNCED, not by the current strategy. Symbols: ['PEPEUSDT']. Excluding to prevent false rollback verdict.
[POLICY_VALIDATION_CONTAMINATION] 1 inherited manual-close trade(s) excluded from policy validation \u2014 these positions were entered in a prior session and closed via MANUAL_CLOSE_SYNCED, not by the current strategy. Symbols: ['PEPEUSDT']. Excluding to prevent false rollback verdict.
[POLICY_VALIDATION_CONTAMINATION] 1 inherited manual-close trade(s) excluded from policy validation \u2014 these positions were entered in a prior session and closed via MANUAL_CLOSE_SYNCED, not by the current strategy. Symbols: ['PEPEUSDT']. Excluding to prevent false rollback verdict.
[POLICY_VALIDATION_CONTAMINATION] 1 inherited manual-close trade(s) excluded from policy validation \u2014 these positions were entered in a prior session and closed via MANUAL_CLOSE_SYNCED, not by the current strategy. Symbols: ['PEPEUSDT']. Excluding to prevent false rollback verdict.
[POLICY_VALIDATION_CONTAMINATION] 1 inherited manual-close trade(s) excluded from policy validation \u2014 these positions were entered in a prior session and closed via MANUAL_CLOSE_SYNCED, not by the current strategy. Symbols: ['PEPEUSDT']. Excluding to prevent false rollback verdict.
[POLICY_VALIDATION_CONTAMINATION] 1 inherited manual-close trade(s) excluded from policy validation \u2014 these positions were entered in a prior session and closed via MANUAL_CLOSE_SYNCED, not by the current strategy. Symbols: ['PEPEUSDT']. Excluding to prevent false rollback verdict.
[POLICY_VALIDATION_CONTAMINATION] 1 inherited manual-close trade(s) excluded from policy validation \u2014 these positions were entered in a prior session and closed via MANUAL_CLOSE_SYNCED, not by the current strategy. Symbols: ['PEPEUSDT']. Excluding to prevent false rollback verdict.
[POLICY_VALIDATION_CONTAMINATION] 1 inherited manual-close trade(s) excluded from policy validation \u2014 these positions were entered in a prior session and closed via MANUAL_CLOSE_SYNCED, not by the current strategy. Symbols: ['PEPEUSDT']. Excluding to prevent false rollback verdict.
[POLICY_VALIDATION_CONTAMINATION] 1 inherited manual-close trade(s) excluded from policy validation \u2014 these positions were entered in a prior session and closed via MANUAL_CLOSE_SYNCED, not by the current strategy. Symbols: ['PEPEUSDT']. Excluding to prevent false rollback verdict.
[POLICY_VALIDATION_CONTAMINATION] 1 inherited manual-close trade(s) excluded from policy validation \u2014 these positions were entered in a prior session and closed via MANUAL_CLOSE_SYNCED, not by the current strategy. Symbols: ['PEPEUSDT']. Excluding to prevent false rollback verdict.
[POLICY_VALIDATION_CONTAMINATION] 1 inherited manual-close trade(s) excluded from policy validation \u2014 these positions were entered in a prior session and closed via MANUAL_CLOSE_SYNCED, not by the current strategy. Symbols: ['PEPEUSDT']. Excluding to prevent false rollback verdict.
[POLICY_VALIDATION_CONTAMINATION] 1 inherited manual-close trade(s) excluded from policy validation \u2014 these positions were entered in a prior session and closed via MANUAL_CLOSE_SYNCED, not by the current strategy. Symbols: ['PEPEUSDT']. Excluding to prevent false rollback verdict.
[POLICY_VALIDATION_CONTAMINATION] 1 inherited manual-close trade(s) excluded from policy validation \u2014 these positions were entered in a prior session and closed via MANUAL_CLOSE_SYNCED, not by the current strategy. Symbols: ['PEPEUSDT']. Excluding to prevent false rollback verdict.
[POLICY_VALIDATION_CONTAMINATION] 1 inherited manual-close trade(s) excluded from policy validation \u2014 these positions were entered in a prior session and closed via MANUAL_CLOSE_SYNCED, not by the current strategy. Symbols: ['PEPEUSDT']. Excluding to prevent false rollback verdict.
[POLICY_VALIDATION_CONTAMINATION] 1 inherited manual-close trade(s) excluded from policy validation \u2014 these positions were entered in a prior session and closed via MANUAL_CLOSE_SYNCED, not by the current strategy. Symbols: ['PEPEUSDT']. Excluding to prevent false rollback verdict.
[POLICY_VALIDATION_CONTAMINATION] 1 inherited manual-close trade(s) excluded from policy validation \u2014 these positions were entered in a prior session and closed via MANUAL_CLOSE_SYNCED, not by the current strategy. Symbols: ['PEPEUSDT']. Excluding to prevent false rollback verdict.
[POLICY_VALIDATION_CONTAMINATION] 1 inherited manual-close trade(s) excluded from policy validation \u2014 these positions were entered in a prior session and closed via MANUAL_CLOSE_SYNCED, not by the current strategy. Symbols: ['PEPEUSDT']. Excluding to prevent false rollback verdict.
[POLICY_VALIDATION_CONTAMINATION] 1 inherited manual-close trade(s) excluded from policy validation \u2014 these positions were entered in a prior session and closed via MANUAL_CLOSE_SYNCED, not by the current strategy. Symbols: ['PEPEUSDT']. Excluding to prevent false rollback verdict.
[POLICY_VALIDATION_CONTAMINATION] 1 inherited manual-close trade(s) excluded from policy validation \u2014 these positions were entered in a prior session and closed via MANUAL_CLOSE_SYNCED, not by the current strategy. Symbols: ['PEPEUSDT']. Excluding to prevent false rollback verdict.
[POLICY_VALIDATION_CONTAMINATION] 1 inherited manual-close trade(s) excluded from policy validation \u2014 these positions were entered in a prior session and closed via MANUAL_CLOSE_SYNCED, not by the current strategy. Symbols: ['PEPEUSDT']. Excluding to prevent false rollback verdict.
[POLICY_VALIDATION_CONTAMINATION] 1 inherited manual-close trade(s) excluded from policy validation \u2014 these positions were entered in a prior session and closed via MANUAL_CLOSE_SYNCED, not by the current strategy. Symbols: ['PEPEUSDT']. Excluding to prevent false rollback verdict.
[POLICY_VALIDATION_CONTAMINATION] 1 inherited manual-close trade(s) excluded from policy validation \u2014 these positions were entered in a prior session and closed via MANUAL_CLOSE_SYNCED, not by the current strategy. Symbols: ['PEPEUSDT']. Excluding to prevent false rollback verdict.
[POLICY_VALIDATION_CONTAMINATION] 1 inherited manual-close trade(s) excluded from policy validation \u2014 these positions were entered in a prior session and closed via MANUAL_CLOSE_SYNCED, not by the current strategy. Symbols: ['PEPEUSDT']. Excluding to prevent false rollback verdict.
[POLICY_VALIDATION_CONTAMINATION] 1 inherited manual-close trade(s) excluded from policy validation \u2014 these positions were entered in a prior session and closed via MANUAL_CLOSE_SYNCED, not by the current strategy. Symbols: ['PEPEUSDT']. Excluding to prevent false rollback verdict.
[POLICY_VALIDATION_CONTAMINATION] 1 inherited manual-close trade(s) excluded from policy validation \u2014 these positions were entered in a prior session and closed via MANUAL_CLOSE_SYNCED, not by the current strategy. Symbols: ['PEPEUSDT']. Excluding to prevent false rollback verdict.
[POLICY_VALIDATION_CONTAMINATION] 1 inherited manual-close trade(s) excluded from policy validation \u2014 these positions were entered in a prior session and closed via MANUAL_CLOSE_SYNCED, not by the current strategy. Symbols: ['PEPEUSDT']. Excluding to prevent false rollback verdict.
[POLICY_VALIDATION_CONTAMINATION] 1 inherited manual-close trade(s) excluded from policy validation \u2014 these positions were entered in a prior session and closed via MANUAL_CLOSE_SYNCED, not by the current strategy. Symbols: ['PEPEUSDT']. Excluding to prevent false rollback verdict.
[POLICY_VALIDATION_CONTAMINATION] 1 inherited manual-close trade(s) excluded from policy validation \u2014 these positions were entered in a prior session and closed via MANUAL_CLOSE_SYNCED, not by the current strategy. Symbols: ['PEPEUSDT']. Excluding to prevent false rollback verdict.
[POLICY_VALIDATION_CONTAMINATION] 1 inherited manual-close trade(s) excluded from policy validation \u2014 these positions were entered in a prior session and closed via MANUAL_CLOSE_SYNCED, not by the current strategy. Symbols: ['PEPEUSDT']. Excluding to prevent false rollback verdict.
[POLICY_VALIDATION_CONTAMINATION] 1 inherited manual-close trade(s) excluded from policy validation \u2014 these positions were entered in a prior session and closed via MANUAL_CLOSE_SYNCED, not by the current strategy. Symbols: ['PEPEUSDT']. Excluding to prevent false rollback verdict.
[POLICY_VALIDATION_CONTAMINATION] 1 inherited manual-close trade(s) excluded from policy validation \u2014 these positions were entered in a prior session and closed via MANUAL_CLOSE_SYNCED, not by the current strategy. Symbols: ['PEPEUSDT']. Excluding to prevent false rollback verdict.
[POLICY_VALIDATION_CONTAMINATION] 1 inherited manual-close trade(s) excluded from policy validation \u2014 these positions were entered in a prior session and closed via MANUAL_CLOSE_SYNCED, not by the current strategy. Symbols: ['PEPEUSDT']. Excluding to prevent false rollback verdict.
[POLICY_VALIDATION_CONTAMINATION] 1 inherited manual-close trade(s) excluded from policy validation \u2014 these positions were entered in a prior session and closed via MANUAL_CLOSE_SYNCED, not by the current strategy. Symbols: ['PEPEUSDT']. Excluding to prevent false rollback verdict.
[POLICY_VALIDATION_CONTAMINATION] 1 inherited manual-close trade(s) excluded from policy validation \u2014 these positions were entered in a prior session and closed via MANUAL_CLOSE_SYNCED, not by the current strategy. Symbols: ['PEPEUSDT']. Excluding to prevent false rollback verdict.
[POLICY_VALIDATION_CONTAMINATION] 1 inherited manual-close trade(s) excluded from policy validation \u2014 these positions were entered in a prior session and closed via MANUAL_CLOSE_SYNCED, not by the current strategy. Symbols: ['PEPEUSDT']. Excluding to prevent false rollback verdict.
[POLICY_VALIDATION_CONTAMINATION] 1 inherited manual-close trade(s) excluded from policy validation \u2014 these positions were entered in a prior session and closed via MANUAL_CLOSE_SYNCED, not by the current strategy. Symbols: ['PEPEUSDT']. Excluding to prevent false rollback verdict.
[POLICY_VALIDATION_CONTAMINATION] 1 inherited manual-close trade(s) excluded from policy validation \u2014 these positions were entered in a prior session and closed via MANUAL_CLOSE_SYNCED, not by the current strategy. Symbols: ['PEPEUSDT']. Excluding to prevent false rollback verdict.
[POLICY_VALIDATION_CONTAMINATION] 1 inherited manual-close trade(s) excluded from policy validation \u2014 these positions were entered in a prior session and closed via MANUAL_CLOSE_SYNCED, not by the current strategy. Symbols: ['PEPEUSDT']. Excluding to prevent false rollback verdict.
[POLICY_VALIDATION_CONTAMINATION] 1 inherited manual-close trade(s) excluded from policy validation \u2014 these positions were entered in a prior session and closed via MANUAL_CLOSE_SYNCED, not by the current strategy. Symbols: ['PEPEUSDT']. Excluding to prevent false rollback verdict.
[POLICY_VALIDATION_CONTAMINATION] 1 inherited manual-close trade(s) excluded from policy validation \u2014 these positions were entered in a prior session and closed via MANUAL_CLOSE_SYNCED, not by the current strategy. Symbols: ['PEPEUSDT']. Excluding to prevent false rollback verdict.
[POLICY_VALIDATION_CONTAMINATION] 1 inherited manual-close trade(s) excluded from policy validation \u2014 these positions were entered in a prior session and closed via MANUAL_CLOSE_SYNCED, not by the current strategy. Symbols: ['PEPEUSDT']. Excluding to prevent false rollback verdict.
[POLICY_VALIDATION_CONTAMINATION] 1 inherited manual-close trade(s) excluded from policy validation \u2014 these positions were entered in a prior session and closed via MANUAL_CLOSE_SYNCED, not by the current strategy. Symbols: ['PEPEUSDT']. Excluding to prevent false rollback verdict.
[POLICY_VALIDATION_CONTAMINATION] 1 inherited manual-close trade(s) excluded from policy validation \u2014 these positions were entered in a prior session and closed via MANUAL_CLOSE_SYNCED, not by the current strategy. Symbols: ['PEPEUSDT']. Excluding to prevent false rollback verdict.
[POLICY_VALIDATION_CONTAMINATION] 1 inherited manual-close trade(s) excluded from policy validation \u2014 these positions were entered in a prior session and closed via MANUAL_CLOSE_SYNCED, not by the current strategy. Symbols: ['PEPEUSDT']. Excluding to prevent false rollback verdict.
[POLICY_VALIDATION_CONTAMINATION] 1 inherited manual-close trade(s) excluded from policy validation \u2014 these positions were entered in a prior session and closed via MANUAL_CLOSE_SYNCED, not by the current strategy. Symbols: ['PEPEUSDT']. Excluding to prevent false rollback verdict.
[POLICY_VALIDATION_CONTAMINATION] 1 inherited manual-close trade(s) excluded from policy validation \u2014 these positions were entered in a prior session and closed via MANUAL_CLOSE_SYNCED, not by the current strategy. Symbols: ['PEPEUSDT']. Excluding to prevent false rollback verdict.
[POLICY_VALIDATION_CONTAMINATION] 1 inherited manual-close trade(s) excluded from policy validation \u2014 these positions were entered in a prior session and closed via MANUAL_CLOSE_SYNCED, not by the current strategy. Symbols: ['PEPEUSDT']. Excluding to prevent false rollback verdict.
[POLICY_VALIDATION_CONTAMINATION] 1 inherited manual-close trade(s) excluded from policy validation \u2014 these positions were entered in a prior session and closed via MANUAL_CLOSE_SYNCED, not by the current strategy. Symbols: ['PEPEUSDT']. Excluding to prevent false rollback verdict.
[POLICY_VALIDATION_CONTAMINATION] 1 inherited manual-close trade(s) excluded from policy validation \u2014 these positions were entered in a prior session and closed via MANUAL_CLOSE_SYNCED, not by the current strategy. Symbols: ['PEPEUSDT']. Excluding to prevent false rollback verdict.
[POLICY_VALIDATION_CONTAMINATION] 1 inherited manual-close trade(s) excluded from policy validation \u2014 these positions were entered in a prior session and closed via MANUAL_CLOSE_SYNCED, not by the current strategy. Symbols: ['PEPEUSDT']. Excluding to prevent false rollback verdict.
[POLICY_VALIDATION_CONTAMINATION] 1 inherited manual-close trade(s) excluded from policy validation \u2014 these positions were entered in a prior session and closed via MANUAL_CLOSE_SYNCED, not by the current strategy. Symbols: ['PEPEUSDT']. Excluding to prevent false rollback verdict.
[POLICY_VALIDATION_CONTAMINATION] 1 inherited manual-close trade(s) excluded from policy validation \u2014 these positions were entered in a prior session and closed via MANUAL_CLOSE_SYNCED, not by the current strategy. Symbols: ['PEPEUSDT']. Excluding to prevent false rollback verdict.
[POLICY_VALIDATION_CONTAMINATION] 1 inherited manual-close trade(s) excluded from policy validation \u2014 these positions were entered in a prior session and closed via MANUAL_CLOSE_SYNCED, not by the current strategy. Symbols: ['PEPEUSDT']. Excluding to prevent false rollback verdict.

=== supervisor spawn @ 2026-04-15T06:24:42+00:00 ===
[POLICY_VALIDATION_CONTAMINATION] 1 inherited manual-close trade(s) excluded from policy validation \u2014 these positions were entered in a prior session and closed via MANUAL_CLOSE_SYNCED, not by the current strategy. Symbols: ['PEPEUSDT']. Excluding to prevent false rollback verdict.
[POLICY_VALIDATION_CONTAMINATION] 1 inherited manual-close trade(s) excluded from policy validation \u2014 these positions were entered in a prior session and closed via MANUAL_CLOSE_SYNCED, not by the current strategy. Symbols: ['PEPEUSDT']. Excluding to prevent false rollback verdict.
[POLICY_VALIDATION_CONTAMINATION] 1 inherited manual-close trade(s) excluded from policy validation \u2014 these positions were entered in a prior session and closed via MANUAL_CLOSE_SYNCED, not by the current strategy. Symbols: ['PEPEUSDT']. Excluding to prevent false rollback verdict.
[POLICY_VALIDATION_CONTAMINATION] 1 inherited manual-close trade(s) excluded from policy validation \u2014 these positions were entered in a prior session and closed via MANUAL_CLOSE_SYNCED, not by the current strategy. Symbols: ['PEPEUSDT']. Excluding to prevent false rollback verdict.
[POLICY_VALIDATION_CONTAMINATION] 1 inherited manual-close trade(s) excluded from policy validation \u2014 these positions were entered in a prior session and closed via MANUAL_CLOSE_SYNCED, not by the current strategy. Symbols: ['PEPEUSDT']. Excluding to prevent false rollback verdict.
[POLICY_VALIDATION_CONTAMINATION] 1 inherited manual-close trade(s) excluded from policy validation \u2014 these positions were entered in a prior session and closed via MANUAL_CLOSE_SYNCED, not by the current strategy. Symbols: ['PEPEUSDT']. Excluding to prevent false rollback verdict.
[POLICY_VALIDATION_CONTAMINATION] 1 inherited manual-close trade(s) excluded from policy validation \u2014 these positions were entered in a prior session and closed via MANUAL_CLOSE_SYNCED, not by the current strategy. Symbols: ['PEPEUSDT']. Excluding to prevent false rollback verdict.
[POLICY_VALIDATION_CONTAMINATION] 1 inherited manual-close trade(s) excluded from policy validation \u2014 these positions were entered in a prior session and closed via MANUAL_CLOSE_SYNCED, not by the current strategy. Symbols: ['PEPEUSDT']. Excluding to prevent false rollback verdict.
[POLICY_VALIDATION_CONTAMINATION] 1 inherited manual-close trade(s) excluded from policy validation \u2014 these positions were entered in a prior session and closed via MANUAL_CLOSE_SYNCED, not by the current strategy. Symbols: ['PEPEUSDT']. Excluding to prevent false rollback verdict.
[POLICY_VALIDATION_CONTAMINATION] 1 inherited manual-close trade(s) excluded from policy validation \u2014 these positions were entered in a prior session and closed via MANUAL_CLOSE_SYNCED, not by the current strategy. Symbols: ['PEPEUSDT']. Excluding to prevent false rollback verdict.
[POLICY_VALIDATION_CONTAMINATION] 1 inherited manual-close trade(s) excluded from policy validation \u2014 these positions were entered in a prior session and closed via MANUAL_CLOSE_SYNCED, not by the current strategy. Symbols: ['PEPEUSDT']. Excluding to prevent false rollback verdict.
[POLICY_VALIDATION_CONTAMINATION] 1 inherited manual-close trade(s) excluded from policy validation \u2014 these positions were entered in a prior session and closed via MANUAL_CLOSE_SYNCED, not by the current strategy. Symbols: ['PEPEUSDT']. Excluding to prevent false rollback verdict.
[POLICY_VALIDATION_CONTAMINATION] 1 inherited manual-close trade(s) excluded from policy validation \u2014 these positions were entered in a prior session and closed via MANUAL_CLOSE_SYNCED, not by the current strategy. Symbols: ['PEPEUSDT']. Excluding to prevent false rollback verdict.
[POLICY_VALIDATION_CONTAMINATION] 1 inherited manual-close trade(s) excluded from policy validation \u2014 these positions were entered in a prior session and closed via MANUAL_CLOSE_SYNCED, not by the current strategy. Symbols: ['PEPEUSDT']. Excluding to prevent false rollback verdict.
[POLICY_VALIDATION_CONTAMINATION] 1 inherited manual-close trade(s) excluded from policy validation \u2014 these positions were entered in a prior session and closed via MANUAL_CLOSE_SYNCED, not by the current strategy. Symbols: ['PEPEUSDT']. Excluding to prevent false rollback verdict.
[POLICY_VALIDATION_CONTAMINATION] 1 inherited manual-close trade(s) excluded from policy validation \u2014 these positions were entered in a prior session and closed via MANUAL_CLOSE_SYNCED, not by the current strategy. Symbols: ['PEPEUSDT']. Excluding to prevent false rollback verdict.
[POLICY_VALIDATION_CONTAMINATION] 1 inherited manual-close trade(s) excluded from policy validation \u2014 these positions were entered in a prior session and closed via MANUAL_CLOSE_SYNCED, not by the current strategy. Symbols: ['PEPEUSDT']. Excluding to prevent false rollback verdict.
[POLICY_VALIDATION_CONTAMINATION] 1 inherited manual-close trade(s) excluded from policy validation \u2014 these positions were entered in a prior session and closed via MANUAL_CLOSE_SYNCED, not by the current strategy. Symbols: ['PEPEUSDT']. Excluding to prevent false rollback verdict.
[POLICY_VALIDATION_CONTAMINATION] 1 inherited manual-close trade(s) excluded from policy validation \u2014 these positions were entered in a prior session and closed via MANUAL_CLOSE_SYNCED, not by the current strategy. Symbols: ['PEPEUSDT']. Excluding to prevent false rollback verdict.
[POLICY_VALIDATION_CONTAMINATION] 1 inherited manual-close trade(s) excluded from policy validation \u2014 these positions were entered in a prior session and closed via MANUAL_CLOSE_SYNCED, not by the current strategy. Symbols: ['PEPEUSDT']. Excluding to prevent false rollback verdict.
[POLICY_VALIDATION_CONTAMINATION] 1 inherited manual-close trade(s) excluded from policy validation \u2014 these positions were entered in a prior session and closed via MANUAL_CLOSE_SYNCED, not by the current strategy. Symbols: ['PEPEUSDT']. Excluding to prevent false rollback verdict.
[POLICY_VALIDATION_CONTAMINATION] 1 inherited manual-close trade(s) excluded from policy validation \u2014 these positions were entered in a prior session and closed via MANUAL_CLOSE_SYNCED, not by the current strategy. Symbols: ['PEPEUSDT']. Excluding to prevent false rollback verdict.
[POLICY_VALIDATION_CONTAMINATION] 1 inherited manual-close trade(s) excluded from policy validation \u2014 these positions were entered in a prior session and closed via MANUAL_CLOSE_SYNCED, not by the current strategy. Symbols: ['PEPEUSDT']. Excluding to prevent false rollback verdict.
[POLICY_VALIDATION_CONTAMINATION] 1 inherited manual-close trade(s) excluded from policy validation \u2014 these positions were entered in a prior session and closed via MANUAL_CLOSE_SYNCED, not by the current strategy. Symbols: ['PEPEUSDT']. Excluding to prevent false rollback verdict.
[POLICY_VALIDATION_CONTAMINATION] 1 inherited manual-close trade(s) excluded from policy validation \u2014 these positions were entered in a prior session and closed via MANUAL_CLOSE_SYNCED, not by the current strategy. Symbols: ['PEPEUSDT']. Excluding to prevent false rollback verdict.
[POLICY_VALIDATION_CONTAMINATION] 1 inherited manual-close trade(s) excluded from policy validation \u2014 these positions were entered in a prior session and closed via MANUAL_CLOSE_SYNCED, not by the current strategy. Symbols: ['PEPEUSDT']. Excluding to prevent false rollback verdict.
[POLICY_VALIDATION_CONTAMINATION] 1 inherited manual-close trade(s) excluded from policy validation \u2014 these positions were entered in a prior session and closed via MANUAL_CLOSE_SYNCED, not by the current strategy. Symbols: ['PEPEUSDT']. Excluding to prevent false rollback verdict.
[POLICY_VALIDATION_CONTAMINATION] 1 inherited manual-close trade(s) excluded from policy validation \u2014 these positions were entered in a prior session and closed via MANUAL_CLOSE_SYNCED, not by the current strategy. Symbols: ['PEPEUSDT']. Excluding to prevent false rollback verdict.
[POLICY_VALIDATION_CONTAMINATION] 1 inherited manual-close trade(s) excluded from policy validation \u2014 these positions were entered in a prior session and closed via MANUAL_CLOSE_SYNCED, not by the current strategy. Symbols: ['PEPEUSDT']. Excluding to prevent false rollback verdict.
[POLICY_VALIDATION_CONTAMINATION] 1 inherited manual-close trade(s) excluded from policy validation \u2014 these positions were entered in a prior session and closed via MANUAL_CLOSE_SYNCED, not by the current strategy. Symbols: ['PEPEUSDT']. Excluding to prevent false rollback verdict.
[POLICY_VALIDATION_CONTAMINATION] 1 inherited manual-close trade(s) excluded from policy validation \u2014 these positions were entered in a prior session and closed via MANUAL_CLOSE_SYNCED, not by the current strategy. Symbols: ['PEPEUSDT']. Excluding to prevent false rollback verdict.
[POLICY_VALIDATION_CONTAMINATION] 1 inherited manual-close trade(s) excluded from policy validation \u2014 these positions were entered in a prior session and closed via MANUAL_CLOSE_SYNCED, not by the current strategy. Symbols: ['PEPEUSDT']. Excluding to prevent false rollback verdict.
[POLICY_VALIDATION_CONTAMINATION] 1 inherited manual-close trade(s) excluded from policy validation \u2014 these positions were entered in a prior session and closed via MANUAL_CLOSE_SYNCED, not by the current strategy. Symbols: ['PEPEUSDT']. Excluding to prevent false rollback verdict.
[POLICY_VALIDATION_CONTAMINATION] 1 inherited manual-close trade(s) excluded from policy validation \u2014 these positions were entered in a prior session and closed via MANUAL_CLOSE_SYNCED, not by the current strategy. Symbols: ['PEPEUSDT']. Excluding to prevent false rollback verdict.
[POLICY_VALIDATION_CONTAMINATION] 1 inherited manual-close trade(s) excluded from policy validation \u2014 these positions were entered in a prior session and closed via MANUAL_CLOSE_SYNCED, not by the current strategy. Symbols: ['PEPEUSDT']. Excluding to prevent false rollback verdict.
[POLICY_VALIDATION_CONTAMINATION] 1 inherited manual-close trade(s) excluded from policy validation \u2014 these positions were entered in a prior session and closed via MANUAL_CLOSE_SYNCED, not by the current strategy. Symbols: ['PEPEUSDT']. Excluding to prevent false rollback verdict.
[POLICY_VALIDATION_CONTAMINATION] 1 inherited manual-close trade(s) excluded from policy validation \u2014 these positions were entered in a prior session and closed via MANUAL_CLOSE_SYNCED, not by the current strategy. Symbols: ['PEPEUSDT']. Excluding to prevent false rollback verdict.
[POLICY_VALIDATION_CONTAMINATION] 1 inherited manual-close trade(s) excluded from policy validation \u2014 these positions were entered in a prior session and closed via MANUAL_CLOSE_SYNCED, not by the current strategy. Symbols: ['PEPEUSDT']. Excluding to prevent false rollback verdict.
[POLICY_VALIDATION_CONTAMINATION] 1 inherited manual-close trade(s) excluded from policy validation \u2014 these positions were entered in a prior session and closed via MANUAL_CLOSE_SYNCED, not by the current strategy. Symbols: ['PEPEUSDT']. Excluding to prevent false rollback verdict.
[POLICY_VALIDATION_CONTAMINATION] 1 inherited manual-close trade(s) excluded from policy validation \u2014 these positions were entered in a prior session and closed via MANUAL_CLOSE_SYNCED, not by the current strategy. Symbols: ['PEPEUSDT']. Excluding to prevent false rollback verdict.
[POLICY_VALIDATION_CONTAMINATION] 1 inherited manual-close trade(s) excluded from policy validation \u2014 these positions were entered in a prior session and closed via MANUAL_CLOSE_SYNCED, not by the current strategy. Symbols: ['PEPEUSDT']. Excluding to prevent false rollback verdict.
[POLICY_VALIDATION_CONTAMINATION] 1 inherited manual-close trade(s) excluded from policy validation \u2014 these positions were entered in a prior session and closed via MANUAL_CLOSE_SYNCED, not by the current strategy. Symbols: ['PEPEUSDT']. Excluding to prevent false rollback verdict.
[POLICY_VALIDATION_CONTAMINATION] 1 inherited manual-close trade(s) excluded from policy validation \u2014 these positions were entered in a prior session and closed via MANUAL_CLOSE_SYNCED, not by the current strategy. Symbols: ['PEPEUSDT']. Excluding to prevent false rollback verdict.
[POLICY_VALIDATION_CONTAMINATION] 1 inherited manual-close trade(s) excluded from policy validation \u2014 these positions were entered in a prior session and closed via MANUAL_CLOSE_SYNCED, not by the current strategy. Symbols: ['PEPEUSDT']. Excluding to prevent false rollback verdict.
[POLICY_VALIDATION_CONTAMINATION] 1 inherited manual-close trade(s) excluded from policy validation \u2014 these positions were entered in a prior session and closed via MANUAL_CLOSE_SYNCED, not by the current strategy. Symbols: ['PEPEUSDT']. Excluding to prevent false rollback verdict.
[POLICY_VALIDATION_CONTAMINATION] 1 inherited manual-close trade(s) excluded from policy validation \u2014 these positions were entered in a prior session and closed via MANUAL_CLOSE_SYNCED, not by the current strategy. Symbols: ['PEPEUSDT']. Excluding to prevent false rollback verdict.
[POLICY_VALIDATION_CONTAMINATION] 1 inherited manual-close trade(s) excluded from policy validation \u2014 these positions were entered in a prior session and closed via MANUAL_CLOSE_SYNCED, not by the current strategy. Symbols: ['PEPEUSDT']. Excluding to prevent false rollback verdict.
[POLICY_VALIDATION_CONTAMINATION] 1 inherited manual-close trade(s) excluded from policy validation \u2014 these positions were entered in a prior session and closed via MANUAL_CLOSE_SYNCED, not by the current strategy. Symbols: ['PEPEUSDT']. Excluding to prevent false rollback verdict.
[POLICY_VALIDATION_CONTAMINATION] 1 inherited manual-close trade(s) excluded from policy validation \u2014 these positions were entered in a prior session and closed via MANUAL_CLOSE_SYNCED, not by the current strategy. Symbols: ['PEPEUSDT']. Excluding to prevent false rollback verdict.
[POLICY_VALIDATION_CONTAMINATION] 1 inherited manual-close trade(s) excluded from policy validation \u2014 these positions were entered in a prior session and closed via MANUAL_CLOSE_SYNCED, not by the current strategy. Symbols: ['PEPEUSDT']. Excluding to prevent false rollback verdict.
[POLICY_VALIDATION_CONTAMINATION] 1 inherited manual-close trade(s) excluded from policy validation \u2014 these positions were entered in a prior session and closed via MANUAL_CLOSE_SYNCED, not by the current strategy. Symbols: ['PEPEUSDT']. Excluding to prevent false rollback verdict.
[POLICY_VALIDATION_CONTAMINATION] 1 inherited manual-close trade(s) excluded from policy validation \u2014 these positions were entered in a prior session and closed via MANUAL_CLOSE_SYNCED, not by the current strategy. Symbols: ['PEPEUSDT']. Excluding to prevent false rollback verdict.
[POLICY_VALIDATION_CONTAMINATION] 1 inherited manual-close trade(s) excluded from policy validation \u2014 these positions were entered in a prior session and closed via MANUAL_CLOSE_SYNCED, not by the current strategy. Symbols: ['PEPEUSDT']. Excluding to prevent false rollback verdict.
[POLICY_VALIDATION_CONTAMINATION] 1 inherited manual-close trade(s) excluded from policy validation \u2014 these positions were entered in a prior session and closed via MANUAL_CLOSE_SYNCED, not by the current strategy. Symbols: ['PEPEUSDT']. Excluding to prevent false rollback verdict.
[POLICY_VALIDATION_CONTAMINATION] 1 inherited manual-close trade(s) excluded from policy validation \u2014 these positions were entered in a prior session and closed via MANUAL_CLOSE_SYNCED, not by the current strategy. Symbols: ['PEPEUSDT']. Excluding to prevent false rollback verdict.
[POLICY_VALIDATION_CONTAMINATION] 1 inherited manual-close trade(s) excluded from policy validation \u2014 these positions were entered in a prior session and closed via MANUAL_CLOSE_SYNCED, not by the current strategy. Symbols: ['PEPEUSDT']. Excluding to prevent false rollback verdict.
[POLICY_VALIDATION_CONTAMINATION] 1 inherited manual-close trade(s) excluded from policy validation \u2014 these positions were entered in a prior session and closed via MANUAL_CLOSE_SYNCED, not by the current strategy. Symbols: ['PEPEUSDT']. Excluding to prevent false rollback verdict.
[POLICY_VALIDATION_CONTAMINATION] 1 inherited manual-close trade(s) excluded from policy validation \u2014 these positions were entered in a prior session and closed via MANUAL_CLOSE_SYNCED, not by the current strategy. Symbols: ['PEPEUSDT']. Excluding to prevent false rollback verdict.
[POLICY_VALIDATION_CONTAMINATION] 1 inherited manual-close trade(s) excluded from policy validation \u2014 these positions were entered in a prior session and closed via MANUAL_CLOSE_SYNCED, not by the current strategy. Symbols: ['PEPEUSDT']. Excluding to prevent false rollback verdict.
[POLICY_VALIDATION_CONTAMINATION] 1 inherited manual-close trade(s) excluded from policy validation \u2014 these positions were entered in a prior session and closed via MANUAL_CLOSE_SYNCED, not by the current strategy. Symbols: ['PEPEUSDT']. Excluding to prevent false rollback verdict.
[POLICY_VALIDATION_CONTAMINATION] 1 inherited manual-close trade(s) excluded from policy validation \u2014 these positions were entered in a prior session and closed via MANUAL_CLOSE_SYNCED, not by the current strategy. Symbols: ['PEPEUSDT']. Excluding to prevent false rollback verdict.
[POLICY_VALIDATION_CONTAMINATION] 1 inherited manual-close trade(s) excluded from policy validation \u2014 these positions were entered in a prior session and closed via MANUAL_CLOSE_SYNCED, not by the current strategy. Symbols: ['PEPEUSDT']. Excluding to prevent false rollback verdict.
[POLICY_VALIDATION_CONTAMINATION] 1 inherited manual-close trade(s) excluded from policy validation \u2014 these positions were entered in a prior session and closed via MANUAL_CLOSE_SYNCED, not by the current strategy. Symbols: ['PEPEUSDT']. Excluding to prevent false rollback verdict.
[POLICY_VALIDATION_CONTAMINATION] 1 inherited manual-close trade(s) excluded from policy validation \u2014 these positions were entered in a prior session and closed via MANUAL_CLOSE_SYNCED, not by the current strategy. Symbols: ['PEPEUSDT']. Excluding to prevent false rollback verdict.
[POLICY_VALIDATION_CONTAMINATION] 1 inherited manual-close trade(s) excluded from policy validation \u2014 these positions were entered in a prior session and closed via MANUAL_CLOSE_SYNCED, not by the current strategy. Symbols: ['PEPEUSDT']. Excluding to prevent false rollback verdict.
[POLICY_VALIDATION_CONTAMINATION] 1 inherited manual-close trade(s) excluded from policy validation \u2014 these positions were entered in a prior session and closed via MANUAL_CLOSE_SYNCED, not by the current strategy. Symbols: ['PEPEUSDT']. Excluding to prevent false rollback verdict.
[POLICY_VALIDATION_CONTAMINATION] 1 inherited manual-close trade(s) excluded from policy validation \u2014 these positions were entered in a prior session and closed via MANUAL_CLOSE_SYNCED, not by the current strategy. Symbols: ['PEPEUSDT']. Excluding to prevent false rollback verdict.
[POLICY_VALIDATION_CONTAMINATION] 1 inherited manual-close trade(s) excluded from policy validation \u2014 these positions were entered in a prior session and closed via MANUAL_CLOSE_SYNCED, not by the current strategy. Symbols: ['PEPEUSDT']. Excluding to prevent false rollback verdict.
[POLICY_VALIDATION_CONTAMINATION] 1 inherited manual-close trade(s) excluded from policy validation \u2014 these positions were entered in a prior session and closed via MANUAL_CLOSE_SYNCED, not by the current strategy. Symbols: ['PEPEUSDT']. Excluding to prevent false rollback verdict.
[POLICY_VALIDATION_CONTAMINATION] 1 inherited manual-close trade(s) excluded from policy validation \u2014 these positions were entered in a prior session and closed via MANUAL_CLOSE_SYNCED, not by the current strategy. Symbols: ['PEPEUSDT']. Excluding to prevent false rollback verdict.
[POLICY_VALIDATION_CONTAMINATION] 1 inherited manual-close trade(s) excluded from policy validation \u2014 these positions were entered in a prior session and closed via MANUAL_CLOSE_SYNCED, not by the current strategy. Symbols: ['PEPEUSDT']. Excluding to prevent false rollback verdict.
[POLICY_VALIDATION_CONTAMINATION] 1 inherited manual-close trade(s) excluded from policy validation \u2014 these positions were entered in a prior session and closed via MANUAL_CLOSE_SYNCED, not by the current strategy. Symbols: ['PEPEUSDT']. Excluding to prevent false rollback verdict.
[POLICY_VALIDATION_CONTAMINATION] 1 inherited manual-close trade(s) excluded from policy validation \u2014 these positions were entered in a prior session and closed via MANUAL_CLOSE_SYNCED, not by the current strategy. Symbols: ['PEPEUSDT']. Excluding to prevent false rollback verdict.
[POLICY_VALIDATION_CONTAMINATION] 1 inherited manual-close trade(s) excluded from policy validation \u2014 these positions were entered in a prior session and closed via MANUAL_CLOSE_SYNCED, not by the current strategy. Symbols: ['PEPEUSDT']. Excluding to prevent false rollback verdict.
[POLICY_VALIDATION_CONTAMINATION] 1 inherited manual-close trade(s) excluded from policy validation \u2014 these positions were entered in a prior session and closed via MANUAL_CLOSE_SYNCED, not by the current strategy. Symbols: ['PEPEUSDT']. Excluding to prevent false rollback verdict.
[POLICY_VALIDATION_CONTAMINATION] 1 inherited manual-close trade(s) excluded from policy validation \u2014 these positions were entered in a prior session and closed via MANUAL_CLOSE_SYNCED, not by the current strategy. Symbols: ['PEPEUSDT']. Excluding to prevent false rollback verdict.
[POLICY_VALIDATION_CONTAMINATION] 1 inherited manual-close trade(s) excluded from policy validation \u2014 these positions were entered in a prior session and closed via MANUAL_CLOSE_SYNCED, not by the current strategy. Symbols: ['PEPEUSDT']. Excluding to prevent false rollback verdict.
[POLICY_VALIDATION_CONTAMINATION] 1 inherited manual-close trade(s) excluded from policy validation \u2014 these positions were entered in a prior session and closed via MANUAL_CLOSE_SYNCED, not by the current strategy. Symbols: ['PEPEUSDT']. Excluding to prevent false rollback verdict.
[POLICY_VALIDATION_CONTAMINATION] 1 inherited manual-close trade(s) excluded from policy validation \u2014 these positions were entered in a prior session and closed via MANUAL_CLOSE_SYNCED, not by the current strategy. Symbols: ['PEPEUSDT']. Excluding to prevent false rollback verdict.
[POLICY_VALIDATION_CONTAMINATION] 1 inherited manual-close trade(s) excluded from policy validation \u2014 these positions were entered in a prior session and closed via MANUAL_CLOSE_SYNCED, not by the current strategy. Symbols: ['PEPEUSDT']. Excluding to prevent false rollback verdict.
[POLICY_VALIDATION_CONTAMINATION] 1 inherited manual-close trade(s) excluded from policy validation \u2014 these positions were entered in a prior session and closed via MANUAL_CLOSE_SYNCED, not by the current strategy. Symbols: ['PEPEUSDT']. Excluding to prevent false rollback verdict.
[POLICY_VALIDATION_CONTAMINATION] 1 inherited manual-close trade(s) excluded from policy validation \u2014 these positions were entered in a prior session and closed via MANUAL_CLOSE_SYNCED, not by the current strategy. Symbols: ['PEPEUSDT']. Excluding to prevent false rollback verdict.
[POLICY_VALIDATION_CONTAMINATION] 1 inherited manual-close trade(s) excluded from policy validation \u2014 these positions were entered in a prior session and closed via MANUAL_CLOSE_SYNCED, not by the current strategy. Symbols: ['PEPEUSDT']. Excluding to prevent false rollback verdict.
[POLICY_VALIDATION_CONTAMINATION] 1 inherited manual-close trade(s) excluded from policy validation \u2014 these positions were entered in a prior session and closed via MANUAL_CLOSE_SYNCED, not by the current strategy. Symbols: ['PEPEUSDT']. Excluding to prevent false rollback verdict.
[POLICY_VALIDATION_CONTAMINATION] 1 inherited manual-close trade(s) excluded from policy validation \u2014 these positions were entered in a prior session and closed via MANUAL_CLOSE_SYNCED, not by the current strategy. Symbols: ['PEPEUSDT']. Excluding to prevent false rollback verdict.
[POLICY_VALIDATION_CONTAMINATION] 1 inherited manual-close trade(s) excluded from policy validation \u2014 these positions were entered in a prior session and closed via MANUAL_CLOSE_SYNCED, not by the current strategy. Symbols: ['PEPEUSDT']. Excluding to prevent false rollback verdict.
[POLICY_VALIDATION_CONTAMINATION] 1 inherited manual-close trade(s) excluded from policy validation \u2014 these positions were entered in a prior session and closed via MANUAL_CLOSE_SYNCED, not by the current strategy. Symbols: ['PEPEUSDT']. Excluding to prevent false rollback verdict.
[POLICY_VALIDATION_CONTAMINATION] 1 inherited manual-close trade(s) excluded from policy validation \u2014 these positions were entered in a prior session and closed via MANUAL_CLOSE_SYNCED, not by the current strategy. Symbols: ['PEPEUSDT']. Excluding to prevent false rollback verdict.
[POLICY_VALIDATION_CONTAMINATION] 1 inherited manual-close trade(s) excluded from policy validation \u2014 these positions were entered in a prior session and closed via MANUAL_CLOSE_SYNCED, not by the current strategy. Symbols: ['PEPEUSDT']. Excluding to prevent false rollback verdict.
[POLICY_VALIDATION_CONTAMINATION] 1 inherited manual-close trade(s) excluded from policy validation \u2014 these positions were entered in a prior session and closed via MANUAL_CLOSE_SYNCED, not by the current strategy. Symbols: ['PEPEUSDT']. Excluding to prevent false rollback verdict.
[POLICY_VALIDATION_CONTAMINATION] 1 inherited manual-close trade(s) excluded from policy validation \u2014 these positions were entered in a prior session and closed via MANUAL_CLOSE_SYNCED, not by the current strategy. Symbols: ['PEPEUSDT']. Excluding to prevent false rollback verdict.
[POLICY_VALIDATION_CONTAMINATION] 1 inherited manual-close trade(s) excluded from policy validation \u2014 these positions were entered in a prior session and closed via MANUAL_CLOSE_SYNCED, not by the current strategy. Symbols: ['PEPEUSDT']. Excluding to prevent false rollback verdict.
[POLICY_VALIDATION_CONTAMINATION] 1 inherited manual-close trade(s) excluded from policy validation \u2014 these positions were entered in a prior session and closed via MANUAL_CLOSE_SYNCED, not by the current strategy. Symbols: ['PEPEUSDT']. Excluding to prevent false rollback verdict.
[POLICY_VALIDATION_CONTAMINATION] 1 inherited manual-close trade(s) excluded from policy validation \u2014 these positions were entered in a prior session and closed via MANUAL_CLOSE_SYNCED, not by the current strategy. Symbols: ['PEPEUSDT']. Excluding to prevent false rollback verdict.
[POLICY_VALIDATION_CONTAMINATION] 1 inherited manual-close trade(s) excluded from policy validation \u2014 these positions were entered in a prior session and closed via MANUAL_CLOSE_SYNCED, not by the current strategy. Symbols: ['PEPEUSDT']. Excluding to prevent false rollback verdict.
[POLICY_VALIDATION_CONTAMINATION] 1 inherited manual-close trade(s) excluded from policy validation \u2014 these positions were entered in a prior session and closed via MANUAL_CLOSE_SYNCED, not by the current strategy. Symbols: ['PEPEUSDT']. Excluding to prevent false rollback verdict.
[POLICY_VALIDATION_CONTAMINATION] 1 inherited manual-close trade(s) excluded from policy validation \u2014 these positions were entered in a prior session and closed via MANUAL_CLOSE_SYNCED, not by the current strategy. Symbols: ['PEPEUSDT']. Excluding to prevent false rollback verdict.
[POLICY_VALIDATION_CONTAMINATION] 1 inherited manual-close trade(s) excluded from policy validation \u2014 these positions were entered in a prior session and closed via MANUAL_CLOSE_SYNCED, not by the current strategy. Symbols: ['PEPEUSDT']. Excluding to prevent false rollback verdict.
[POLICY_VALIDATION_CONTAMINATION] 1 inherited manual-close trade(s) excluded from policy validation \u2014 these positions were entered in a prior session and closed via MANUAL_CLOSE_SYNCED, not by the current strategy. Symbols: ['PEPEUSDT']. Excluding to prevent false rollback verdict.
[POLICY_VALIDATION_CONTAMINATION] 1 inherited manual-close trade(s) excluded from policy validation \u2014 these positions were entered in a prior session and closed via MANUAL_CLOSE_SYNCED, not by the current strategy. Symbols: ['PEPEUSDT']. Excluding to prevent false rollback verdict.
[POLICY_VALIDATION_CONTAMINATION] 1 inherited manual-close trade(s) excluded from policy validation \u2014 these positions were entered in a prior session and closed via MANUAL_CLOSE_SYNCED, not by the current strategy. Symbols: ['PEPEUSDT']. Excluding to prevent false rollback verdict.
[POLICY_VALIDATION_CONTAMINATION] 1 inherited manual-close trade(s) excluded from policy validation \u2014 these positions were entered in a prior session and closed via MANUAL_CLOSE_SYNCED, not by the current strategy. Symbols: ['PEPEUSDT']. Excluding to prevent false rollback verdict.
[POLICY_VALIDATION_CONTAMINATION] 1 inherited manual-close trade(s) excluded from policy validation \u2014 these positions were entered in a prior session and closed via MANUAL_CLOSE_SYNCED, not by the current strategy. Symbols: ['PEPEUSDT']. Excluding to prevent false rollback verdict.
[POLICY_VALIDATION_CONTAMINATION] 1 inherited manual-close trade(s) excluded from policy validation \u2014 these positions were entered in a prior session and closed via MANUAL_CLOSE_SYNCED, not by the current strategy. Symbols: ['PEPEUSDT']. Excluding to prevent false rollback verdict.
[POLICY_VALIDATION_CONTAMINATION] 1 inherited manual-close trade(s) excluded from policy validation \u2014 these positions were entered in a prior session and closed via MANUAL_CLOSE_SYNCED, not by the current strategy. Symbols: ['PEPEUSDT']. Excluding to prevent false rollback verdict.
[POLICY_VALIDATION_CONTAMINATION] 1 inherited manual-close trade(s) excluded from policy validation \u2014 these positions were entered in a prior session and closed via MANUAL_CLOSE_SYNCED, not by the current strategy. Symbols: ['PEPEUSDT']. Excluding to prevent false rollback verdict.
[POLICY_VALIDATION_CONTAMINATION] 1 inherited manual-close trade(s) excluded from policy validation \u2014 these positions were entered in a prior session and closed via MANUAL_CLOSE_SYNCED, not by the current strategy. Symbols: ['PEPEUSDT']. Excluding to prevent false rollback verdict.
[POLICY_VALIDATION_CONTAMINATION] 1 inherited manual-close trade(s) excluded from policy validation \u2014 these positions were entered in a prior session and closed via MANUAL_CLOSE_SYNCED, not by the current strategy. Symbols: ['PEPEUSDT']. Excluding to prevent false rollback verdict.
[POLICY_VALIDATION_CONTAMINATION] 1 inherited manual-close trade(s) excluded from policy validation \u2014 these positions were entered in a prior session and closed via MANUAL_CLOSE_SYNCED, not by the current strategy. Symbols: ['PEPEUSDT']. Excluding to prevent false rollback verdict.
[POLICY_VALIDATION_CONTAMINATION] 1 inherited manual-close trade(s) excluded from policy validation \u2014 these positions were entered in a prior session and closed via MANUAL_CLOSE_SYNCED, not by the current strategy. Symbols: ['PEPEUSDT']. Excluding to prevent false rollback verdict.
[POLICY_VALIDATION_CONTAMINATION] 1 inherited manual-close trade(s) excluded from policy validation \u2014 these positions were entered in a prior session and closed via MANUAL_CLOSE_SYNCED, not by the current strategy. Symbols: ['PEPEUSDT']. Excluding to prevent false rollback verdict.
[POLICY_VALIDATION_CONTAMINATION] 1 inherited manual-close trade(s) excluded from policy validation \u2014 these positions were entered in a prior session and closed via MANUAL_CLOSE_SYNCED, not by the current strategy. Symbols: ['PEPEUSDT']. Excluding to prevent false rollback verdict.
[POLICY_VALIDATION_CONTAMINATION] 1 inherited manual-close trade(s) excluded from policy validation \u2014 these positions were entered in a prior session and closed via MANUAL_CLOSE_SYNCED, not by the current strategy. Symbols: ['PEPEUSDT']. Excluding to prevent false rollback verdict.
[POLICY_VALIDATION_CONTAMINATION] 1 inherited manual-close trade(s) excluded from policy validation \u2014 these positions were entered in a prior session and closed via MANUAL_CLOSE_SYNCED, not by the current strategy. Symbols: ['PEPEUSDT']. Excluding to prevent false rollback verdict.
[POLICY_VALIDATION_CONTAMINATION] 1 inherited manual-close trade(s) excluded from policy validation \u2014 these positions were entered in a prior session and closed via MANUAL_CLOSE_SYNCED, not by the current strategy. Symbols: ['PEPEUSDT']. Excluding to prevent false rollback verdict.
[POLICY_VALIDATION_CONTAMINATION] 1 inherited manual-close trade(s) excluded from policy validation \u2014 these positions were entered in a prior session and closed via MANUAL_CLOSE_SYNCED, not by the current strategy. Symbols: ['PEPEUSDT']. Excluding to prevent false rollback verdict.
[POLICY_VALIDATION_CONTAMINATION] 1 inherited manual-close trade(s) excluded from policy validation \u2014 these positions were entered in a prior session and closed via MANUAL_CLOSE_SYNCED, not by the current strategy. Symbols: ['PEPEUSDT']. Excluding to prevent false rollback verdict.
[POLICY_VALIDATION_CONTAMINATION] 1 inherited manual-close trade(s) excluded from policy validation \u2014 these positions were entered in a prior session and closed via MANUAL_CLOSE_SYNCED, not by the current strategy. Symbols: ['PEPEUSDT']. Excluding to prevent false rollback verdict.
[POLICY_VALIDATION_CONTAMINATION] 1 inherited manual-close trade(s) excluded from policy validation \u2014 these positions were entered in a prior session and closed via MANUAL_CLOSE_SYNCED, not by the current strategy. Symbols: ['PEPEUSDT']. Excluding to prevent false rollback verdict.
[POLICY_VALIDATION_CONTAMINATION] 1 inherited manual-close trade(s) excluded from policy validation \u2014 these positions were entered in a prior session and closed via MANUAL_CLOSE_SYNCED, not by the current strategy. Symbols: ['PEPEUSDT']. Excluding to prevent false rollback verdict.
[POLICY_VALIDATION_CONTAMINATION] 1 inherited manual-close trade(s) excluded from policy validation \u2014 these positions were entered in a prior session and closed via MANUAL_CLOSE_SYNCED, not by the current strategy. Symbols: ['PEPEUSDT']. Excluding to prevent false rollback verdict.
[POLICY_VALIDATION_CONTAMINATION] 1 inherited manual-close trade(s) excluded from policy validation \u2014 these positions were entered in a prior session and closed via MANUAL_CLOSE_SYNCED, not by the current strategy. Symbols: ['PEPEUSDT']. Excluding to prevent false rollback verdict.
[POLICY_VALIDATION_CONTAMINATION] 1 inherited manual-close trade(s) excluded from policy validation \u2014 these positions were entered in a prior session and closed via MANUAL_CLOSE_SYNCED, not by the current strategy. Symbols: ['PEPEUSDT']. Excluding to prevent false rollback verdict.
[POLICY_VALIDATION_CONTAMINATION] 1 inherited manual-close trade(s) excluded from policy validation \u2014 these positions were entered in a prior session and closed via MANUAL_CLOSE_SYNCED, not by the current strategy. Symbols: ['PEPEUSDT']. Excluding to prevent false rollback verdict.
[POLICY_VALIDATION_CONTAMINATION] 1 inherited manual-close trade(s) excluded from policy validation \u2014 these positions were entered in a prior session and closed via MANUAL_CLOSE_SYNCED, not by the current strategy. Symbols: ['PEPEUSDT']. Excluding to prevent false rollback verdict.
[POLICY_VALIDATION_CONTAMINATION] 1 inherited manual-close trade(s) excluded from policy validation \u2014 these positions were entered in a prior session and closed via MANUAL_CLOSE_SYNCED, not by the current strategy. Symbols: ['PEPEUSDT']. Excluding to prevent false rollback verdict.
[POLICY_VALIDATION_CONTAMINATION] 1 inherited manual-close trade(s) excluded from policy validation \u2014 these positions were entered in a prior session and closed via MANUAL_CLOSE_SYNCED, not by the current strategy. Symbols: ['PEPEUSDT']. Excluding to prevent false rollback verdict.
[POLICY_VALIDATION_CONTAMINATION] 1 inherited manual-close trade(s) excluded from policy validation \u2014 these positions were entered in a prior session and closed via MANUAL_CLOSE_SYNCED, not by the current strategy. Symbols: ['PEPEUSDT']. Excluding to prevent false rollback verdict.
[POLICY_VALIDATION_CONTAMINATION] 1 inherited manual-close trade(s) excluded from policy validation \u2014 these positions were entered in a prior session and closed via MANUAL_CLOSE_SYNCED, not by the current strategy. Symbols: ['PEPEUSDT']. Excluding to prevent false rollback verdict.
[POLICY_VALIDATION_CONTAMINATION] 1 inherited manual-close trade(s) excluded from policy validation \u2014 these positions were entered in a prior session and closed via MANUAL_CLOSE_SYNCED, not by the current strategy. Symbols: ['PEPEUSDT']. Excluding to prevent false rollback verdict.
[POLICY_VALIDATION_CONTAMINATION] 1 inherited manual-close trade(s) excluded from policy validation \u2014 these positions were entered in a prior session and closed via MANUAL_CLOSE_SYNCED, not by the current strategy. Symbols: ['PEPEUSDT']. Excluding to prevent false rollback verdict.
[POLICY_VALIDATION_CONTAMINATION] 1 inherited manual-close trade(s) excluded from policy validation \u2014 these positions were entered in a prior session and closed via MANUAL_CLOSE_SYNCED, not by the current strategy. Symbols: ['PEPEUSDT']. Excluding to prevent false rollback verdict.
[POLICY_VALIDATION_CONTAMINATION] 1 inherited manual-close trade(s) excluded from policy validation \u2014 these positions were entered in a prior session and closed via MANUAL_CLOSE_SYNCED, not by the current strategy. Symbols: ['PEPEUSDT']. Excluding to prevent false rollback verdict.
[POLICY_VALIDATION_CONTAMINATION] 1 inherited manual-close trade(s) excluded from policy validation \u2014 these positions were entered in a prior session and closed via MANUAL_CLOSE_SYNCED, not by the current strategy. Symbols: ['PEPEUSDT']. Excluding to prevent false rollback verdict.
[POLICY_VALIDATION_CONTAMINATION] 1 inherited manual-close trade(s) excluded from policy validation \u2014 these positions were entered in a prior session and closed via MANUAL_CLOSE_SYNCED, not by the current strategy. Symbols: ['PEPEUSDT']. Excluding to prevent false rollback verdict.
[POLICY_VALIDATION_CONTAMINATION] 1 inherited manual-close trade(s) excluded from policy validation \u2014 these positions were entered in a prior session and closed via MANUAL_CLOSE_SYNCED, not by the current strategy. Symbols: ['PEPEUSDT']. Excluding to prevent false rollback verdict.
[POLICY_VALIDATION_CONTAMINATION] 1 inherited manual-close trade(s) excluded from policy validation \u2014 these positions were entered in a prior session and closed via MANUAL_CLOSE_SYNCED, not by the current strategy. Symbols: ['PEPEUSDT']. Excluding to prevent false rollback verdict.
[POLICY_VALIDATION_CONTAMINATION] 1 inherited manual-close trade(s) excluded from policy validation \u2014 these positions were entered in a prior session and closed via MANUAL_CLOSE_SYNCED, not by the current strategy. Symbols: ['PEPEUSDT']. Excluding to prevent false rollback verdict.
[POLICY_VALIDATION_CONTAMINATION] 1 inherited manual-close trade(s) excluded from policy validation \u2014 these positions were entered in a prior session and closed via MANUAL_CLOSE_SYNCED, not by the current strategy. Symbols: ['PEPEUSDT']. Excluding to prevent false rollback verdict.
[POLICY_VALIDATION_CONTAMINATION] 1 inherited manual-close trade(s) excluded from policy validation \u2014 these positions were entered in a prior session and closed via MANUAL_CLOSE_SYNCED, not by the current strategy. Symbols: ['PEPEUSDT']. Excluding to prevent false rollback verdict.
[POLICY_VALIDATION_CONTAMINATION] 1 inherited manual-close trade(s) excluded from policy validation \u2014 these positions were entered in a prior session and closed via MANUAL_CLOSE_SYNCED, not by the current strategy. Symbols: ['PEPEUSDT']. Excluding to prevent false rollback verdict.
[POLICY_VALIDATION_CONTAMINATION] 1 inherited manual-close trade(s) excluded from policy validation \u2014 these positions were entered in a prior session and closed via MANUAL_CLOSE_SYNCED, not by the current strategy. Symbols: ['PEPEUSDT']. Excluding to prevent false rollback verdict.
[POLICY_VALIDATION_CONTAMINATION] 1 inherited manual-close trade(s) excluded from policy validation \u2014 these positions were entered in a prior session and closed via MANUAL_CLOSE_SYNCED, not by the current strategy. Symbols: ['PEPEUSDT']. Excluding to prevent false rollback verdict.
[POLICY_VALIDATION_CONTAMINATION] 1 inherited manual-close trade(s) excluded from policy validation \u2014 these positions were entered in a prior session and closed via MANUAL_CLOSE_SYNCED, not by the current strategy. Symbols: ['PEPEUSDT']. Excluding to prevent false rollback verdict.
[POLICY_VALIDATION_CONTAMINATION] 1 inherited manual-close trade(s) excluded from policy validation \u2014 these positions were entered in a prior session and closed via MANUAL_CLOSE_SYNCED, not by the current strategy. Symbols: ['PEPEUSDT']. Excluding to prevent false rollback verdict.
[POLICY_VALIDATION_CONTAMINATION] 1 inherited manual-close trade(s) excluded from policy validation \u2014 these positions were entered in a prior session and closed via MANUAL_CLOSE_SYNCED, not by the current strategy. Symbols: ['PEPEUSDT']. Excluding to prevent false rollback verdict.
[POLICY_VALIDATION_CONTAMINATION] 1 inherited manual-close trade(s) excluded from policy validation \u2014 these positions were entered in a prior session and closed via MANUAL_CLOSE_SYNCED, not by the current strategy. Symbols: ['PEPEUSDT']. Excluding to prevent false rollback verdict.
[POLICY_VALIDATION_CONTAMINATION] 1 inherited manual-close trade(s) excluded from policy validation \u2014 these positions were entered in a prior session and closed via MANUAL_CLOSE_SYNCED, not by the current strategy. Symbols: ['PEPEUSDT']. Excluding to prevent false rollback verdict.
[POLICY_VALIDATION_CONTAMINATION] 1 inherited manual-close trade(s) excluded from policy validation \u2014 these positions were entered in a prior session and closed via MANUAL_CLOSE_SYNCED, not by the current strategy. Symbols: ['PEPEUSDT']. Excluding to prevent false rollback verdict.
[POLICY_VALIDATION_CONTAMINATION] 1 inherited manual-close trade(s) excluded from policy validation \u2014 these positions were entered in a prior session and closed via MANUAL_CLOSE_SYNCED, not by the current strategy. Symbols: ['PEPEUSDT']. Excluding to prevent false rollback verdict.
[POLICY_VALIDATION_CONTAMINATION] 1 inherited manual-close trade(s) excluded from policy validation \u2014 these positions were entered in a prior session and closed via MANUAL_CLOSE_SYNCED, not by the current strategy. Symbols: ['PEPEUSDT']. Excluding to prevent false rollback verdict.
[POLICY_VALIDATION_CONTAMINATION] 1 inherited manual-close trade(s) excluded from policy validation \u2014 these positions were entered in a prior session and closed via MANUAL_CLOSE_SYNCED, not by the current strategy. Symbols: ['PEPEUSDT']. Excluding to prevent false rollback verdict.
[POLICY_VALIDATION_CONTAMINATION] 1 inherited manual-close trade(s) excluded from policy validation \u2014 these positions were entered in a prior session and closed via MANUAL_CLOSE_SYNCED, not by the current strategy. Symbols: ['PEPEUSDT']. Excluding to prevent false rollback verdict.
[POLICY_VALIDATION_CONTAMINATION] 1 inherited manual-close trade(s) excluded from policy validation \u2014 these positions were entered in a prior session and closed via MANUAL_CLOSE_SYNCED, not by the current strategy. Symbols: ['PEPEUSDT']. Excluding to prevent false rollback verdict.
[POLICY_VALIDATION_CONTAMINATION] 1 inherited manual-close trade(s) excluded from policy validation \u2014 these positions were entered in a prior session and closed via MANUAL_CLOSE_SYNCED, not by the current strategy. Symbols: ['PEPEUSDT']. Excluding to prevent false rollback verdict.
[POLICY_VALIDATION_CONTAMINATION] 1 inherited manual-close trade(s) excluded from policy validation \u2014 these positions were entered in a prior session and closed via MANUAL_CLOSE_SYNCED, not by the current strategy. Symbols: ['PEPEUSDT']. Excluding to prevent false rollback verdict.
[POLICY_VALIDATION_CONTAMINATION] 1 inherited manual-close trade(s) excluded from policy validation \u2014 these positions were entered in a prior session and closed via MANUAL_CLOSE_SYNCED, not by the current strategy. Symbols: ['PEPEUSDT']. Excluding to prevent false rollback verdict.
[POLICY_VALIDATION_CONTAMINATION] 1 inherited manual-close trade(s) excluded from policy validation \u2014 these positions were entered in a prior session and closed via MANUAL_CLOSE_SYNCED, not by the current strategy. Symbols: ['PEPEUSDT']. Excluding to prevent false rollback verdict.
[POLICY_VALIDATION_CONTAMINATION] 1 inherited manual-close trade(s) excluded from policy validation \u2014 these positions were entered in a prior session and closed via MANUAL_CLOSE_SYNCED, not by the current strategy. Symbols: ['PEPEUSDT']. Excluding to prevent false rollback verdict.
[POLICY_VALIDATION_CONTAMINATION] 1 inherited manual-close trade(s) excluded from policy validation \u2014 these positions were entered in a prior session and closed via MANUAL_CLOSE_SYNCED, not by the current strategy. Symbols: ['PEPEUSDT']. Excluding to prevent false rollback verdict.
[POLICY_VALIDATION_CONTAMINATION] 1 inherited manual-close trade(s) excluded from policy validation \u2014 these positions were entered in a prior session and closed via MANUAL_CLOSE_SYNCED, not by the current strategy. Symbols: ['PEPEUSDT']. Excluding to prevent false rollback verdict.
[POLICY_VALIDATION_CONTAMINATION] 1 inherited manual-close trade(s) excluded from policy validation \u2014 these positions were entered in a prior session and closed via MANUAL_CLOSE_SYNCED, not by the current strategy. Symbols: ['PEPEUSDT']. Excluding to prevent false rollback verdict.
[POLICY_VALIDATION_CONTAMINATION] 1 inherited manual-close trade(s) excluded from policy validation \u2014 these positions were entered in a prior session and closed via MANUAL_CLOSE_SYNCED, not by the current strategy. Symbols: ['PEPEUSDT']. Excluding to prevent false rollback verdict.
[POLICY_VALIDATION_CONTAMINATION] 1 inherited manual-close trade(s) excluded from policy validation \u2014 these positions were entered in a prior session and closed via MANUAL_CLOSE_SYNCED, not by the current strategy. Symbols: ['PEPEUSDT']. Excluding to prevent false rollback verdict.
[POLICY_VALIDATION_CONTAMINATION] 1 inherited manual-close trade(s) excluded from policy validation \u2014 these positions were entered in a prior session and closed via MANUAL_CLOSE_SYNCED, not by the current strategy. Symbols: ['PEPEUSDT']. Excluding to prevent false rollback verdict.
[POLICY_VALIDATION_CONTAMINATION] 1 inherited manual-close trade(s) excluded from policy validation \u2014 these positions were entered in a prior session and closed via MANUAL_CLOSE_SYNCED, not by the current strategy. Symbols: ['PEPEUSDT']. Excluding to prevent false rollback verdict.
[POLICY_VALIDATION_CONTAMINATION] 1 inherited manual-close trade(s) excluded from policy validation \u2014 these positions were entered in a prior session and closed via MANUAL_CLOSE_SYNCED, not by the current strategy. Symbols: ['PEPEUSDT']. Excluding to prevent false rollback verdict.
[POLICY_VALIDATION_CONTAMINATION] 1 inherited manual-close trade(s) excluded from policy validation \u2014 these positions were entered in a prior session and closed via MANUAL_CLOSE_SYNCED, not by the current strategy. Symbols: ['PEPEUSDT']. Excluding to prevent false rollback verdict.
[POLICY_VALIDATION_CONTAMINATION] 1 inherited manual-close trade(s) excluded from policy validation \u2014 these positions were entered in a prior session and closed via MANUAL_CLOSE_SYNCED, not by the current strategy. Symbols: ['PEPEUSDT']. Excluding to prevent false rollback verdict.
[POLICY_VALIDATION_CONTAMINATION] 1 inherited manual-close trade(s) excluded from policy validation \u2014 these positions were entered in a prior session and closed via MANUAL_CLOSE_SYNCED, not by the current strategy. Symbols: ['PEPEUSDT']. Excluding to prevent false rollback verdict.
[POLICY_VALIDATION_CONTAMINATION] 1 inherited manual-close trade(s) excluded from policy validation \u2014 these positions were entered in a prior session and closed via MANUAL_CLOSE_SYNCED, not by the current strategy. Symbols: ['PEPEUSDT']. Excluding to prevent false rollback verdict.
[POLICY_VALIDATION_CONTAMINATION] 1 inherited manual-close trade(s) excluded from policy validation \u2014 these positions were entered in a prior session and closed via MANUAL_CLOSE_SYNCED, not by the current strategy. Symbols: ['PEPEUSDT']. Excluding to prevent false rollback verdict.
[POLICY_VALIDATION_CONTAMINATION] 1 inherited manual-close trade(s) excluded from policy validation \u2014 these positions were entered in a prior session and closed via MANUAL_CLOSE_SYNCED, not by the current strategy. Symbols: ['PEPEUSDT']. Excluding to prevent false rollback verdict.
[POLICY_VALIDATION_CONTAMINATION] 1 inherited manual-close trade(s) excluded from policy validation \u2014 these positions were entered in a prior session and closed via MANUAL_CLOSE_SYNCED, not by the current strategy. Symbols: ['PEPEUSDT']. Excluding to prevent false rollback verdict.
[POLICY_VALIDATION_CONTAMINATION] 1 inherited manual-close trade(s) excluded from policy validation \u2014 these positions were entered in a prior session and closed via MANUAL_CLOSE_SYNCED, not by the current strategy. Symbols: ['PEPEUSDT']. Excluding to prevent false rollback verdict.
[POLICY_VALIDATION_CONTAMINATION] 1 inherited manual-close trade(s) excluded from policy validation \u2014 these positions were entered in a prior session and closed via MANUAL_CLOSE_SYNCED, not by the current strategy. Symbols: ['PEPEUSDT']. Excluding to prevent false rollback verdict.
[POLICY_VALIDATION_CONTAMINATION] 1 inherited manual-close trade(s) excluded from policy validation \u2014 these positions were entered in a prior session and closed via MANUAL_CLOSE_SYNCED, not by the current strategy. Symbols: ['PEPEUSDT']. Excluding to prevent false rollback verdict.
[POLICY_VALIDATION_CONTAMINATION] 1 inherited manual-close trade(s) excluded from policy validation \u2014 these positions were entered in a prior session and closed via MANUAL_CLOSE_SYNCED, not by the current strategy. Symbols: ['PEPEUSDT']. Excluding to prevent false rollback verdict.
[POLICY_VALIDATION_CONTAMINATION] 1 inherited manual-close trade(s) excluded from policy validation \u2014 these positions were entered in a prior session and closed via MANUAL_CLOSE_SYNCED, not by the current strategy. Symbols: ['PEPEUSDT']. Excluding to prevent false rollback verdict.
[POLICY_VALIDATION_CONTAMINATION] 1 inherited manual-close trade(s) excluded from policy validation \u2014 these positions were entered in a prior session and closed via MANUAL_CLOSE_SYNCED, not by the current strategy. Symbols: ['PEPEUSDT']. Excluding to prevent false rollback verdict.
[POLICY_VALIDATION_CONTAMINATION] 1 inherited manual-close trade(s) excluded from policy validation \u2014 these positions were entered in a prior session and closed via MANUAL_CLOSE_SYNCED, not by the current strategy. Symbols: ['PEPEUSDT']. Excluding to prevent false rollback verdict.
[POLICY_VALIDATION_CONTAMINATION] 1 inherited manual-close trade(s) excluded from policy validation \u2014 these positions were entered in a prior session and closed via MANUAL_CLOSE_SYNCED, not by the current strategy. Symbols: ['PEPEUSDT']. Excluding to prevent false rollback verdict.
[POLICY_VALIDATION_CONTAMINATION] 1 inherited manual-close trade(s) excluded from policy validation \u2014 these positions were entered in a prior session and closed via MANUAL_CLOSE_SYNCED, not by the current strategy. Symbols: ['PEPEUSDT']. Excluding to prevent false rollback verdict.
[POLICY_VALIDATION_CONTAMINATION] 1 inherited manual-close trade(s) excluded from policy validation \u2014 these positions were entered in a prior session and closed via MANUAL_CLOSE_SYNCED, not by the current strategy. Symbols: ['PEPEUSDT']. Excluding to prevent false rollback verdict.
[POLICY_VALIDATION_CONTAMINATION] 1 inherited manual-close trade(s) excluded from policy validation \u2014 these positions were entered in a prior session and closed via MANUAL_CLOSE_SYNCED, not by the current strategy. Symbols: ['PEPEUSDT']. Excluding to prevent false rollback verdict.
[POLICY_VALIDATION_CONTAMINATION] 1 inherited manual-close trade(s) excluded from policy validation \u2014 these positions were entered in a prior session and closed via MANUAL_CLOSE_SYNCED, not by the current strategy. Symbols: ['PEPEUSDT']. Excluding to prevent false rollback verdict.
[POLICY_VALIDATION_CONTAMINATION] 1 inherited manual-close trade(s) excluded from policy validation \u2014 these positions were entered in a prior session and closed via MANUAL_CLOSE_SYNCED, not by the current strategy. Symbols: ['PEPEUSDT']. Excluding to prevent false rollback verdict.
[POLICY_VALIDATION_CONTAMINATION] 1 inherited manual-close trade(s) excluded from policy validation \u2014 these positions were entered in a prior session and closed via MANUAL_CLOSE_SYNCED, not by the current strategy. Symbols: ['PEPEUSDT']. Excluding to prevent false rollback verdict.
[POLICY_VALIDATION_CONTAMINATION] 1 inherited manual-close trade(s) excluded from policy validation \u2014 these positions were entered in a prior session and closed via MANUAL_CLOSE_SYNCED, not by the current strategy. Symbols: ['PEPEUSDT']. Excluding to prevent false rollback verdict.
[POLICY_VALIDATION_CONTAMINATION] 1 inherited manual-close trade(s) excluded from policy validation \u2014 these positions were entered in a prior session and closed via MANUAL_CLOSE_SYNCED, not by the current strategy. Symbols: ['PEPEUSDT']. Excluding to prevent false rollback verdict.
[POLICY_VALIDATION_CONTAMINATION] 1 inherited manual-close trade(s) excluded from policy validation \u2014 these positions were entered in a prior session and closed via MANUAL_CLOSE_SYNCED, not by the current strategy. Symbols: ['PEPEUSDT']. Excluding to prevent false rollback verdict.
[POLICY_VALIDATION_CONTAMINATION] 1 inherited manual-close trade(s) excluded from policy validation \u2014 these positions were entered in a prior session and closed via MANUAL_CLOSE_SYNCED, not by the current strategy. Symbols: ['PEPEUSDT']. Excluding to prevent false rollback verdict.
[POLICY_VALIDATION_CONTAMINATION] 1 inherited manual-close trade(s) excluded from policy validation \u2014 these positions were entered in a prior session and closed via MANUAL_CLOSE_SYNCED, not by the current strategy. Symbols: ['PEPEUSDT']. Excluding to prevent false rollback verdict.
[POLICY_VALIDATION_CONTAMINATION] 1 inherited manual-close trade(s) excluded from policy validation \u2014 these positions were entered in a prior session and closed via MANUAL_CLOSE_SYNCED, not by the current strategy. Symbols: ['PEPEUSDT']. Excluding to prevent false rollback verdict.
[POLICY_VALIDATION_CONTAMINATION] 1 inherited manual-close trade(s) excluded from policy validation \u2014 these positions were entered in a prior session and closed via MANUAL_CLOSE_SYNCED, not by the current strategy. Symbols: ['PEPEUSDT']. Excluding to prevent false rollback verdict.
[POLICY_VALIDATION_CONTAMINATION] 1 inherited manual-close trade(s) excluded from policy validation \u2014 these positions were entered in a prior session and closed via MANUAL_CLOSE_SYNCED, not by the current strategy. Symbols: ['PEPEUSDT']. Excluding to prevent false rollback verdict.

=== supervisor spawn @ 2026-04-15T06:47:43+00:00 ===
[POLICY_VALIDATION_CONTAMINATION] 1 inherited manual-close trade(s) excluded from policy validation \u2014 these positions were entered in a prior session and closed via MANUAL_CLOSE_SYNCED, not by the current strategy. Symbols: ['PEPEUSDT']. Excluding to prevent false rollback verdict.
[POLICY_VALIDATION_CONTAMINATION] 1 inherited manual-close trade(s) excluded from policy validation \u2014 these positions were entered in a prior session and closed via MANUAL_CLOSE_SYNCED, not by the current strategy. Symbols: ['PEPEUSDT']. Excluding to prevent false rollback verdict.
[POLICY_VALIDATION_CONTAMINATION] 1 inherited manual-close trade(s) excluded from policy validation \u2014 these positions were entered in a prior session and closed via MANUAL_CLOSE_SYNCED, not by the current strategy. Symbols: ['PEPEUSDT']. Excluding to prevent false rollback verdict.
[POLICY_VALIDATION_CONTAMINATION] 1 inherited manual-close trade(s) excluded from policy validation \u2014 these positions were entered in a prior session and closed via MANUAL_CLOSE_SYNCED, not by the current strategy. Symbols: ['PEPEUSDT']. Excluding to prevent false rollback verdict.
[POLICY_VALIDATION_CONTAMINATION] 1 inherited manual-close trade(s) excluded from policy validation \u2014 these positions were entered in a prior session and closed via MANUAL_CLOSE_SYNCED, not by the current strategy. Symbols: ['PEPEUSDT']. Excluding to prevent false rollback verdict.
[POLICY_VALIDATION_CONTAMINATION] 1 inherited manual-close trade(s) excluded from policy validation \u2014 these positions were entered in a prior session and closed via MANUAL_CLOSE_SYNCED, not by the current strategy. Symbols: ['PEPEUSDT']. Excluding to prevent false rollback verdict.
[POLICY_VALIDATION_CONTAMINATION] 1 inherited manual-close trade(s) excluded from policy validation \u2014 these positions were entered in a prior session and closed via MANUAL_CLOSE_SYNCED, not by the current strategy. Symbols: ['PEPEUSDT']. Excluding to prevent false rollback verdict.
[POLICY_VALIDATION_CONTAMINATION] 1 inherited manual-close trade(s) excluded from policy validation \u2014 these positions were entered in a prior session and closed via MANUAL_CLOSE_SYNCED, not by the current strategy. Symbols: ['PEPEUSDT']. Excluding to prevent false rollback verdict.
[POLICY_VALIDATION_CONTAMINATION] 1 inherited manual-close trade(s) excluded from policy validation \u2014 these positions were entered in a prior session and closed via MANUAL_CLOSE_SYNCED, not by the current strategy. Symbols: ['PEPEUSDT']. Excluding to prevent false rollback verdict.
[POLICY_VALIDATION_CONTAMINATION] 1 inherited manual-close trade(s) excluded from policy validation \u2014 these positions were entered in a prior session and closed via MANUAL_CLOSE_SYNCED, not by the current strategy. Symbols: ['PEPEUSDT']. Excluding to prevent false rollback verdict.
[POLICY_VALIDATION_CONTAMINATION] 1 inherited manual-close trade(s) excluded from policy validation \u2014 these positions were entered in a prior session and closed via MANUAL_CLOSE_SYNCED, not by the current strategy. Symbols: ['PEPEUSDT']. Excluding to prevent false rollback verdict.
[POLICY_VALIDATION_CONTAMINATION] 1 inherited manual-close trade(s) excluded from policy validation \u2014 these positions were entered in a prior session and closed via MANUAL_CLOSE_SYNCED, not by the current strategy. Symbols: ['PEPEUSDT']. Excluding to prevent false rollback verdict.
[POLICY_VALIDATION_CONTAMINATION] 1 inherited manual-close trade(s) excluded from policy validation \u2014 these positions were entered in a prior session and closed via MANUAL_CLOSE_SYNCED, not by the current strategy. Symbols: ['PEPEUSDT']. Excluding to prevent false rollback verdict.
[POLICY_VALIDATION_CONTAMINATION] 1 inherited manual-close trade(s) excluded from policy validation \u2014 these positions were entered in a prior session and closed via MANUAL_CLOSE_SYNCED, not by the current strategy. Symbols: ['PEPEUSDT']. Excluding to prevent false rollback verdict.
[POLICY_VALIDATION_CONTAMINATION] 1 inherited manual-close trade(s) excluded from policy validation \u2014 these positions were entered in a prior session and closed via MANUAL_CLOSE_SYNCED, not by the current strategy. Symbols: ['PEPEUSDT']. Excluding to prevent false rollback verdict.
[POLICY_VALIDATION_CONTAMINATION] 1 inherited manual-close trade(s) excluded from policy validation \u2014 these positions were entered in a prior session and closed via MANUAL_CLOSE_SYNCED, not by the current strategy. Symbols: ['PEPEUSDT']. Excluding to prevent false rollback verdict.
[POLICY_VALIDATION_CONTAMINATION] 1 inherited manual-close trade(s) excluded from policy validation \u2014 these positions were entered in a prior session and closed via MANUAL_CLOSE_SYNCED, not by the current strategy. Symbols: ['PEPEUSDT']. Excluding to prevent false rollback verdict.
[POLICY_VALIDATION_CONTAMINATION] 1 inherited manual-close trade(s) excluded from policy validation \u2014 these positions were entered in a prior session and closed via MANUAL_CLOSE_SYNCED, not by the current strategy. Symbols: ['PEPEUSDT']. Excluding to prevent false rollback verdict.
[POLICY_VALIDATION_CONTAMINATION] 1 inherited manual-close trade(s) excluded from policy validation \u2014 these positions were entered in a prior session and closed via MANUAL_CLOSE_SYNCED, not by the current strategy. Symbols: ['PEPEUSDT']. Excluding to prevent false rollback verdict.
[POLICY_VALIDATION_CONTAMINATION] 1 inherited manual-close trade(s) excluded from policy validation \u2014 these positions were entered in a prior session and closed via MANUAL_CLOSE_SYNCED, not by the current strategy. Symbols: ['PEPEUSDT']. Excluding to prevent false rollback verdict.
[POLICY_VALIDATION_CONTAMINATION] 1 inherited manual-close trade(s) excluded from policy validation \u2014 these positions were entered in a prior session and closed via MANUAL_CLOSE_SYNCED, not by the current strategy. Symbols: ['PEPEUSDT']. Excluding to prevent false rollback verdict.
[POLICY_VALIDATION_CONTAMINATION] 1 inherited manual-close trade(s) excluded from policy validation \u2014 these positions were entered in a prior session and closed via MANUAL_CLOSE_SYNCED, not by the current strategy. Symbols: ['PEPEUSDT']. Excluding to prevent false rollback verdict.

=== supervisor spawn @ 2026-04-15T06:50:19+00:00 ===
[POLICY_VALIDATION_CONTAMINATION] 1 inherited manual-close trade(s) excluded from policy validation \u2014 these positions were entered in a prior session and closed via MANUAL_CLOSE_SYNCED, not by the current strategy. Symbols: ['PEPEUSDT']. Excluding to prevent false rollback verdict.
[POLICY_VALIDATION_CONTAMINATION] 1 inherited manual-close trade(s) excluded from policy validation \u2014 these positions were entered in a prior session and closed via MANUAL_CLOSE_SYNCED, not by the current strategy. Symbols: ['PEPEUSDT']. Excluding to prevent false rollback verdict.

=== supervisor spawn @ 2026-04-15T07:24:41+00:00 ===

=== supervisor spawn @ 2026-04-15T07:32:53+00:00 ===

=== supervisor spawn @ 2026-04-15T07:38:22+00:00 ===

=== supervisor spawn @ 2026-04-15T07:45:58+00:00 ===

=== supervisor spawn @ 2026-04-16T05:19:51+00:00 ===
[POLICY_VALIDATION_CONTAMINATION] 1 inherited manual-close trade(s) excluded from policy validation \u2014 these positions were entered in a prior session and closed via MANUAL_CLOSE_SYNCED, not by the current strategy. Symbols: ['PEPEUSDT']. Excluding to prevent false rollback verdict.
[POLICY_VALIDATION_CONTAMINATION] 1 inherited manual-close trade(s) excluded from policy validation \u2014 these positions were entered in a prior session and closed via MANUAL_CLOSE_SYNCED, not by the current strategy. Symbols: ['PEPEUSDT']. Excluding to prevent false rollback verdict.
[POLICY_VALIDATION_CONTAMINATION] 1 inherited manual-close trade(s) excluded from policy validation \u2014 these positions were entered in a prior session and closed via MANUAL_CLOSE_SYNCED, not by the current strategy. Symbols: ['PEPEUSDT']. Excluding to prevent false rollback verdict.
[POLICY_VALIDATION_CONTAMINATION] 1 inherited manual-close trade(s) excluded from policy validation \u2014 these positions were entered in a prior session and closed via MANUAL_CLOSE_SYNCED, not by the current strategy. Symbols: ['PEPEUSDT']. Excluding to prevent false rollback verdict.
[POLICY_VALIDATION_CONTAMINATION] 1 inherited manual-close trade(s) excluded from policy validation \u2014 these positions were entered in a prior session and closed via MANUAL_CLOSE_SYNCED, not by the current strategy. Symbols: ['PEPEUSDT']. Excluding to prevent false rollback verdict.
[POLICY_VALIDATION_CONTAMINATION] 1 inherited manual-close trade(s) excluded from policy validation \u2014 these positions were entered in a prior session and closed via MANUAL_CLOSE_SYNCED, not by the current strategy. Symbols: ['PEPEUSDT']. Excluding to prevent false rollback verdict.
[POLICY_VALIDATION_CONTAMINATION] 1 inherited manual-close trade(s) excluded from policy validation \u2014 these positions were entered in a prior session and closed via MANUAL_CLOSE_SYNCED, not by the current strategy. Symbols: ['PEPEUSDT']. Excluding to prevent false rollback verdict.
[POLICY_VALIDATION_CONTAMINATION] 1 inherited manual-close trade(s) excluded from policy validation \u2014 these positions were entered in a prior session and closed via MANUAL_CLOSE_SYNCED, not by the current strategy. Symbols: ['PEPEUSDT']. Excluding to prevent false rollback verdict.
[POLICY_VALIDATION_CONTAMINATION] 1 inherited manual-close trade(s) excluded from policy validation \u2014 these positions were entered in a prior session and closed via MANUAL_CLOSE_SYNCED, not by the current strategy. Symbols: ['PEPEUSDT']. Excluding to prevent false rollback verdict.
[POLICY_VALIDATION_CONTAMINATION] 1 inherited manual-close trade(s) excluded from policy validation \u2014 these positions were entered in a prior session and closed via MANUAL_CLOSE_SYNCED, not by the current strategy. Symbols: ['PEPEUSDT']. Excluding to prevent false rollback verdict.
[POLICY_VALIDATION_CONTAMINATION] 1 inherited manual-close trade(s) excluded from policy validation \u2014 these positions were entered in a prior session and closed via MANUAL_CLOSE_SYNCED, not by the current strategy. Symbols: ['PEPEUSDT']. Excluding to prevent false rollback verdict.
[POLICY_VALIDATION_CONTAMINATION] 1 inherited manual-close trade(s) excluded from policy validation \u2014 these positions were entered in a prior session and closed via MANUAL_CLOSE_SYNCED, not by the current strategy. Symbols: ['PEPEUSDT']. Excluding to prevent false rollback verdict.
[POLICY_VALIDATION_CONTAMINATION] 1 inherited manual-close trade(s) excluded from policy validation \u2014 these positions were entered in a prior session and closed via MANUAL_CLOSE_SYNCED, not by the current strategy. Symbols: ['PEPEUSDT']. Excluding to prevent false rollback verdict.
[POLICY_VALIDATION_CONTAMINATION] 1 inherited manual-close trade(s) excluded from policy validation \u2014 these positions were entered in a prior session and closed via MANUAL_CLOSE_SYNCED, not by the current strategy. Symbols: ['PEPEUSDT']. Excluding to prevent false rollback verdict.

=== supervisor spawn @ 2026-04-16T05:41:42+00:00 ===
[POLICY_VALIDATION_CONTAMINATION] 1 inherited manual-close trade(s) excluded from policy validation \u2014 these positions were entered in a prior session and closed via MANUAL_CLOSE_SYNCED, not by the current strategy. Symbols: ['PEPEUSDT']. Excluding to prevent false rollback verdict.
[POLICY_VALIDATION_CONTAMINATION] 1 inherited manual-close trade(s) excluded from policy validation \u2014 these positions were entered in a prior session and closed via MANUAL_CLOSE_SYNCED, not by the current strategy. Symbols: ['PEPEUSDT']. Excluding to prevent false rollback verdict.
[POLICY_VALIDATION_CONTAMINATION] 1 inherited manual-close trade(s) excluded from policy validation \u2014 these positions were entered in a prior session and closed via MANUAL_CLOSE_SYNCED, not by the current strategy. Symbols: ['PEPEUSDT']. Excluding to prevent false rollback verdict.
[POLICY_VALIDATION_CONTAMINATION] 1 inherited manual-close trade(s) excluded from policy validation \u2014 these positions were entered in a prior session and closed via MANUAL_CLOSE_SYNCED, not by the current strategy. Symbols: ['PEPEUSDT']. Excluding to prevent false rollback verdict.
[POLICY_VALIDATION_CONTAMINATION] 1 inherited manual-close trade(s) excluded from policy validation \u2014 these positions were entered in a prior session and closed via MANUAL_CLOSE_SYNCED, not by the current strategy. Symbols: ['PEPEUSDT']. Excluding to prevent false rollback verdict.
[POLICY_VALIDATION_CONTAMINATION] 1 inherited manual-close trade(s) excluded from policy validation \u2014 these positions were entered in a prior session and closed via MANUAL_CLOSE_SYNCED, not by the current strategy. Symbols: ['PEPEUSDT']. Excluding to prevent false rollback verdict.
[POLICY_VALIDATION_CONTAMINATION] 1 inherited manual-close trade(s) excluded from policy validation \u2014 these positions were entered in a prior session and closed via MANUAL_CLOSE_SYNCED, not by the current strategy. Symbols: ['PEPEUSDT']. Excluding to prevent false rollback verdict.
[POLICY_VALIDATION_CONTAMINATION] 1 inherited manual-close trade(s) excluded from policy validation \u2014 these positions were entered in a prior session and closed via MANUAL_CLOSE_SYNCED, not by the current strategy. Symbols: ['PEPEUSDT']. Excluding to prevent false rollback verdict.
[POLICY_VALIDATION_CONTAMINATION] 1 inherited manual-close trade(s) excluded from policy validation \u2014 these positions were entered in a prior session and closed via MANUAL_CLOSE_SYNCED, not by the current strategy. Symbols: ['PEPEUSDT']. Excluding to prevent false rollback verdict.
[POLICY_VALIDATION_CONTAMINATION] 1 inherited manual-close trade(s) excluded from policy validation \u2014 these positions were entered in a prior session and closed via MANUAL_CLOSE_SYNCED, not by the current strategy. Symbols: ['PEPEUSDT']. Excluding to prevent false rollback verdict.
[POLICY_VALIDATION_CONTAMINATION] 1 inherited manual-close trade(s) excluded from policy validation \u2014 these positions were entered in a prior session and closed via MANUAL_CLOSE_SYNCED, not by the current strategy. Symbols: ['PEPEUSDT']. Excluding to prevent false rollback verdict.
[POLICY_VALIDATION_CONTAMINATION] 1 inherited manual-close trade(s) excluded from policy validation \u2014 these positions were entered in a prior session and closed via MANUAL_CLOSE_SYNCED, not by the current strategy. Symbols: ['PEPEUSDT']. Excluding to prevent false rollback verdict.
[POLICY_VALIDATION_CONTAMINATION] 1 inherited manual-close trade(s) excluded from policy validation \u2014 these positions were entered in a prior session and closed via MANUAL_CLOSE_SYNCED, not by the current strategy. Symbols: ['PEPEUSDT']. Excluding to prevent false rollback verdict.
[POLICY_VALIDATION_CONTAMINATION] 1 inherited manual-close trade(s) excluded from policy validation \u2014 these positions were entered in a prior session and closed via MANUAL_CLOSE_SYNCED, not by the current strategy. Symbols: ['PEPEUSDT']. Excluding to prevent false rollback verdict.
[POLICY_VALIDATION_CONTAMINATION] 1 inherited manual-close trade(s) excluded from policy validation \u2014 these positions were entered in a prior session and closed via MANUAL_CLOSE_SYNCED, not by the current strategy. Symbols: ['PEPEUSDT']. Excluding to prevent false rollback verdict.
[POLICY_VALIDATION_CONTAMINATION] 1 inherited manual-close trade(s) excluded from policy validation \u2014 these positions were entered in a prior session and closed via MANUAL_CLOSE_SYNCED, not by the current strategy. Symbols: ['PEPEUSDT']. Excluding to prevent false rollback verdict.
[POLICY_VALIDATION_CONTAMINATION] 1 inherited manual-close trade(s) excluded from policy validation \u2014 these positions were entered in a prior session and closed via MANUAL_CLOSE_SYNCED, not by the current strategy. Symbols: ['PEPEUSDT']. Excluding to prevent false rollback verdict.
[POLICY_VALIDATION_CONTAMINATION] 1 inherited manual-close trade(s) excluded from policy validation \u2014 these positions were entered in a prior session and closed via MANUAL_CLOSE_SYNCED, not by the current strategy. Symbols: ['PEPEUSDT']. Excluding to prevent false rollback verdict.
[POLICY_VALIDATION_CONTAMINATION] 1 inherited manual-close trade(s) excluded from policy validation \u2014 these positions were entered in a prior session and closed via MANUAL_CLOSE_SYNCED, not by the current strategy. Symbols: ['PEPEUSDT']. Excluding to prevent false rollback verdict.
[POLICY_VALIDATION_CONTAMINATION] 1 inherited manual-close trade(s) excluded from policy validation \u2014 these positions were entered in a prior session and closed via MANUAL_CLOSE_SYNCED, not by the current strategy. Symbols: ['PEPEUSDT']. Excluding to prevent false rollback verdict.
[POLICY_VALIDATION_CONTAMINATION] 1 inherited manual-close trade(s) excluded from policy validation \u2014 these positions were entered in a prior session and closed via MANUAL_CLOSE_SYNCED, not by the current strategy. Symbols: ['PEPEUSDT']. Excluding to prevent false rollback verdict.
[POLICY_VALIDATION_CONTAMINATION] 1 inherited manual-close trade(s) excluded from policy validation \u2014 these positions were entered in a prior session and closed via MANUAL_CLOSE_SYNCED, not by the current strategy. Symbols: ['PEPEUSDT']. Excluding to prevent false rollback verdict.
[POLICY_VALIDATION_CONTAMINATION] 1 inherited manual-close trade(s) excluded from policy validation \u2014 these positions were entered in a prior session and closed via MANUAL_CLOSE_SYNCED, not by the current strategy. Symbols: ['PEPEUSDT']. Excluding to prevent false rollback verdict.
[POLICY_VALIDATION_CONTAMINATION] 1 inherited manual-close trade(s) excluded from policy validation \u2014 these positions were entered in a prior session and closed via MANUAL_CLOSE_SYNCED, not by the current strategy. Symbols: ['PEPEUSDT']. Excluding to prevent false rollback verdict.

=== supervisor spawn @ 2026-04-16T05:44:18+00:00 ===
[POLICY_VALIDATION_CONTAMINATION] 1 inherited manual-close trade(s) excluded from policy validation \u2014 these positions were entered in a prior session and closed via MANUAL_CLOSE_SYNCED, not by the current strategy. Symbols: ['PEPEUSDT']. Excluding to prevent false rollback verdict.
[POLICY_VALIDATION_CONTAMINATION] 1 inherited manual-close trade(s) excluded from policy validation \u2014 these positions were entered in a prior session and closed via MANUAL_CLOSE_SYNCED, not by the current strategy. Symbols: ['PEPEUSDT']. Excluding to prevent false rollback verdict.
[POLICY_VALIDATION_CONTAMINATION] 1 inherited manual-close trade(s) excluded from policy validation \u2014 these positions were entered in a prior session and closed via MANUAL_CLOSE_SYNCED, not by the current strategy. Symbols: ['PEPEUSDT']. Excluding to prevent false rollback verdict.
[POLICY_VALIDATION_CONTAMINATION] 1 inherited manual-close trade(s) excluded from policy validation \u2014 these positions were entered in a prior session and closed via MANUAL_CLOSE_SYNCED, not by the current strategy. Symbols: ['PEPEUSDT']. Excluding to prevent false rollback verdict.
[POLICY_VALIDATION_CONTAMINATION] 1 inherited manual-close trade(s) excluded from policy validation \u2014 these positions were entered in a prior session and closed via MANUAL_CLOSE_SYNCED, not by the current strategy. Symbols: ['PEPEUSDT']. Excluding to prevent false rollback verdict.
[POLICY_VALIDATION_CONTAMINATION] 1 inherited manual-close trade(s) excluded from policy validation \u2014 these positions were entered in a prior session and closed via MANUAL_CLOSE_SYNCED, not by the current strategy. Symbols: ['PEPEUSDT']. Excluding to prevent false rollback verdict.
[POLICY_VALIDATION_CONTAMINATION] 1 inherited manual-close trade(s) excluded from policy validation \u2014 these positions were entered in a prior session and closed via MANUAL_CLOSE_SYNCED, not by the current strategy. Symbols: ['PEPEUSDT']. Excluding to prevent false rollback verdict.
[POLICY_VALIDATION_CONTAMINATION] 1 inherited manual-close trade(s) excluded from policy validation \u2014 these positions were entered in a prior session and closed via MANUAL_CLOSE_SYNCED, not by the current strategy. Symbols: ['PEPEUSDT']. Excluding to prevent false rollback verdict.
[POLICY_VALIDATION_CONTAMINATION] 1 inherited manual-close trade(s) excluded from policy validation \u2014 these positions were entered in a prior session and closed via MANUAL_CLOSE_SYNCED, not by the current strategy. Symbols: ['PEPEUSDT']. Excluding to prevent false rollback verdict.
[POLICY_VALIDATION_CONTAMINATION] 1 inherited manual-close trade(s) excluded from policy validation \u2014 these positions were entered in a prior session and closed via MANUAL_CLOSE_SYNCED, not by the current strategy. Symbols: ['PEPEUSDT']. Excluding to prevent false rollback verdict.
[POLICY_VALIDATION_CONTAMINATION] 1 inherited manual-close trade(s) excluded from policy validation \u2014 these positions were entered in a prior session and closed via MANUAL_CLOSE_SYNCED, not by the current strategy. Symbols: ['PEPEUSDT']. Excluding to prevent false rollback verdict.
[POLICY_VALIDATION_CONTAMINATION] 1 inherited manual-close trade(s) excluded from policy validation \u2014 these positions were entered in a prior session and closed via MANUAL_CLOSE_SYNCED, not by the current strategy. Symbols: ['PEPEUSDT']. Excluding to prevent false rollback verdict.
[POLICY_VALIDATION_CONTAMINATION] 1 inherited manual-close trade(s) excluded from policy validation \u2014 these positions were entered in a prior session and closed via MANUAL_CLOSE_SYNCED, not by the current strategy. Symbols: ['PEPEUSDT']. Excluding to prevent false rollback verdict.
[POLICY_VALIDATION_CONTAMINATION] 1 inherited manual-close trade(s) excluded from policy validation \u2014 these positions were entered in a prior session and closed via MANUAL_CLOSE_SYNCED, not by the current strategy. Symbols: ['PEPEUSDT']. Excluding to prevent false rollback verdict.
[POLICY_VALIDATION_CONTAMINATION] 1 inherited manual-close trade(s) excluded from policy validation \u2014 these positions were entered in a prior session and closed via MANUAL_CLOSE_SYNCED, not by the current strategy. Symbols: ['PEPEUSDT']. Excluding to prevent false rollback verdict.
[POLICY_VALIDATION_CONTAMINATION] 1 inherited manual-close trade(s) excluded from policy validation \u2014 these positions were entered in a prior session and closed via MANUAL_CLOSE_SYNCED, not by the current strategy. Symbols: ['PEPEUSDT']. Excluding to prevent false rollback verdict.
[POLICY_VALIDATION_CONTAMINATION] 1 inherited manual-close trade(s) excluded from policy validation \u2014 these positions were entered in a prior session and closed via MANUAL_CLOSE_SYNCED, not by the current strategy. Symbols: ['PEPEUSDT']. Excluding to prevent false rollback verdict.
[POLICY_VALIDATION_CONTAMINATION] 1 inherited manual-close trade(s) excluded from policy validation \u2014 these positions were entered in a prior session and closed via MANUAL_CLOSE_SYNCED, not by the current strategy. Symbols: ['PEPEUSDT']. Excluding to prevent false rollback verdict.
[POLICY_VALIDATION_CONTAMINATION] 1 inherited manual-close trade(s) excluded from policy validation \u2014 these positions were entered in a prior session and closed via MANUAL_CLOSE_SYNCED, not by the current strategy. Symbols: ['PEPEUSDT']. Excluding to prevent false rollback verdict.
[POLICY_VALIDATION_CONTAMINATION] 1 inherited manual-close trade(s) excluded from policy validation \u2014 these positions were entered in a prior session and closed via MANUAL_CLOSE_SYNCED, not by the current strategy. Symbols: ['PEPEUSDT']. Excluding to prevent false rollback verdict.
[POLICY_VALIDATION_CONTAMINATION] 1 inherited manual-close trade(s) excluded from policy validation \u2014 these positions were entered in a prior session and closed via MANUAL_CLOSE_SYNCED, not by the current strategy. Symbols: ['PEPEUSDT']. Excluding to prevent false rollback verdict.
[POLICY_VALIDATION_CONTAMINATION] 1 inherited manual-close trade(s) excluded from policy validation \u2014 these positions were entered in a prior session and closed via MANUAL_CLOSE_SYNCED, not by the current strategy. Symbols: ['PEPEUSDT']. Excluding to prevent false rollback verdict.
[POLICY_VALIDATION_CONTAMINATION] 1 inherited manual-close trade(s) excluded from policy validation \u2014 these positions were entered in a prior session and closed via MANUAL_CLOSE_SYNCED, not by the current strategy. Symbols: ['PEPEUSDT']. Excluding to prevent false rollback verdict.
[POLICY_VALIDATION_CONTAMINATION] 1 inherited manual-close trade(s) excluded from policy validation \u2014 these positions were entered in a prior session and closed via MANUAL_CLOSE_SYNCED, not by the current strategy. Symbols: ['PEPEUSDT']. Excluding to prevent false rollback verdict.
[POLICY_VALIDATION_CONTAMINATION] 1 inherited manual-close trade(s) excluded from policy validation \u2014 these positions were entered in a prior session and closed via MANUAL_CLOSE_SYNCED, not by the current strategy. Symbols: ['PEPEUSDT']. Excluding to prevent false rollback verdict.
[POLICY_VALIDATION_CONTAMINATION] 1 inherited manual-close trade(s) excluded from policy validation \u2014 these positions were entered in a prior session and closed via MANUAL_CLOSE_SYNCED, not by the current strategy. Symbols: ['PEPEUSDT']. Excluding to prevent false rollback verdict.
[POLICY_VALIDATION_CONTAMINATION] 1 inherited manual-close trade(s) excluded from policy validation \u2014 these positions were entered in a prior session and closed via MANUAL_CLOSE_SYNCED, not by the current strategy. Symbols: ['PEPEUSDT']. Excluding to prevent false rollback verdict.
[POLICY_VALIDATION_CONTAMINATION] 1 inherited manual-close trade(s) excluded from policy validation \u2014 these positions were entered in a prior session and closed via MANUAL_CLOSE_SYNCED, not by the current strategy. Symbols: ['PEPEUSDT']. Excluding to prevent false rollback verdict.
[POLICY_VALIDATION_CONTAMINATION] 1 inherited manual-close trade(s) excluded from policy validation \u2014 these positions were entered in a prior session and closed via MANUAL_CLOSE_SYNCED, not by the current strategy. Symbols: ['PEPEUSDT']. Excluding to prevent false rollback verdict.
[POLICY_VALIDATION_CONTAMINATION] 1 inherited manual-close trade(s) excluded from policy validation \u2014 these positions were entered in a prior session and closed via MANUAL_CLOSE_SYNCED, not by the current strategy. Symbols: ['PEPEUSDT']. Excluding to prevent false rollback verdict.
[POLICY_VALIDATION_CONTAMINATION] 1 inherited manual-close trade(s) excluded from policy validation \u2014 these positions were entered in a prior session and closed via MANUAL_CLOSE_SYNCED, not by the current strategy. Symbols: ['PEPEUSDT']. Excluding to prevent false rollback verdict.
[POLICY_VALIDATION_CONTAMINATION] 1 inherited manual-close trade(s) excluded from policy validation \u2014 these positions were entered in a prior session and closed via MANUAL_CLOSE_SYNCED, not by the current strategy. Symbols: ['PEPEUSDT']. Excluding to prevent false rollback verdict.
[POLICY_VALIDATION_CONTAMINATION] 1 inherited manual-close trade(s) excluded from policy validation \u2014 these positions were entered in a prior session and closed via MANUAL_CLOSE_SYNCED, not by the current strategy. Symbols: ['PEPEUSDT']. Excluding to prevent false rollback verdict.
[POLICY_VALIDATION_CONTAMINATION] 1 inherited manual-close trade(s) excluded from policy validation \u2014 these positions were entered in a prior session and closed via MANUAL_CLOSE_SYNCED, not by the current strategy. Symbols: ['PEPEUSDT']. Excluding to prevent false rollback verdict.
[POLICY_VALIDATION_CONTAMINATION] 1 inherited manual-close trade(s) excluded from policy validation \u2014 these positions were entered in a prior session and closed via MANUAL_CLOSE_SYNCED, not by the current strategy. Symbols: ['PEPEUSDT']. Excluding to prevent false rollback verdict.
[POLICY_VALIDATION_CONTAMINATION] 1 inherited manual-close trade(s) excluded from policy validation \u2014 these positions were entered in a prior session and closed via MANUAL_CLOSE_SYNCED, not by the current strategy. Symbols: ['PEPEUSDT']. Excluding to prevent false rollback verdict.
[POLICY_VALIDATION_CONTAMINATION] 1 inherited manual-close trade(s) excluded from policy validation \u2014 these positions were entered in a prior session and closed via MANUAL_CLOSE_SYNCED, not by the current strategy. Symbols: ['PEPEUSDT']. Excluding to prevent false rollback verdict.
[POLICY_VALIDATION_CONTAMINATION] 1 inherited manual-close trade(s) excluded from policy validation \u2014 these positions were entered in a prior session and closed via MANUAL_CLOSE_SYNCED, not by the current strategy. Symbols: ['PEPEUSDT']. Excluding to prevent false rollback verdict.
[POLICY_VALIDATION_CONTAMINATION] 1 inherited manual-close trade(s) excluded from policy validation \u2014 these positions were entered in a prior session and closed via MANUAL_CLOSE_SYNCED, not by the current strategy. Symbols: ['PEPEUSDT']. Excluding to prevent false rollback verdict.
[POLICY_VALIDATION_CONTAMINATION] 1 inherited manual-close trade(s) excluded from policy validation \u2014 these positions were entered in a prior session and closed via MANUAL_CLOSE_SYNCED, not by the current strategy. Symbols: ['PEPEUSDT']. Excluding to prevent false rollback verdict.
[POLICY_VALIDATION_CONTAMINATION] 1 inherited manual-close trade(s) excluded from policy validation \u2014 these positions were entered in a prior session and closed via MANUAL_CLOSE_SYNCED, not by the current strategy. Symbols: ['PEPEUSDT']. Excluding to prevent false rollback verdict.
[POLICY_VALIDATION_CONTAMINATION] 1 inherited manual-close trade(s) excluded from policy validation \u2014 these positions were entered in a prior session and closed via MANUAL_CLOSE_SYNCED, not by the current strategy. Symbols: ['PEPEUSDT']. Excluding to prevent false rollback verdict.
[POLICY_VALIDATION_CONTAMINATION] 1 inherited manual-close trade(s) excluded from policy validation \u2014 these positions were entered in a prior session and closed via MANUAL_CLOSE_SYNCED, not by the current strategy. Symbols: ['PEPEUSDT']. Excluding to prevent false rollback verdict.
[POLICY_VALIDATION_CONTAMINATION] 1 inherited manual-close trade(s) excluded from policy validation \u2014 these positions were entered in a prior session and closed via MANUAL_CLOSE_SYNCED, not by the current strategy. Symbols: ['PEPEUSDT']. Excluding to prevent false rollback verdict.
[POLICY_VALIDATION_CONTAMINATION] 1 inherited manual-close trade(s) excluded from policy validation \u2014 these positions were entered in a prior session and closed via MANUAL_CLOSE_SYNCED, not by the current strategy. Symbols: ['PEPEUSDT']. Excluding to prevent false rollback verdict.
[POLICY_VALIDATION_CONTAMINATION] 1 inherited manual-close trade(s) excluded from policy validation \u2014 these positions were entered in a prior session and closed via MANUAL_CLOSE_SYNCED, not by the current strategy. Symbols: ['PEPEUSDT']. Excluding to prevent false rollback verdict.
[POLICY_VALIDATION_CONTAMINATION] 1 inherited manual-close trade(s) excluded from policy validation \u2014 these positions were entered in a prior session and closed via MANUAL_CLOSE_SYNCED, not by the current strategy. Symbols: ['PEPEUSDT']. Excluding to prevent false rollback verdict.
[POLICY_VALIDATION_CONTAMINATION] 1 inherited manual-close trade(s) excluded from policy validation \u2014 these positions were entered in a prior session and closed via MANUAL_CLOSE_SYNCED, not by the current strategy. Symbols: ['PEPEUSDT']. Excluding to prevent false rollback verdict.
[POLICY_VALIDATION_CONTAMINATION] 1 inherited manual-close trade(s) excluded from policy validation \u2014 these positions were entered in a prior session and closed via MANUAL_CLOSE_SYNCED, not by the current strategy. Symbols: ['PEPEUSDT']. Excluding to prevent false rollback verdict.
[POLICY_VALIDATION_CONTAMINATION] 1 inherited manual-close trade(s) excluded from policy validation \u2014 these positions were entered in a prior session and closed via MANUAL_CLOSE_SYNCED, not by the current strategy. Symbols: ['PEPEUSDT']. Excluding to prevent false rollback verdict.
[POLICY_VALIDATION_CONTAMINATION] 1 inherited manual-close trade(s) excluded from policy validation \u2014 these positions were entered in a prior session and closed via MANUAL_CLOSE_SYNCED, not by the current strategy. Symbols: ['PEPEUSDT']. Excluding to prevent false rollback verdict.
[POLICY_VALIDATION_CONTAMINATION] 1 inherited manual-close trade(s) excluded from policy validation \u2014 these positions were entered in a prior session and closed via MANUAL_CLOSE_SYNCED, not by the current strategy. Symbols: ['PEPEUSDT']. Excluding to prevent false rollback verdict.
[POLICY_VALIDATION_CONTAMINATION] 1 inherited manual-close trade(s) excluded from policy validation \u2014 these positions were entered in a prior session and closed via MANUAL_CLOSE_SYNCED, not by the current strategy. Symbols: ['PEPEUSDT']. Excluding to prevent false rollback verdict.
[POLICY_VALIDATION_CONTAMINATION] 1 inherited manual-close trade(s) excluded from policy validation \u2014 these positions were entered in a prior session and closed via MANUAL_CLOSE_SYNCED, not by the current strategy. Symbols: ['PEPEUSDT']. Excluding to prevent false rollback verdict.
[POLICY_VALIDATION_CONTAMINATION] 1 inherited manual-close trade(s) excluded from policy validation \u2014 these positions were entered in a prior session and closed via MANUAL_CLOSE_SYNCED, not by the current strategy. Symbols: ['PEPEUSDT']. Excluding to prevent false rollback verdict.
[POLICY_VALIDATION_CONTAMINATION] 1 inherited manual-close trade(s) excluded from policy validation \u2014 these positions were entered in a prior session and closed via MANUAL_CLOSE_SYNCED, not by the current strategy. Symbols: ['PEPEUSDT']. Excluding to prevent false rollback verdict.
[POLICY_VALIDATION_CONTAMINATION] 1 inherited manual-close trade(s) excluded from policy validation \u2014 these positions were entered in a prior session and closed via MANUAL_CLOSE_SYNCED, not by the current strategy. Symbols: ['PEPEUSDT']. Excluding to prevent false rollback verdict.
[POLICY_VALIDATION_CONTAMINATION] 1 inherited manual-close trade(s) excluded from policy validation \u2014 these positions were entered in a prior session and closed via MANUAL_CLOSE_SYNCED, not by the current strategy. Symbols: ['PEPEUSDT']. Excluding to prevent false rollback verdict.
[POLICY_VALIDATION_CONTAMINATION] 1 inherited manual-close trade(s) excluded from policy validation \u2014 these positions were entered in a prior session and closed via MANUAL_CLOSE_SYNCED, not by the current strategy. Symbols: ['PEPEUSDT']. Excluding to prevent false rollback verdict.
[POLICY_VALIDATION_CONTAMINATION] 1 inherited manual-close trade(s) excluded from policy validation \u2014 these positions were entered in a prior session and closed via MANUAL_CLOSE_SYNCED, not by the current strategy. Symbols: ['PEPEUSDT']. Excluding to prevent false rollback verdict.
[POLICY_VALIDATION_CONTAMINATION] 1 inherited manual-close trade(s) excluded from policy validation \u2014 these positions were entered in a prior session and closed via MANUAL_CLOSE_SYNCED, not by the current strategy. Symbols: ['PEPEUSDT']. Excluding to prevent false rollback verdict.
[POLICY_VALIDATION_CONTAMINATION] 1 inherited manual-close trade(s) excluded from policy validation \u2014 these positions were entered in a prior session and closed via MANUAL_CLOSE_SYNCED, not by the current strategy. Symbols: ['PEPEUSDT']. Excluding to prevent false rollback verdict.
[POLICY_VALIDATION_CONTAMINATION] 1 inherited manual-close trade(s) excluded from policy validation \u2014 these positions were entered in a prior session and closed via MANUAL_CLOSE_SYNCED, not by the current strategy. Symbols: ['PEPEUSDT']. Excluding to prevent false rollback verdict.
[POLICY_VALIDATION_CONTAMINATION] 1 inherited manual-close trade(s) excluded from policy validation \u2014 these positions were entered in a prior session and closed via MANUAL_CLOSE_SYNCED, not by the current strategy. Symbols: ['PEPEUSDT']. Excluding to prevent false rollback verdict.
[POLICY_VALIDATION_CONTAMINATION] 1 inherited manual-close trade(s) excluded from policy validation \u2014 these positions were entered in a prior session and closed via MANUAL_CLOSE_SYNCED, not by the current strategy. Symbols: ['PEPEUSDT']. Excluding to prevent false rollback verdict.
[POLICY_VALIDATION_CONTAMINATION] 1 inherited manual-close trade(s) excluded from policy validation \u2014 these positions were entered in a prior session and closed via MANUAL_CLOSE_SYNCED, not by the current strategy. Symbols: ['PEPEUSDT']. Excluding to prevent false rollback verdict.
[POLICY_VALIDATION_CONTAMINATION] 1 inherited manual-close trade(s) excluded from policy validation \u2014 these positions were entered in a prior session and closed via MANUAL_CLOSE_SYNCED, not by the current strategy. Symbols: ['PEPEUSDT']. Excluding to prevent false rollback verdict.
[POLICY_VALIDATION_CONTAMINATION] 1 inherited manual-close trade(s) excluded from policy validation \u2014 these positions were entered in a prior session and closed via MANUAL_CLOSE_SYNCED, not by the current strategy. Symbols: ['PEPEUSDT']. Excluding to prevent false rollback verdict.
[POLICY_VALIDATION_CONTAMINATION] 1 inherited manual-close trade(s) excluded from policy validation \u2014 these positions were entered in a prior session and closed via MANUAL_CLOSE_SYNCED, not by the current strategy. Symbols: ['PEPEUSDT']. Excluding to prevent false rollback verdict.
[POLICY_VALIDATION_CONTAMINATION] 1 inherited manual-close trade(s) excluded from policy validation \u2014 these positions were entered in a prior session and closed via MANUAL_CLOSE_SYNCED, not by the current strategy. Symbols: ['PEPEUSDT']. Excluding to prevent false rollback verdict.
[POLICY_VALIDATION_CONTAMINATION] 1 inherited manual-close trade(s) excluded from policy validation \u2014 these positions were entered in a prior session and closed via MANUAL_CLOSE_SYNCED, not by the current strategy. Symbols: ['PEPEUSDT']. Excluding to prevent false rollback verdict.
[POLICY_VALIDATION_CONTAMINATION] 1 inherited manual-close trade(s) excluded from policy validation \u2014 these positions were entered in a prior session and closed via MANUAL_CLOSE_SYNCED, not by the current strategy. Symbols: ['PEPEUSDT']. Excluding to prevent false rollback verdict.
[POLICY_VALIDATION_CONTAMINATION] 1 inherited manual-close trade(s) excluded from policy validation \u2014 these positions were entered in a prior session and closed via MANUAL_CLOSE_SYNCED, not by the current strategy. Symbols: ['PEPEUSDT']. Excluding to prevent false rollback verdict.
[POLICY_VALIDATION_CONTAMINATION] 1 inherited manual-close trade(s) excluded from policy validation \u2014 these positions were entered in a prior session and closed via MANUAL_CLOSE_SYNCED, not by the current strategy. Symbols: ['PEPEUSDT']. Excluding to prevent false rollback verdict.
[POLICY_VALIDATION_CONTAMINATION] 1 inherited manual-close trade(s) excluded from policy validation \u2014 these positions were entered in a prior session and closed via MANUAL_CLOSE_SYNCED, not by the current strategy. Symbols: ['PEPEUSDT']. Excluding to prevent false rollback verdict.
[POLICY_VALIDATION_CONTAMINATION] 1 inherited manual-close trade(s) excluded from policy validation \u2014 these positions were entered in a prior session and closed via MANUAL_CLOSE_SYNCED, not by the current strategy. Symbols: ['PEPEUSDT']. Excluding to prevent false rollback verdict.
[POLICY_VALIDATION_CONTAMINATION] 1 inherited manual-close trade(s) excluded from policy validation \u2014 these positions were entered in a prior session and closed via MANUAL_CLOSE_SYNCED, not by the current strategy. Symbols: ['PEPEUSDT']. Excluding to prevent false rollback verdict.
[POLICY_VALIDATION_CONTAMINATION] 1 inherited manual-close trade(s) excluded from policy validation \u2014 these positions were entered in a prior session and closed via MANUAL_CLOSE_SYNCED, not by the current strategy. Symbols: ['PEPEUSDT']. Excluding to prevent false rollback verdict.
[POLICY_VALIDATION_CONTAMINATION] 1 inherited manual-close trade(s) excluded from policy validation \u2014 these positions were entered in a prior session and closed via MANUAL_CLOSE_SYNCED, not by the current strategy. Symbols: ['PEPEUSDT']. Excluding to prevent false rollback verdict.
[POLICY_VALIDATION_CONTAMINATION] 1 inherited manual-close trade(s) excluded from policy validation \u2014 these positions were entered in a prior session and closed via MANUAL_CLOSE_SYNCED, not by the current strategy. Symbols: ['PEPEUSDT']. Excluding to prevent false rollback verdict.
[POLICY_VALIDATION_CONTAMINATION] 1 inherited manual-close trade(s) excluded from policy validation \u2014 these positions were entered in a prior session and closed via MANUAL_CLOSE_SYNCED, not by the current strategy. Symbols: ['PEPEUSDT']. Excluding to prevent false rollback verdict.
[POLICY_VALIDATION_CONTAMINATION] 1 inherited manual-close trade(s) excluded from policy validation \u2014 these positions were entered in a prior session and closed via MANUAL_CLOSE_SYNCED, not by the current strategy. Symbols: ['PEPEUSDT']. Excluding to prevent false rollback verdict.
[POLICY_VALIDATION_CONTAMINATION] 1 inherited manual-close trade(s) excluded from policy validation \u2014 these positions were entered in a prior session and closed via MANUAL_CLOSE_SYNCED, not by the current strategy. Symbols: ['PEPEUSDT']. Excluding to prevent false rollback verdict.
[POLICY_VALIDATION_CONTAMINATION] 1 inherited manual-close trade(s) excluded from policy validation \u2014 these positions were entered in a prior session and closed via MANUAL_CLOSE_SYNCED, not by the current strategy. Symbols: ['PEPEUSDT']. Excluding to prevent false rollback verdict.
[POLICY_VALIDATION_CONTAMINATION] 1 inherited manual-close trade(s) excluded from policy validation \u2014 these positions were entered in a prior session and closed via MANUAL_CLOSE_SYNCED, not by the current strategy. Symbols: ['PEPEUSDT']. Excluding to prevent false rollback verdict.
[POLICY_VALIDATION_CONTAMINATION] 1 inherited manual-close trade(s) excluded from policy validation \u2014 these positions were entered in a prior session and closed via MANUAL_CLOSE_SYNCED, not by the current strategy. Symbols: ['PEPEUSDT']. Excluding to prevent false rollback verdict.
[POLICY_VALIDATION_CONTAMINATION] 1 inherited manual-close trade(s) excluded from policy validation \u2014 these positions were entered in a prior session and closed via MANUAL_CLOSE_SYNCED, not by the current strategy. Symbols: ['PEPEUSDT']. Excluding to prevent false rollback verdict.
[POLICY_VALIDATION_CONTAMINATION] 1 inherited manual-close trade(s) excluded from policy validation \u2014 these positions were entered in a prior session and closed via MANUAL_CLOSE_SYNCED, not by the current strategy. Symbols: ['PEPEUSDT']. Excluding to prevent false rollback verdict.
[POLICY_VALIDATION_CONTAMINATION] 1 inherited manual-close trade(s) excluded from policy validation \u2014 these positions were entered in a prior session and closed via MANUAL_CLOSE_SYNCED, not by the current strategy. Symbols: ['PEPEUSDT']. Excluding to prevent false rollback verdict.
[POLICY_VALIDATION_CONTAMINATION] 1 inherited manual-close trade(s) excluded from policy validation \u2014 these positions were entered in a prior session and closed via MANUAL_CLOSE_SYNCED, not by the current strategy. Symbols: ['PEPEUSDT']. Excluding to prevent false rollback verdict.
[POLICY_VALIDATION_CONTAMINATION] 1 inherited manual-close trade(s) excluded from policy validation \u2014 these positions were entered in a prior session and closed via MANUAL_CLOSE_SYNCED, not by the current strategy. Symbols: ['PEPEUSDT']. Excluding to prevent false rollback verdict.
[POLICY_VALIDATION_CONTAMINATION] 1 inherited manual-close trade(s) excluded from policy validation \u2014 these positions were entered in a prior session and closed via MANUAL_CLOSE_SYNCED, not by the current strategy. Symbols: ['PEPEUSDT']. Excluding to prevent false rollback verdict.
[POLICY_VALIDATION_CONTAMINATION] 1 inherited manual-close trade(s) excluded from policy validation \u2014 these positions were entered in a prior session and closed via MANUAL_CLOSE_SYNCED, not by the current strategy. Symbols: ['PEPEUSDT']. Excluding to prevent false rollback verdict.
[POLICY_VALIDATION_CONTAMINATION] 1 inherited manual-close trade(s) excluded from policy validation \u2014 these positions were entered in a prior session and closed via MANUAL_CLOSE_SYNCED, not by the current strategy. Symbols: ['PEPEUSDT']. Excluding to prevent false rollback verdict.
[POLICY_VALIDATION_CONTAMINATION] 1 inherited manual-close trade(s) excluded from policy validation \u2014 these positions were entered in a prior session and closed via MANUAL_CLOSE_SYNCED, not by the current strategy. Symbols: ['PEPEUSDT']. Excluding to prevent false rollback verdict.
[POLICY_VALIDATION_CONTAMINATION] 1 inherited manual-close trade(s) excluded from policy validation \u2014 these positions were entered in a prior session and closed via MANUAL_CLOSE_SYNCED, not by the current strategy. Symbols: ['PEPEUSDT']. Excluding to prevent false rollback verdict.
[POLICY_VALIDATION_CONTAMINATION] 1 inherited manual-close trade(s) excluded from policy validation \u2014 these positions were entered in a prior session and closed via MANUAL_CLOSE_SYNCED, not by the current strategy. Symbols: ['PEPEUSDT']. Excluding to prevent false rollback verdict.
[POLICY_VALIDATION_CONTAMINATION] 1 inherited manual-close trade(s) excluded from policy validation \u2014 these positions were entered in a prior session and closed via MANUAL_CLOSE_SYNCED, not by the current strategy. Symbols: ['PEPEUSDT']. Excluding to prevent false rollback verdict.
[POLICY_VALIDATION_CONTAMINATION] 1 inherited manual-close trade(s) excluded from policy validation \u2014 these positions were entered in a prior session and closed via MANUAL_CLOSE_SYNCED, not by the current strategy. Symbols: ['PEPEUSDT']. Excluding to prevent false rollback verdict.
[POLICY_VALIDATION_CONTAMINATION] 1 inherited manual-close trade(s) excluded from policy validation \u2014 these positions were entered in a prior session and closed via MANUAL_CLOSE_SYNCED, not by the current strategy. Symbols: ['PEPEUSDT']. Excluding to prevent false rollback verdict.
[POLICY_VALIDATION_CONTAMINATION] 1 inherited manual-close trade(s) excluded from policy validation \u2014 these positions were entered in a prior session and closed via MANUAL_CLOSE_SYNCED, not by the current strategy. Symbols: ['PEPEUSDT']. Excluding to prevent false rollback verdict.
[POLICY_VALIDATION_CONTAMINATION] 1 inherited manual-close trade(s) excluded from policy validation \u2014 these positions were entered in a prior session and closed via MANUAL_CLOSE_SYNCED, not by the current strategy. Symbols: ['PEPEUSDT']. Excluding to prevent false rollback verdict.
[POLICY_VALIDATION_CONTAMINATION] 1 inherited manual-close trade(s) excluded from policy validation \u2014 these positions were entered in a prior session and closed via MANUAL_CLOSE_SYNCED, not by the current strategy. Symbols: ['PEPEUSDT']. Excluding to prevent false rollback verdict.
[POLICY_VALIDATION_CONTAMINATION] 1 inherited manual-close trade(s) excluded from policy validation \u2014 these positions were entered in a prior session and closed via MANUAL_CLOSE_SYNCED, not by the current strategy. Symbols: ['PEPEUSDT']. Excluding to prevent false rollback verdict.
[POLICY_VALIDATION_CONTAMINATION] 1 inherited manual-close trade(s) excluded from policy validation \u2014 these positions were entered in a prior session and closed via MANUAL_CLOSE_SYNCED, not by the current strategy. Symbols: ['PEPEUSDT']. Excluding to prevent false rollback verdict.
[POLICY_VALIDATION_CONTAMINATION] 1 inherited manual-close trade(s) excluded from policy validation \u2014 these positions were entered in a prior session and closed via MANUAL_CLOSE_SYNCED, not by the current strategy. Symbols: ['PEPEUSDT']. Excluding to prevent false rollback verdict.
[POLICY_VALIDATION_CONTAMINATION] 1 inherited manual-close trade(s) excluded from policy validation \u2014 these positions were entered in a prior session and closed via MANUAL_CLOSE_SYNCED, not by the current strategy. Symbols: ['PEPEUSDT']. Excluding to prevent false rollback verdict.
[POLICY_VALIDATION_CONTAMINATION] 1 inherited manual-close trade(s) excluded from policy validation \u2014 these positions were entered in a prior session and closed via MANUAL_CLOSE_SYNCED, not by the current strategy. Symbols: ['PEPEUSDT']. Excluding to prevent false rollback verdict.
[POLICY_VALIDATION_CONTAMINATION] 1 inherited manual-close trade(s) excluded from policy validation \u2014 these positions were entered in a prior session and closed via MANUAL_CLOSE_SYNCED, not by the current strategy. Symbols: ['PEPEUSDT']. Excluding to prevent false rollback verdict.
[POLICY_VALIDATION_CONTAMINATION] 1 inherited manual-close trade(s) excluded from policy validation \u2014 these positions were entered in a prior session and closed via MANUAL_CLOSE_SYNCED, not by the current strategy. Symbols: ['PEPEUSDT']. Excluding to prevent false rollback verdict.
[POLICY_VALIDATION_CONTAMINATION] 1 inherited manual-close trade(s) excluded from policy validation \u2014 these positions were entered in a prior session and closed via MANUAL_CLOSE_SYNCED, not by the current strategy. Symbols: ['PEPEUSDT']. Excluding to prevent false rollback verdict.
[POLICY_VALIDATION_CONTAMINATION] 1 inherited manual-close trade(s) excluded from policy validation \u2014 these positions were entered in a prior session and closed via MANUAL_CLOSE_SYNCED, not by the current strategy. Symbols: ['PEPEUSDT']. Excluding to prevent false rollback verdict.
[POLICY_VALIDATION_CONTAMINATION] 1 inherited manual-close trade(s) excluded from policy validation \u2014 these positions were entered in a prior session and closed via MANUAL_CLOSE_SYNCED, not by the current strategy. Symbols: ['PEPEUSDT']. Excluding to prevent false rollback verdict.
[POLICY_VALIDATION_CONTAMINATION] 1 inherited manual-close trade(s) excluded from policy validation \u2014 these positions were entered in a prior session and closed via MANUAL_CLOSE_SYNCED, not by the current strategy. Symbols: ['PEPEUSDT']. Excluding to prevent false rollback verdict.
[POLICY_VALIDATION_CONTAMINATION] 1 inherited manual-close trade(s) excluded from policy validation \u2014 these positions were entered in a prior session and closed via MANUAL_CLOSE_SYNCED, not by the current strategy. Symbols: ['PEPEUSDT']. Excluding to prevent false rollback verdict.
[POLICY_VALIDATION_CONTAMINATION] 1 inherited manual-close trade(s) excluded from policy validation \u2014 these positions were entered in a prior session and closed via MANUAL_CLOSE_SYNCED, not by the current strategy. Symbols: ['PEPEUSDT']. Excluding to prevent false rollback verdict.
[POLICY_VALIDATION_CONTAMINATION] 1 inherited manual-close trade(s) excluded from policy validation \u2014 these positions were entered in a prior session and closed via MANUAL_CLOSE_SYNCED, not by the current strategy. Symbols: ['PEPEUSDT']. Excluding to prevent false rollback verdict.
[POLICY_VALIDATION_CONTAMINATION] 1 inherited manual-close trade(s) excluded from policy validation \u2014 these positions were entered in a prior session and closed via MANUAL_CLOSE_SYNCED, not by the current strategy. Symbols: ['PEPEUSDT']. Excluding to prevent false rollback verdict.
[POLICY_VALIDATION_CONTAMINATION] 1 inherited manual-close trade(s) excluded from policy validation \u2014 these positions were entered in a prior session and closed via MANUAL_CLOSE_SYNCED, not by the current strategy. Symbols: ['PEPEUSDT']. Excluding to prevent false rollback verdict.
[POLICY_VALIDATION_CONTAMINATION] 1 inherited manual-close trade(s) excluded from policy validation \u2014 these positions were entered in a prior session and closed via MANUAL_CLOSE_SYNCED, not by the current strategy. Symbols: ['PEPEUSDT']. Excluding to prevent false rollback verdict.
[POLICY_VALIDATION_CONTAMINATION] 1 inherited manual-close trade(s) excluded from policy validation \u2014 these positions were entered in a prior session and closed via MANUAL_CLOSE_SYNCED, not by the current strategy. Symbols: ['PEPEUSDT']. Excluding to prevent false rollback verdict.
[POLICY_VALIDATION_CONTAMINATION] 1 inherited manual-close trade(s) excluded from policy validation \u2014 these positions were entered in a prior session and closed via MANUAL_CLOSE_SYNCED, not by the current strategy. Symbols: ['PEPEUSDT']. Excluding to prevent false rollback verdict.
[POLICY_VALIDATION_CONTAMINATION] 1 inherited manual-close trade(s) excluded from policy validation \u2014 these positions were entered in a prior session and closed via MANUAL_CLOSE_SYNCED, not by the current strategy. Symbols: ['PEPEUSDT']. Excluding to prevent false rollback verdict.
[POLICY_VALIDATION_CONTAMINATION] 1 inherited manual-close trade(s) excluded from policy validation \u2014 these positions were entered in a prior session and closed via MANUAL_CLOSE_SYNCED, not by the current strategy. Symbols: ['PEPEUSDT']. Excluding to prevent false rollback verdict.
[POLICY_VALIDATION_CONTAMINATION] 1 inherited manual-close trade(s) excluded from policy validation \u2014 these positions were entered in a prior session and closed via MANUAL_CLOSE_SYNCED, not by the current strategy. Symbols: ['PEPEUSDT']. Excluding to prevent false rollback verdict.
[POLICY_VALIDATION_CONTAMINATION] 1 inherited manual-close trade(s) excluded from policy validation \u2014 these positions were entered in a prior session and closed via MANUAL_CLOSE_SYNCED, not by the current strategy. Symbols: ['PEPEUSDT']. Excluding to prevent false rollback verdict.
[POLICY_VALIDATION_CONTAMINATION] 1 inherited manual-close trade(s) excluded from policy validation \u2014 these positions were entered in a prior session and closed via MANUAL_CLOSE_SYNCED, not by the current strategy. Symbols: ['PEPEUSDT']. Excluding to prevent false rollback verdict.
[POLICY_VALIDATION_CONTAMINATION] 1 inherited manual-close trade(s) excluded from policy validation \u2014 these positions were entered in a prior session and closed via MANUAL_CLOSE_SYNCED, not by the current strategy. Symbols: ['PEPEUSDT']. Excluding to prevent false rollback verdict.
[POLICY_VALIDATION_CONTAMINATION] 1 inherited manual-close trade(s) excluded from policy validation \u2014 these positions were entered in a prior session and closed via MANUAL_CLOSE_SYNCED, not by the current strategy. Symbols: ['PEPEUSDT']. Excluding to prevent false rollback verdict.
[POLICY_VALIDATION_CONTAMINATION] 1 inherited manual-close trade(s) excluded from policy validation \u2014 these positions were entered in a prior session and closed via MANUAL_CLOSE_SYNCED, not by the current strategy. Symbols: ['PEPEUSDT']. Excluding to prevent false rollback verdict.
[POLICY_VALIDATION_CONTAMINATION] 1 inherited manual-close trade(s) excluded from policy validation \u2014 these positions were entered in a prior session and closed via MANUAL_CLOSE_SYNCED, not by the current strategy. Symbols: ['PEPEUSDT']. Excluding to prevent false rollback verdict.
[POLICY_VALIDATION_CONTAMINATION] 1 inherited manual-close trade(s) excluded from policy validation \u2014 these positions were entered in a prior session and closed via MANUAL_CLOSE_SYNCED, not by the current strategy. Symbols: ['PEPEUSDT']. Excluding to prevent false rollback verdict.
[POLICY_VALIDATION_CONTAMINATION] 1 inherited manual-close trade(s) excluded from policy validation \u2014 these positions were entered in a prior session and closed via MANUAL_CLOSE_SYNCED, not by the current strategy. Symbols: ['PEPEUSDT']. Excluding to prevent false rollback verdict.
[POLICY_VALIDATION_CONTAMINATION] 1 inherited manual-close trade(s) excluded from policy validation \u2014 these positions were entered in a prior session and closed via MANUAL_CLOSE_SYNCED, not by the current strategy. Symbols: ['PEPEUSDT']. Excluding to prevent false rollback verdict.
[POLICY_VALIDATION_CONTAMINATION] 1 inherited manual-close trade(s) excluded from policy validation \u2014 these positions were entered in a prior session and closed via MANUAL_CLOSE_SYNCED, not by the current strategy. Symbols: ['PEPEUSDT']. Excluding to prevent false rollback verdict.
[POLICY_VALIDATION_CONTAMINATION] 1 inherited manual-close trade(s) excluded from policy validation \u2014 these positions were entered in a prior session and closed via MANUAL_CLOSE_SYNCED, not by the current strategy. Symbols: ['PEPEUSDT']. Excluding to prevent false rollback verdict.
[POLICY_VALIDATION_CONTAMINATION] 1 inherited manual-close trade(s) excluded from policy validation \u2014 these positions were entered in a prior session and closed via MANUAL_CLOSE_SYNCED, not by the current strategy. Symbols: ['PEPEUSDT']. Excluding to prevent false rollback verdict.
[POLICY_VALIDATION_CONTAMINATION] 1 inherited manual-close trade(s) excluded from policy validation \u2014 these positions were entered in a prior session and closed via MANUAL_CLOSE_SYNCED, not by the current strategy. Symbols: ['PEPEUSDT']. Excluding to prevent false rollback verdict.
[POLICY_VALIDATION_CONTAMINATION] 1 inherited manual-close trade(s) excluded from policy validation \u2014 these positions were entered in a prior session and closed via MANUAL_CLOSE_SYNCED, not by the current strategy. Symbols: ['PEPEUSDT']. Excluding to prevent false rollback verdict.
[POLICY_VALIDATION_CONTAMINATION] 1 inherited manual-close trade(s) excluded from policy validation \u2014 these positions were entered in a prior session and closed via MANUAL_CLOSE_SYNCED, not by the current strategy. Symbols: ['PEPEUSDT']. Excluding to prevent false rollback verdict.
[POLICY_VALIDATION_CONTAMINATION] 1 inherited manual-close trade(s) excluded from policy validation \u2014 these positions were entered in a prior session and closed via MANUAL_CLOSE_SYNCED, not by the current strategy. Symbols: ['PEPEUSDT']. Excluding to prevent false rollback verdict.
[POLICY_VALIDATION_CONTAMINATION] 1 inherited manual-close trade(s) excluded from policy validation \u2014 these positions were entered in a prior session and closed via MANUAL_CLOSE_SYNCED, not by the current strategy. Symbols: ['PEPEUSDT']. Excluding to prevent false rollback verdict.
[POLICY_VALIDATION_CONTAMINATION] 1 inherited manual-close trade(s) excluded from policy validation \u2014 these positions were entered in a prior session and closed via MANUAL_CLOSE_SYNCED, not by the current strategy. Symbols: ['PEPEUSDT']. Excluding to prevent false rollback verdict.
[POLICY_VALIDATION_CONTAMINATION] 1 inherited manual-close trade(s) excluded from policy validation \u2014 these positions were entered in a prior session and closed via MANUAL_CLOSE_SYNCED, not by the current strategy. Symbols: ['PEPEUSDT']. Excluding to prevent false rollback verdict.
[POLICY_VALIDATION_CONTAMINATION] 1 inherited manual-close trade(s) excluded from policy validation \u2014 these positions were entered in a prior session and closed via MANUAL_CLOSE_SYNCED, not by the current strategy. Symbols: ['PEPEUSDT']. Excluding to prevent false rollback verdict.
[POLICY_VALIDATION_CONTAMINATION] 1 inherited manual-close trade(s) excluded from policy validation \u2014 these positions were entered in a prior session and closed via MANUAL_CLOSE_SYNCED, not by the current strategy. Symbols: ['PEPEUSDT']. Excluding to prevent false rollback verdict.
[POLICY_VALIDATION_CONTAMINATION] 1 inherited manual-close trade(s) excluded from policy validation \u2014 these positions were entered in a prior session and closed via MANUAL_CLOSE_SYNCED, not by the current strategy. Symbols: ['PEPEUSDT']. Excluding to prevent false rollback verdict.
[POLICY_VALIDATION_CONTAMINATION] 1 inherited manual-close trade(s) excluded from policy validation \u2014 these positions were entered in a prior session and closed via MANUAL_CLOSE_SYNCED, not by the current strategy. Symbols: ['PEPEUSDT']. Excluding to prevent false rollback verdict.
[POLICY_VALIDATION_CONTAMINATION] 1 inherited manual-close trade(s) excluded from policy validation \u2014 these positions were entered in a prior session and closed via MANUAL_CLOSE_SYNCED, not by the current strategy. Symbols: ['PEPEUSDT']. Excluding to prevent false rollback verdict.
[POLICY_VALIDATION_CONTAMINATION] 1 inherited manual-close trade(s) excluded from policy validation \u2014 these positions were entered in a prior session and closed via MANUAL_CLOSE_SYNCED, not by the current strategy. Symbols: ['PEPEUSDT']. Excluding to prevent false rollback verdict.

=== supervisor spawn @ 2026-04-16T06:01:56+00:00 ===
[POLICY_VALIDATION_CONTAMINATION] 1 inherited manual-close trade(s) excluded from policy validation \u2014 these positions were entered in a prior session and closed via MANUAL_CLOSE_SYNCED, not by the current strategy. Symbols: ['PEPEUSDT']. Excluding to prevent false rollback verdict.
[POLICY_VALIDATION_CONTAMINATION] 1 inherited manual-close trade(s) excluded from policy validation \u2014 these positions were entered in a prior session and closed via MANUAL_CLOSE_SYNCED, not by the current strategy. Symbols: ['PEPEUSDT']. Excluding to prevent false rollback verdict.
[POLICY_VALIDATION_CONTAMINATION] 1 inherited manual-close trade(s) excluded from policy validation \u2014 these positions were entered in a prior session and closed via MANUAL_CLOSE_SYNCED, not by the current strategy. Symbols: ['PEPEUSDT']. Excluding to prevent false rollback verdict.
[POLICY_VALIDATION_CONTAMINATION] 1 inherited manual-close trade(s) excluded from policy validation \u2014 these positions were entered in a prior session and closed via MANUAL_CLOSE_SYNCED, not by the current strategy. Symbols: ['PEPEUSDT']. Excluding to prevent false rollback verdict.
[POLICY_VALIDATION_CONTAMINATION] 1 inherited manual-close trade(s) excluded from policy validation \u2014 these positions were entered in a prior session and closed via MANUAL_CLOSE_SYNCED, not by the current strategy. Symbols: ['PEPEUSDT']. Excluding to prevent false rollback verdict.
[POLICY_VALIDATION_CONTAMINATION] 1 inherited manual-close trade(s) excluded from policy validation \u2014 these positions were entered in a prior session and closed via MANUAL_CLOSE_SYNCED, not by the current strategy. Symbols: ['PEPEUSDT']. Excluding to prevent false rollback verdict.
[POLICY_VALIDATION_CONTAMINATION] 1 inherited manual-close trade(s) excluded from policy validation \u2014 these positions were entered in a prior session and closed via MANUAL_CLOSE_SYNCED, not by the current strategy. Symbols: ['PEPEUSDT']. Excluding to prevent false rollback verdict.
[POLICY_VALIDATION_CONTAMINATION] 1 inherited manual-close trade(s) excluded from policy validation \u2014 these positions were entered in a prior session and closed via MANUAL_CLOSE_SYNCED, not by the current strategy. Symbols: ['PEPEUSDT']. Excluding to prevent false rollback verdict.
[POLICY_VALIDATION_CONTAMINATION] 1 inherited manual-close trade(s) excluded from policy validation \u2014 these positions were entered in a prior session and closed via MANUAL_CLOSE_SYNCED, not by the current strategy. Symbols: ['PEPEUSDT']. Excluding to prevent false rollback verdict.
[POLICY_VALIDATION_CONTAMINATION] 1 inherited manual-close trade(s) excluded from policy validation \u2014 these positions were entered in a prior session and closed via MANUAL_CLOSE_SYNCED, not by the current strategy. Symbols: ['PEPEUSDT']. Excluding to prevent false rollback verdict.
[POLICY_VALIDATION_CONTAMINATION] 1 inherited manual-close trade(s) excluded from policy validation \u2014 these positions were entered in a prior session and closed via MANUAL_CLOSE_SYNCED, not by the current strategy. Symbols: ['PEPEUSDT']. Excluding to prevent false rollback verdict.
[POLICY_VALIDATION_CONTAMINATION] 1 inherited manual-close trade(s) excluded from policy validation \u2014 these positions were entered in a prior session and closed via MANUAL_CLOSE_SYNCED, not by the current strategy. Symbols: ['PEPEUSDT']. Excluding to prevent false rollback verdict.
[POLICY_VALIDATION_CONTAMINATION] 1 inherited manual-close trade(s) excluded from policy validation \u2014 these positions were entered in a prior session and closed via MANUAL_CLOSE_SYNCED, not by the current strategy. Symbols: ['PEPEUSDT']. Excluding to prevent false rollback verdict.
[POLICY_VALIDATION_CONTAMINATION] 1 inherited manual-close trade(s) excluded from policy validation \u2014 these positions were entered in a prior session and closed via MANUAL_CLOSE_SYNCED, not by the current strategy. Symbols: ['PEPEUSDT']. Excluding to prevent false rollback verdict.
[POLICY_VALIDATION_CONTAMINATION] 1 inherited manual-close trade(s) excluded from policy validation \u2014 these positions were entered in a prior session and closed via MANUAL_CLOSE_SYNCED, not by the current strategy. Symbols: ['PEPEUSDT']. Excluding to prevent false rollback verdict.
[POLICY_VALIDATION_CONTAMINATION] 1 inherited manual-close trade(s) excluded from policy validation \u2014 these positions were entered in a prior session and closed via MANUAL_CLOSE_SYNCED, not by the current strategy. Symbols: ['PEPEUSDT']. Excluding to prevent false rollback verdict.
[POLICY_VALIDATION_CONTAMINATION] 1 inherited manual-close trade(s) excluded from policy validation \u2014 these positions were entered in a prior session and closed via MANUAL_CLOSE_SYNCED, not by the current strategy. Symbols: ['PEPEUSDT']. Excluding to prevent false rollback verdict.
[POLICY_VALIDATION_CONTAMINATION] 1 inherited manual-close trade(s) excluded from policy validation \u2014 these positions were entered in a prior session and closed via MANUAL_CLOSE_SYNCED, not by the current strategy. Symbols: ['PEPEUSDT']. Excluding to prevent false rollback verdict.
[POLICY_VALIDATION_CONTAMINATION] 1 inherited manual-close trade(s) excluded from policy validation \u2014 these positions were entered in a prior session and closed via MANUAL_CLOSE_SYNCED, not by the current strategy. Symbols: ['PEPEUSDT']. Excluding to prevent false rollback verdict.
[POLICY_VALIDATION_CONTAMINATION] 1 inherited manual-close trade(s) excluded from policy validation \u2014 these positions were entered in a prior session and closed via MANUAL_CLOSE_SYNCED, not by the current strategy. Symbols: ['PEPEUSDT']. Excluding to prevent false rollback verdict.
[POLICY_VALIDATION_CONTAMINATION] 1 inherited manual-close trade(s) excluded from policy validation \u2014 these positions were entered in a prior session and closed via MANUAL_CLOSE_SYNCED, not by the current strategy. Symbols: ['PEPEUSDT']. Excluding to prevent false rollback verdict.
[POLICY_VALIDATION_CONTAMINATION] 1 inherited manual-close trade(s) excluded from policy validation \u2014 these positions were entered in a prior session and closed via MANUAL_CLOSE_SYNCED, not by the current strategy. Symbols: ['PEPEUSDT']. Excluding to prevent false rollback verdict.
[POLICY_VALIDATION_CONTAMINATION] 1 inherited manual-close trade(s) excluded from policy validation \u2014 these positions were entered in a prior session and closed via MANUAL_CLOSE_SYNCED, not by the current strategy. Symbols: ['PEPEUSDT']. Excluding to prevent false rollback verdict.
[POLICY_VALIDATION_CONTAMINATION] 1 inherited manual-close trade(s) excluded from policy validation \u2014 these positions were entered in a prior session and closed via MANUAL_CLOSE_SYNCED, not by the current strategy. Symbols: ['PEPEUSDT']. Excluding to prevent false rollback verdict.
[POLICY_VALIDATION_CONTAMINATION] 1 inherited manual-close trade(s) excluded from policy validation \u2014 these positions were entered in a prior session and closed via MANUAL_CLOSE_SYNCED, not by the current strategy. Symbols: ['PEPEUSDT']. Excluding to prevent false rollback verdict.
[POLICY_VALIDATION_CONTAMINATION] 1 inherited manual-close trade(s) excluded from policy validation \u2014 these positions were entered in a prior session and closed via MANUAL_CLOSE_SYNCED, not by the current strategy. Symbols: ['PEPEUSDT']. Excluding to prevent false rollback verdict.
[POLICY_VALIDATION_CONTAMINATION] 1 inherited manual-close trade(s) excluded from policy validation \u2014 these positions were entered in a prior session and closed via MANUAL_CLOSE_SYNCED, not by the current strategy. Symbols: ['PEPEUSDT']. Excluding to prevent false rollback verdict.
[POLICY_VALIDATION_CONTAMINATION] 1 inherited manual-close trade(s) excluded from policy validation \u2014 these positions were entered in a prior session and closed via MANUAL_CLOSE_SYNCED, not by the current strategy. Symbols: ['PEPEUSDT']. Excluding to prevent false rollback verdict.
[POLICY_VALIDATION_CONTAMINATION] 1 inherited manual-close trade(s) excluded from policy validation \u2014 these positions were entered in a prior session and closed via MANUAL_CLOSE_SYNCED, not by the current strategy. Symbols: ['PEPEUSDT']. Excluding to prevent false rollback verdict.
[POLICY_VALIDATION_CONTAMINATION] 1 inherited manual-close trade(s) excluded from policy validation \u2014 these positions were entered in a prior session and closed via MANUAL_CLOSE_SYNCED, not by the current strategy. Symbols: ['PEPEUSDT']. Excluding to prevent false rollback verdict.
[POLICY_VALIDATION_CONTAMINATION] 1 inherited manual-close trade(s) excluded from policy validation \u2014 these positions were entered in a prior session and closed via MANUAL_CLOSE_SYNCED, not by the current strategy. Symbols: ['PEPEUSDT']. Excluding to prevent false rollback verdict.
[POLICY_VALIDATION_CONTAMINATION] 1 inherited manual-close trade(s) excluded from policy validation \u2014 these positions were entered in a prior session and closed via MANUAL_CLOSE_SYNCED, not by the current strategy. Symbols: ['PEPEUSDT']. Excluding to prevent false rollback verdict.
[POLICY_VALIDATION_CONTAMINATION] 1 inherited manual-close trade(s) excluded from policy validation \u2014 these positions were entered in a prior session and closed via MANUAL_CLOSE_SYNCED, not by the current strategy. Symbols: ['PEPEUSDT']. Excluding to prevent false rollback verdict.
[POLICY_VALIDATION_CONTAMINATION] 1 inherited manual-close trade(s) excluded from policy validation \u2014 these positions were entered in a prior session and closed via MANUAL_CLOSE_SYNCED, not by the current strategy. Symbols: ['PEPEUSDT']. Excluding to prevent false rollback verdict.
[POLICY_VALIDATION_CONTAMINATION] 1 inherited manual-close trade(s) excluded from policy validation \u2014 these positions were entered in a prior session and closed via MANUAL_CLOSE_SYNCED, not by the current strategy. Symbols: ['PEPEUSDT']. Excluding to prevent false rollback verdict.
[POLICY_VALIDATION_CONTAMINATION] 1 inherited manual-close trade(s) excluded from policy validation \u2014 these positions were entered in a prior session and closed via MANUAL_CLOSE_SYNCED, not by the current strategy. Symbols: ['PEPEUSDT']. Excluding to prevent false rollback verdict.
[POLICY_VALIDATION_CONTAMINATION] 1 inherited manual-close trade(s) excluded from policy validation \u2014 these positions were entered in a prior session and closed via MANUAL_CLOSE_SYNCED, not by the current strategy. Symbols: ['PEPEUSDT']. Excluding to prevent false rollback verdict.
[POLICY_VALIDATION_CONTAMINATION] 1 inherited manual-close trade(s) excluded from policy validation \u2014 these positions were entered in a prior session and closed via MANUAL_CLOSE_SYNCED, not by the current strategy. Symbols: ['PEPEUSDT']. Excluding to prevent false rollback verdict.
[POLICY_VALIDATION_CONTAMINATION] 1 inherited manual-close trade(s) excluded from policy validation \u2014 these positions were entered in a prior session and closed via MANUAL_CLOSE_SYNCED, not by the current strategy. Symbols: ['PEPEUSDT']. Excluding to prevent false rollback verdict.
[POLICY_VALIDATION_CONTAMINATION] 1 inherited manual-close trade(s) excluded from policy validation \u2014 these positions were entered in a prior session and closed via MANUAL_CLOSE_SYNCED, not by the current strategy. Symbols: ['PEPEUSDT']. Excluding to prevent false rollback verdict.
[POLICY_VALIDATION_CONTAMINATION] 1 inherited manual-close trade(s) excluded from policy validation \u2014 these positions were entered in a prior session and closed via MANUAL_CLOSE_SYNCED, not by the current strategy. Symbols: ['PEPEUSDT']. Excluding to prevent false rollback verdict.
[POLICY_VALIDATION_CONTAMINATION] 1 inherited manual-close trade(s) excluded from policy validation \u2014 these positions were entered in a prior session and closed via MANUAL_CLOSE_SYNCED, not by the current strategy. Symbols: ['PEPEUSDT']. Excluding to prevent false rollback verdict.
[POLICY_VALIDATION_CONTAMINATION] 1 inherited manual-close trade(s) excluded from policy validation \u2014 these positions were entered in a prior session and closed via MANUAL_CLOSE_SYNCED, not by the current strategy. Symbols: ['PEPEUSDT']. Excluding to prevent false rollback verdict.
[POLICY_VALIDATION_CONTAMINATION] 1 inherited manual-close trade(s) excluded from policy validation \u2014 these positions were entered in a prior session and closed via MANUAL_CLOSE_SYNCED, not by the current strategy. Symbols: ['PEPEUSDT']. Excluding to prevent false rollback verdict.
[POLICY_VALIDATION_CONTAMINATION] 1 inherited manual-close trade(s) excluded from policy validation \u2014 these positions were entered in a prior session and closed via MANUAL_CLOSE_SYNCED, not by the current strategy. Symbols: ['PEPEUSDT']. Excluding to prevent false rollback verdict.
[POLICY_VALIDATION_CONTAMINATION] 1 inherited manual-close trade(s) excluded from policy validation \u2014 these positions were entered in a prior session and closed via MANUAL_CLOSE_SYNCED, not by the current strategy. Symbols: ['PEPEUSDT']. Excluding to prevent false rollback verdict.
[POLICY_VALIDATION_CONTAMINATION] 1 inherited manual-close trade(s) excluded from policy validation \u2014 these positions were entered in a prior session and closed via MANUAL_CLOSE_SYNCED, not by the current strategy. Symbols: ['PEPEUSDT']. Excluding to prevent false rollback verdict.
[POLICY_VALIDATION_CONTAMINATION] 1 inherited manual-close trade(s) excluded from policy validation \u2014 these positions were entered in a prior session and closed via MANUAL_CLOSE_SYNCED, not by the current strategy. Symbols: ['PEPEUSDT']. Excluding to prevent false rollback verdict.
[POLICY_VALIDATION_CONTAMINATION] 1 inherited manual-close trade(s) excluded from policy validation \u2014 these positions were entered in a prior session and closed via MANUAL_CLOSE_SYNCED, not by the current strategy. Symbols: ['PEPEUSDT']. Excluding to prevent false rollback verdict.
[POLICY_VALIDATION_CONTAMINATION] 1 inherited manual-close trade(s) excluded from policy validation \u2014 these positions were entered in a prior session and closed via MANUAL_CLOSE_SYNCED, not by the current strategy. Symbols: ['PEPEUSDT']. Excluding to prevent false rollback verdict.
[POLICY_VALIDATION_CONTAMINATION] 1 inherited manual-close trade(s) excluded from policy validation \u2014 these positions were entered in a prior session and closed via MANUAL_CLOSE_SYNCED, not by the current strategy. Symbols: ['PEPEUSDT']. Excluding to prevent false rollback verdict.
[POLICY_VALIDATION_CONTAMINATION] 1 inherited manual-close trade(s) excluded from policy validation \u2014 these positions were entered in a prior session and closed via MANUAL_CLOSE_SYNCED, not by the current strategy. Symbols: ['PEPEUSDT']. Excluding to prevent false rollback verdict.
[POLICY_VALIDATION_CONTAMINATION] 1 inherited manual-close trade(s) excluded from policy validation \u2014 these positions were entered in a prior session and closed via MANUAL_CLOSE_SYNCED, not by the current strategy. Symbols: ['PEPEUSDT']. Excluding to prevent false rollback verdict.
[POLICY_VALIDATION_CONTAMINATION] 1 inherited manual-close trade(s) excluded from policy validation \u2014 these positions were entered in a prior session and closed via MANUAL_CLOSE_SYNCED, not by the current strategy. Symbols: ['PEPEUSDT']. Excluding to prevent false rollback verdict.
[POLICY_VALIDATION_CONTAMINATION] 1 inherited manual-close trade(s) excluded from policy validation \u2014 these positions were entered in a prior session and closed via MANUAL_CLOSE_SYNCED, not by the current strategy. Symbols: ['PEPEUSDT']. Excluding to prevent false rollback verdict.
[POLICY_VALIDATION_CONTAMINATION] 1 inherited manual-close trade(s) excluded from policy validation \u2014 these positions were entered in a prior session and closed via MANUAL_CLOSE_SYNCED, not by the current strategy. Symbols: ['PEPEUSDT']. Excluding to prevent false rollback verdict.
[POLICY_VALIDATION_CONTAMINATION] 1 inherited manual-close trade(s) excluded from policy validation \u2014 these positions were entered in a prior session and closed via MANUAL_CLOSE_SYNCED, not by the current strategy. Symbols: ['PEPEUSDT']. Excluding to prevent false rollback verdict.
[POLICY_VALIDATION_CONTAMINATION] 1 inherited manual-close trade(s) excluded from policy validation \u2014 these positions were entered in a prior session and closed via MANUAL_CLOSE_SYNCED, not by the current strategy. Symbols: ['PEPEUSDT']. Excluding to prevent false rollback verdict.
[POLICY_VALIDATION_CONTAMINATION] 1 inherited manual-close trade(s) excluded from policy validation \u2014 these positions were entered in a prior session and closed via MANUAL_CLOSE_SYNCED, not by the current strategy. Symbols: ['PEPEUSDT']. Excluding to prevent false rollback verdict.
[POLICY_VALIDATION_CONTAMINATION] 1 inherited manual-close trade(s) excluded from policy validation \u2014 these positions were entered in a prior session and closed via MANUAL_CLOSE_SYNCED, not by the current strategy. Symbols: ['PEPEUSDT']. Excluding to prevent false rollback verdict.
[POLICY_VALIDATION_CONTAMINATION] 1 inherited manual-close trade(s) excluded from policy validation \u2014 these positions were entered in a prior session and closed via MANUAL_CLOSE_SYNCED, not by the current strategy. Symbols: ['PEPEUSDT']. Excluding to prevent false rollback verdict.
[POLICY_VALIDATION_CONTAMINATION] 1 inherited manual-close trade(s) excluded from policy validation \u2014 these positions were entered in a prior session and closed via MANUAL_CLOSE_SYNCED, not by the current strategy. Symbols: ['PEPEUSDT']. Excluding to prevent false rollback verdict.
[POLICY_VALIDATION_CONTAMINATION] 1 inherited manual-close trade(s) excluded from policy validation \u2014 these positions were entered in a prior session and closed via MANUAL_CLOSE_SYNCED, not by the current strategy. Symbols: ['PEPEUSDT']. Excluding to prevent false rollback verdict.
[POLICY_VALIDATION_CONTAMINATION] 1 inherited manual-close trade(s) excluded from policy validation \u2014 these positions were entered in a prior session and closed via MANUAL_CLOSE_SYNCED, not by the current strategy. Symbols: ['PEPEUSDT']. Excluding to prevent false rollback verdict.
[POLICY_VALIDATION_CONTAMINATION] 1 inherited manual-close trade(s) excluded from policy validation \u2014 these positions were entered in a prior session and closed via MANUAL_CLOSE_SYNCED, not by the current strategy. Symbols: ['PEPEUSDT']. Excluding to prevent false rollback verdict.
[POLICY_VALIDATION_CONTAMINATION] 1 inherited manual-close trade(s) excluded from policy validation \u2014 these positions were entered in a prior session and closed via MANUAL_CLOSE_SYNCED, not by the current strategy. Symbols: ['PEPEUSDT']. Excluding to prevent false rollback verdict.

=== supervisor spawn @ 2026-04-16T06:48:44+00:00 ===
[POLICY_VALIDATION_CONTAMINATION] 1 inherited manual-close trade(s) excluded from policy validation \u2014 these positions were entered in a prior session and closed via MANUAL_CLOSE_SYNCED, not by the current strategy. Symbols: ['PEPEUSDT']. Excluding to prevent false rollback verdict.
[POLICY_VALIDATION_CONTAMINATION] 1 inherited manual-close trade(s) excluded from policy validation \u2014 these positions were entered in a prior session and closed via MANUAL_CLOSE_SYNCED, not by the current strategy. Symbols: ['PEPEUSDT']. Excluding to prevent false rollback verdict.
[POLICY_VALIDATION_CONTAMINATION] 1 inherited manual-close trade(s) excluded from policy validation \u2014 these positions were entered in a prior session and closed via MANUAL_CLOSE_SYNCED, not by the current strategy. Symbols: ['PEPEUSDT']. Excluding to prevent false rollback verdict.
[POLICY_VALIDATION_CONTAMINATION] 1 inherited manual-close trade(s) excluded from policy validation \u2014 these positions were entered in a prior session and closed via MANUAL_CLOSE_SYNCED, not by the current strategy. Symbols: ['PEPEUSDT']. Excluding to prevent false rollback verdict.
[POLICY_VALIDATION_CONTAMINATION] 1 inherited manual-close trade(s) excluded from policy validation \u2014 these positions were entered in a prior session and closed via MANUAL_CLOSE_SYNCED, not by the current strategy. Symbols: ['PEPEUSDT']. Excluding to prevent false rollback verdict.
[POLICY_VALIDATION_CONTAMINATION] 1 inherited manual-close trade(s) excluded from policy validation \u2014 these positions were entered in a prior session and closed via MANUAL_CLOSE_SYNCED, not by the current strategy. Symbols: ['PEPEUSDT']. Excluding to prevent false rollback verdict.
[POLICY_VALIDATION_CONTAMINATION] 1 inherited manual-close trade(s) excluded from policy validation \u2014 these positions were entered in a prior session and closed via MANUAL_CLOSE_SYNCED, not by the current strategy. Symbols: ['PEPEUSDT']. Excluding to prevent false rollback verdict.
[POLICY_VALIDATION_CONTAMINATION] 1 inherited manual-close trade(s) excluded from policy validation \u2014 these positions were entered in a prior session and closed via MANUAL_CLOSE_SYNCED, not by the current strategy. Symbols: ['PEPEUSDT']. Excluding to prevent false rollback verdict.
[POLICY_VALIDATION_CONTAMINATION] 1 inherited manual-close trade(s) excluded from policy validation \u2014 these positions were entered in a prior session and closed via MANUAL_CLOSE_SYNCED, not by the current strategy. Symbols: ['PEPEUSDT']. Excluding to prevent false rollback verdict.
[POLICY_VALIDATION_CONTAMINATION] 1 inherited manual-close trade(s) excluded from policy validation \u2014 these positions were entered in a prior session and closed via MANUAL_CLOSE_SYNCED, not by the current strategy. Symbols: ['PEPEUSDT']. Excluding to prevent false rollback verdict.
[POLICY_VALIDATION_CONTAMINATION] 1 inherited manual-close trade(s) excluded from policy validation \u2014 these positions were entered in a prior session and closed via MANUAL_CLOSE_SYNCED, not by the current strategy. Symbols: ['PEPEUSDT']. Excluding to prevent false rollback verdict.
[POLICY_VALIDATION_CONTAMINATION] 1 inherited manual-close trade(s) excluded from policy validation \u2014 these positions were entered in a prior session and closed via MANUAL_CLOSE_SYNCED, not by the current strategy. Symbols: ['PEPEUSDT']. Excluding to prevent false rollback verdict.
[POLICY_VALIDATION_CONTAMINATION] 1 inherited manual-close trade(s) excluded from policy validation \u2014 these positions were entered in a prior session and closed via MANUAL_CLOSE_SYNCED, not by the current strategy. Symbols: ['PEPEUSDT']. Excluding to prevent false rollback verdict.
[POLICY_VALIDATION_CONTAMINATION] 1 inherited manual-close trade(s) excluded from policy validation \u2014 these positions were entered in a prior session and closed via MANUAL_CLOSE_SYNCED, not by the current strategy. Symbols: ['PEPEUSDT']. Excluding to prevent false rollback verdict.
[POLICY_VALIDATION_CONTAMINATION] 1 inherited manual-close trade(s) excluded from policy validation \u2014 these positions were entered in a prior session and closed via MANUAL_CLOSE_SYNCED, not by the current strategy. Symbols: ['PEPEUSDT']. Excluding to prevent false rollback verdict.
[POLICY_VALIDATION_CONTAMINATION] 1 inherited manual-close trade(s) excluded from policy validation \u2014 these positions were entered in a prior session and closed via MANUAL_CLOSE_SYNCED, not by the current strategy. Symbols: ['PEPEUSDT']. Excluding to prevent false rollback verdict.
[POLICY_VALIDATION_CONTAMINATION] 1 inherited manual-close trade(s) excluded from policy validation \u2014 these positions were entered in a prior session and closed via MANUAL_CLOSE_SYNCED, not by the current strategy. Symbols: ['PEPEUSDT']. Excluding to prevent false rollback verdict.
[POLICY_VALIDATION_CONTAMINATION] 1 inherited manual-close trade(s) excluded from policy validation \u2014 these positions were entered in a prior session and closed via MANUAL_CLOSE_SYNCED, not by the current strategy. Symbols: ['PEPEUSDT']. Excluding to prevent false rollback verdict.
[POLICY_VALIDATION_CONTAMINATION] 1 inherited manual-close trade(s) excluded from policy validation \u2014 these positions were entered in a prior session and closed via MANUAL_CLOSE_SYNCED, not by the current strategy. Symbols: ['PEPEUSDT']. Excluding to prevent false rollback verdict.
[POLICY_VALIDATION_CONTAMINATION] 1 inherited manual-close trade(s) excluded from policy validation \u2014 these positions were entered in a prior session and closed via MANUAL_CLOSE_SYNCED, not by the current strategy. Symbols: ['PEPEUSDT']. Excluding to prevent false rollback verdict.
[POLICY_VALIDATION_CONTAMINATION] 1 inherited manual-close trade(s) excluded from policy validation \u2014 these positions were entered in a prior session and closed via MANUAL_CLOSE_SYNCED, not by the current strategy. Symbols: ['PEPEUSDT']. Excluding to prevent false rollback verdict.
[POLICY_VALIDATION_CONTAMINATION] 1 inherited manual-close trade(s) excluded from policy validation \u2014 these positions were entered in a prior session and closed via MANUAL_CLOSE_SYNCED, not by the current strategy. Symbols: ['PEPEUSDT']. Excluding to prevent false rollback verdict.
[POLICY_VALIDATION_CONTAMINATION] 1 inherited manual-close trade(s) excluded from policy validation \u2014 these positions were entered in a prior session and closed via MANUAL_CLOSE_SYNCED, not by the current strategy. Symbols: ['PEPEUSDT']. Excluding to prevent false rollback verdict.
[POLICY_VALIDATION_CONTAMINATION] 1 inherited manual-close trade(s) excluded from policy validation \u2014 these positions were entered in a prior session and closed via MANUAL_CLOSE_SYNCED, not by the current strategy. Symbols: ['PEPEUSDT']. Excluding to prevent false rollback verdict.
[POLICY_VALIDATION_CONTAMINATION] 1 inherited manual-close trade(s) excluded from policy validation \u2014 these positions were entered in a prior session and closed via MANUAL_CLOSE_SYNCED, not by the current strategy. Symbols: ['PEPEUSDT']. Excluding to prevent false rollback verdict.
[POLICY_VALIDATION_CONTAMINATION] 1 inherited manual-close trade(s) excluded from policy validation \u2014 these positions were entered in a prior session and closed via MANUAL_CLOSE_SYNCED, not by the current strategy. Symbols: ['PEPEUSDT']. Excluding to prevent false rollback verdict.
[POLICY_VALIDATION_CONTAMINATION] 1 inherited manual-close trade(s) excluded from policy validation \u2014 these positions were entered in a prior session and closed via MANUAL_CLOSE_SYNCED, not by the current strategy. Symbols: ['PEPEUSDT']. Excluding to prevent false rollback verdict.
[POLICY_VALIDATION_CONTAMINATION] 1 inherited manual-close trade(s) excluded from policy validation \u2014 these positions were entered in a prior session and closed via MANUAL_CLOSE_SYNCED, not by the current strategy. Symbols: ['PEPEUSDT']. Excluding to prevent false rollback verdict.
[POLICY_VALIDATION_CONTAMINATION] 1 inherited manual-close trade(s) excluded from policy validation \u2014 these positions were entered in a prior session and closed via MANUAL_CLOSE_SYNCED, not by the current strategy. Symbols: ['PEPEUSDT']. Excluding to prevent false rollback verdict.
[POLICY_VALIDATION_CONTAMINATION] 1 inherited manual-close trade(s) excluded from policy validation \u2014 these positions were entered in a prior session and closed via MANUAL_CLOSE_SYNCED, not by the current strategy. Symbols: ['PEPEUSDT']. Excluding to prevent false rollback verdict.
[POLICY_VALIDATION_CONTAMINATION] 1 inherited manual-close trade(s) excluded from policy validation \u2014 these positions were entered in a prior session and closed via MANUAL_CLOSE_SYNCED, not by the current strategy. Symbols: ['PEPEUSDT']. Excluding to prevent false rollback verdict.
[POLICY_VALIDATION_CONTAMINATION] 1 inherited manual-close trade(s) excluded from policy validation \u2014 these positions were entered in a prior session and closed via MANUAL_CLOSE_SYNCED, not by the current strategy. Symbols: ['PEPEUSDT']. Excluding to prevent false rollback verdict.
[POLICY_VALIDATION_CONTAMINATION] 1 inherited manual-close trade(s) excluded from policy validation \u2014 these positions were entered in a prior session and closed via MANUAL_CLOSE_SYNCED, not by the current strategy. Symbols: ['PEPEUSDT']. Excluding to prevent false rollback verdict.
[POLICY_VALIDATION_CONTAMINATION] 1 inherited manual-close trade(s) excluded from policy validation \u2014 these positions were entered in a prior session and closed via MANUAL_CLOSE_SYNCED, not by the current strategy. Symbols: ['PEPEUSDT']. Excluding to prevent false rollback verdict.
[POLICY_VALIDATION_CONTAMINATION] 1 inherited manual-close trade(s) excluded from policy validation \u2014 these positions were entered in a prior session and closed via MANUAL_CLOSE_SYNCED, not by the current strategy. Symbols: ['PEPEUSDT']. Excluding to prevent false rollback verdict.
[POLICY_VALIDATION_CONTAMINATION] 1 inherited manual-close trade(s) excluded from policy validation \u2014 these positions were entered in a prior session and closed via MANUAL_CLOSE_SYNCED, not by the current strategy. Symbols: ['PEPEUSDT']. Excluding to prevent false rollback verdict.
[POLICY_VALIDATION_CONTAMINATION] 1 inherited manual-close trade(s) excluded from policy validation \u2014 these positions were entered in a prior session and closed via MANUAL_CLOSE_SYNCED, not by the current strategy. Symbols: ['PEPEUSDT']. Excluding to prevent false rollback verdict.
[POLICY_VALIDATION_CONTAMINATION] 1 inherited manual-close trade(s) excluded from policy validation \u2014 these positions were entered in a prior session and closed via MANUAL_CLOSE_SYNCED, not by the current strategy. Symbols: ['PEPEUSDT']. Excluding to prevent false rollback verdict.
[POLICY_VALIDATION_CONTAMINATION] 1 inherited manual-close trade(s) excluded from policy validation \u2014 these positions were entered in a prior session and closed via MANUAL_CLOSE_SYNCED, not by the current strategy. Symbols: ['PEPEUSDT']. Excluding to prevent false rollback verdict.
[POLICY_VALIDATION_CONTAMINATION] 1 inherited manual-close trade(s) excluded from policy validation \u2014 these positions were entered in a prior session and closed via MANUAL_CLOSE_SYNCED, not by the current strategy. Symbols: ['PEPEUSDT']. Excluding to prevent false rollback verdict.
[POLICY_VALIDATION_CONTAMINATION] 1 inherited manual-close trade(s) excluded from policy validation \u2014 these positions were entered in a prior session and closed via MANUAL_CLOSE_SYNCED, not by the current strategy. Symbols: ['PEPEUSDT']. Excluding to prevent false rollback verdict.
[POLICY_VALIDATION_CONTAMINATION] 1 inherited manual-close trade(s) excluded from policy validation \u2014 these positions were entered in a prior session and closed via MANUAL_CLOSE_SYNCED, not by the current strategy. Symbols: ['PEPEUSDT']. Excluding to prevent false rollback verdict.
[POLICY_VALIDATION_CONTAMINATION] 1 inherited manual-close trade(s) excluded from policy validation \u2014 these positions were entered in a prior session and closed via MANUAL_CLOSE_SYNCED, not by the current strategy. Symbols: ['PEPEUSDT']. Excluding to prevent false rollback verdict.
[POLICY_VALIDATION_CONTAMINATION] 1 inherited manual-close trade(s) excluded from policy validation \u2014 these positions were entered in a prior session and closed via MANUAL_CLOSE_SYNCED, not by the current strategy. Symbols: ['PEPEUSDT']. Excluding to prevent false rollback verdict.
[POLICY_VALIDATION_CONTAMINATION] 1 inherited manual-close trade(s) excluded from policy validation \u2014 these positions were entered in a prior session and closed via MANUAL_CLOSE_SYNCED, not by the current strategy. Symbols: ['PEPEUSDT']. Excluding to prevent false rollback verdict.
[POLICY_VALIDATION_CONTAMINATION] 1 inherited manual-close trade(s) excluded from policy validation \u2014 these positions were entered in a prior session and closed via MANUAL_CLOSE_SYNCED, not by the current strategy. Symbols: ['PEPEUSDT']. Excluding to prevent false rollback verdict.
[POLICY_VALIDATION_CONTAMINATION] 1 inherited manual-close trade(s) excluded from policy validation \u2014 these positions were entered in a prior session and closed via MANUAL_CLOSE_SYNCED, not by the current strategy. Symbols: ['PEPEUSDT']. Excluding to prevent false rollback verdict.
[POLICY_VALIDATION_CONTAMINATION] 1 inherited manual-close trade(s) excluded from policy validation \u2014 these positions were entered in a prior session and closed via MANUAL_CLOSE_SYNCED, not by the current strategy. Symbols: ['PEPEUSDT']. Excluding to prevent false rollback verdict.
[POLICY_VALIDATION_CONTAMINATION] 1 inherited manual-close trade(s) excluded from policy validation \u2014 these positions were entered in a prior session and closed via MANUAL_CLOSE_SYNCED, not by the current strategy. Symbols: ['PEPEUSDT']. Excluding to prevent false rollback verdict.
[POLICY_VALIDATION_CONTAMINATION] 1 inherited manual-close trade(s) excluded from policy validation \u2014 these positions were entered in a prior session and closed via MANUAL_CLOSE_SYNCED, not by the current strategy. Symbols: ['PEPEUSDT']. Excluding to prevent false rollback verdict.
[POLICY_VALIDATION_CONTAMINATION] 1 inherited manual-close trade(s) excluded from policy validation \u2014 these positions were entered in a prior session and closed via MANUAL_CLOSE_SYNCED, not by the current strategy. Symbols: ['PEPEUSDT']. Excluding to prevent false rollback verdict.
[POLICY_VALIDATION_CONTAMINATION] 1 inherited manual-close trade(s) excluded from policy validation \u2014 these positions were entered in a prior session and closed via MANUAL_CLOSE_SYNCED, not by the current strategy. Symbols: ['PEPEUSDT']. Excluding to prevent false rollback verdict.
[POLICY_VALIDATION_CONTAMINATION] 1 inherited manual-close trade(s) excluded from policy validation \u2014 these positions were entered in a prior session and closed via MANUAL_CLOSE_SYNCED, not by the current strategy. Symbols: ['PEPEUSDT']. Excluding to prevent false rollback verdict.
[POLICY_VALIDATION_CONTAMINATION] 1 inherited manual-close trade(s) excluded from policy validation \u2014 these positions were entered in a prior session and closed via MANUAL_CLOSE_SYNCED, not by the current strategy. Symbols: ['PEPEUSDT']. Excluding to prevent false rollback verdict.
[POLICY_VALIDATION_CONTAMINATION] 1 inherited manual-close trade(s) excluded from policy validation \u2014 these positions were entered in a prior session and closed via MANUAL_CLOSE_SYNCED, not by the current strategy. Symbols: ['PEPEUSDT']. Excluding to prevent false rollback verdict.
[POLICY_VALIDATION_CONTAMINATION] 1 inherited manual-close trade(s) excluded from policy validation \u2014 these positions were entered in a prior session and closed via MANUAL_CLOSE_SYNCED, not by the current strategy. Symbols: ['PEPEUSDT']. Excluding to prevent false rollback verdict.
[POLICY_VALIDATION_CONTAMINATION] 1 inherited manual-close trade(s) excluded from policy validation \u2014 these positions were entered in a prior session and closed via MANUAL_CLOSE_SYNCED, not by the current strategy. Symbols: ['PEPEUSDT']. Excluding to prevent false rollback verdict.
[POLICY_VALIDATION_CONTAMINATION] 1 inherited manual-close trade(s) excluded from policy validation \u2014 these positions were entered in a prior session and closed via MANUAL_CLOSE_SYNCED, not by the current strategy. Symbols: ['PEPEUSDT']. Excluding to prevent false rollback verdict.
[POLICY_VALIDATION_CONTAMINATION] 1 inherited manual-close trade(s) excluded from policy validation \u2014 these positions were entered in a prior session and closed via MANUAL_CLOSE_SYNCED, not by the current strategy. Symbols: ['PEPEUSDT']. Excluding to prevent false rollback verdict.
[POLICY_VALIDATION_CONTAMINATION] 1 inherited manual-close trade(s) excluded from policy validation \u2014 these positions were entered in a prior session and closed via MANUAL_CLOSE_SYNCED, not by the current strategy. Symbols: ['PEPEUSDT']. Excluding to prevent false rollback verdict.
[POLICY_VALIDATION_CONTAMINATION] 1 inherited manual-close trade(s) excluded from policy validation \u2014 these positions were entered in a prior session and closed via MANUAL_CLOSE_SYNCED, not by the current strategy. Symbols: ['PEPEUSDT']. Excluding to prevent false rollback verdict.
[POLICY_VALIDATION_CONTAMINATION] 1 inherited manual-close trade(s) excluded from policy validation \u2014 these positions were entered in a prior session and closed via MANUAL_CLOSE_SYNCED, not by the current strategy. Symbols: ['PEPEUSDT']. Excluding to prevent false rollback verdict.
[POLICY_VALIDATION_CONTAMINATION] 1 inherited manual-close trade(s) excluded from policy validation \u2014 these positions were entered in a prior session and closed via MANUAL_CLOSE_SYNCED, not by the current strategy. Symbols: ['PEPEUSDT']. Excluding to prevent false rollback verdict.
[POLICY_VALIDATION_CONTAMINATION] 1 inherited manual-close trade(s) excluded from policy validation \u2014 these positions were entered in a prior session and closed via MANUAL_CLOSE_SYNCED, not by the current strategy. Symbols: ['PEPEUSDT']. Excluding to prevent false rollback verdict.
[POLICY_VALIDATION_CONTAMINATION] 1 inherited manual-close trade(s) excluded from policy validation \u2014 these positions were entered in a prior session and closed via MANUAL_CLOSE_SYNCED, not by the current strategy. Symbols: ['PEPEUSDT']. Excluding to prevent false rollback verdict.
[POLICY_VALIDATION_CONTAMINATION] 1 inherited manual-close trade(s) excluded from policy validation \u2014 these positions were entered in a prior session and closed via MANUAL_CLOSE_SYNCED, not by the current strategy. Symbols: ['PEPEUSDT']. Excluding to prevent false rollback verdict.
[POLICY_VALIDATION_CONTAMINATION] 1 inherited manual-close trade(s) excluded from policy validation \u2014 these positions were entered in a prior session and closed via MANUAL_CLOSE_SYNCED, not by the current strategy. Symbols: ['PEPEUSDT']. Excluding to prevent false rollback verdict.
[POLICY_VALIDATION_CONTAMINATION] 1 inherited manual-close trade(s) excluded from policy validation \u2014 these positions were entered in a prior session and closed via MANUAL_CLOSE_SYNCED, not by the current strategy. Symbols: ['PEPEUSDT']. Excluding to prevent false rollback verdict.
[POLICY_VALIDATION_CONTAMINATION] 1 inherited manual-close trade(s) excluded from policy validation \u2014 these positions were entered in a prior session and closed via MANUAL_CLOSE_SYNCED, not by the current strategy. Symbols: ['PEPEUSDT']. Excluding to prevent false rollback verdict.
[POLICY_VALIDATION_CONTAMINATION] 1 inherited manual-close trade(s) excluded from policy validation \u2014 these positions were entered in a prior session and closed via MANUAL_CLOSE_SYNCED, not by the current strategy. Symbols: ['PEPEUSDT']. Excluding to prevent false rollback verdict.
[POLICY_VALIDATION_CONTAMINATION] 1 inherited manual-close trade(s) excluded from policy validation \u2014 these positions were entered in a prior session and closed via MANUAL_CLOSE_SYNCED, not by the current strategy. Symbols: ['PEPEUSDT']. Excluding to prevent false rollback verdict.
[POLICY_VALIDATION_CONTAMINATION] 1 inherited manual-close trade(s) excluded from policy validation \u2014 these positions were entered in a prior session and closed via MANUAL_CLOSE_SYNCED, not by the current strategy. Symbols: ['PEPEUSDT']. Excluding to prevent false rollback verdict.

=== supervisor spawn @ 2026-04-16T06:56:48+00:00 ===
[POLICY_VALIDATION_CONTAMINATION] 1 inherited manual-close trade(s) excluded from policy validation \u2014 these positions were entered in a prior session and closed via MANUAL_CLOSE_SYNCED, not by the current strategy. Symbols: ['PEPEUSDT']. Excluding to prevent false rollback verdict.
[POLICY_VALIDATION_CONTAMINATION] 1 inherited manual-close trade(s) excluded from policy validation \u2014 these positions were entered in a prior session and closed via MANUAL_CLOSE_SYNCED, not by the current strategy. Symbols: ['PEPEUSDT']. Excluding to prevent false rollback verdict.
[POLICY_VALIDATION_CONTAMINATION] 1 inherited manual-close trade(s) excluded from policy validation \u2014 these positions were entered in a prior session and closed via MANUAL_CLOSE_SYNCED, not by the current strategy. Symbols: ['PEPEUSDT']. Excluding to prevent false rollback verdict.
[POLICY_VALIDATION_CONTAMINATION] 1 inherited manual-close trade(s) excluded from policy validation \u2014 these positions were entered in a prior session and closed via MANUAL_CLOSE_SYNCED, not by the current strategy. Symbols: ['PEPEUSDT']. Excluding to prevent false rollback verdict.
[POLICY_VALIDATION_CONTAMINATION] 1 inherited manual-close trade(s) excluded from policy validation \u2014 these positions were entered in a prior session and closed via MANUAL_CLOSE_SYNCED, not by the current strategy. Symbols: ['PEPEUSDT']. Excluding to prevent false rollback verdict.
[POLICY_VALIDATION_CONTAMINATION] 1 inherited manual-close trade(s) excluded from policy validation \u2014 these positions were entered in a prior session and closed via MANUAL_CLOSE_SYNCED, not by the current strategy. Symbols: ['PEPEUSDT']. Excluding to prevent false rollback verdict.
[POLICY_VALIDATION_CONTAMINATION] 1 inherited manual-close trade(s) excluded from policy validation \u2014 these positions were entered in a prior session and closed via MANUAL_CLOSE_SYNCED, not by the current strategy. Symbols: ['PEPEUSDT']. Excluding to prevent false rollback verdict.
[POLICY_VALIDATION_CONTAMINATION] 1 inherited manual-close trade(s) excluded from policy validation \u2014 these positions were entered in a prior session and closed via MANUAL_CLOSE_SYNCED, not by the current strategy. Symbols: ['PEPEUSDT']. Excluding to prevent false rollback verdict.
[POLICY_VALIDATION_CONTAMINATION] 1 inherited manual-close trade(s) excluded from policy validation \u2014 these positions were entered in a prior session and closed via MANUAL_CLOSE_SYNCED, not by the current strategy. Symbols: ['PEPEUSDT']. Excluding to prevent false rollback verdict.
[POLICY_VALIDATION_CONTAMINATION] 1 inherited manual-close trade(s) excluded from policy validation \u2014 these positions were entered in a prior session and closed via MANUAL_CLOSE_SYNCED, not by the current strategy. Symbols: ['PEPEUSDT']. Excluding to prevent false rollback verdict.
[POLICY_VALIDATION_CONTAMINATION] 1 inherited manual-close trade(s) excluded from policy validation \u2014 these positions were entered in a prior session and closed via MANUAL_CLOSE_SYNCED, not by the current strategy. Symbols: ['PEPEUSDT']. Excluding to prevent false rollback verdict.
[POLICY_VALIDATION_CONTAMINATION] 1 inherited manual-close trade(s) excluded from policy validation \u2014 these positions were entered in a prior session and closed via MANUAL_CLOSE_SYNCED, not by the current strategy. Symbols: ['PEPEUSDT']. Excluding to prevent false rollback verdict.
[POLICY_VALIDATION_CONTAMINATION] 1 inherited manual-close trade(s) excluded from policy validation \u2014 these positions were entered in a prior session and closed via MANUAL_CLOSE_SYNCED, not by the current strategy. Symbols: ['PEPEUSDT']. Excluding to prevent false rollback verdict.
[POLICY_VALIDATION_CONTAMINATION] 1 inherited manual-close trade(s) excluded from policy validation \u2014 these positions were entered in a prior session and closed via MANUAL_CLOSE_SYNCED, not by the current strategy. Symbols: ['PEPEUSDT']. Excluding to prevent false rollback verdict.
[POLICY_VALIDATION_CONTAMINATION] 1 inherited manual-close trade(s) excluded from policy validation \u2014 these positions were entered in a prior session and closed via MANUAL_CLOSE_SYNCED, not by the current strategy. Symbols: ['PEPEUSDT']. Excluding to prevent false rollback verdict.
[POLICY_VALIDATION_CONTAMINATION] 1 inherited manual-close trade(s) excluded from policy validation \u2014 these positions were entered in a prior session and closed via MANUAL_CLOSE_SYNCED, not by the current strategy. Symbols: ['PEPEUSDT']. Excluding to prevent false rollback verdict.
[POLICY_VALIDATION_CONTAMINATION] 1 inherited manual-close trade(s) excluded from policy validation \u2014 these positions were entered in a prior session and closed via MANUAL_CLOSE_SYNCED, not by the current strategy. Symbols: ['PEPEUSDT']. Excluding to prevent false rollback verdict.
[POLICY_VALIDATION_CONTAMINATION] 1 inherited manual-close trade(s) excluded from policy validation \u2014 these positions were entered in a prior session and closed via MANUAL_CLOSE_SYNCED, not by the current strategy. Symbols: ['PEPEUSDT']. Excluding to prevent false rollback verdict.
[POLICY_VALIDATION_CONTAMINATION] 1 inherited manual-close trade(s) excluded from policy validation \u2014 these positions were entered in a prior session and closed via MANUAL_CLOSE_SYNCED, not by the current strategy. Symbols: ['PEPEUSDT']. Excluding to prevent false rollback verdict.
[POLICY_VALIDATION_CONTAMINATION] 1 inherited manual-close trade(s) excluded from policy validation \u2014 these positions were entered in a prior session and closed via MANUAL_CLOSE_SYNCED, not by the current strategy. Symbols: ['PEPEUSDT']. Excluding to prevent false rollback verdict.
[POLICY_VALIDATION_CONTAMINATION] 1 inherited manual-close trade(s) excluded from policy validation \u2014 these positions were entered in a prior session and closed via MANUAL_CLOSE_SYNCED, not by the current strategy. Symbols: ['PEPEUSDT']. Excluding to prevent false rollback verdict.
[POLICY_VALIDATION_CONTAMINATION] 1 inherited manual-close trade(s) excluded from policy validation \u2014 these positions were entered in a prior session and closed via MANUAL_CLOSE_SYNCED, not by the current strategy. Symbols: ['PEPEUSDT']. Excluding to prevent false rollback verdict.
[POLICY_VALIDATION_CONTAMINATION] 1 inherited manual-close trade(s) excluded from policy validation \u2014 these positions were entered in a prior session and closed via MANUAL_CLOSE_SYNCED, not by the current strategy. Symbols: ['PEPEUSDT']. Excluding to prevent false rollback verdict.
[POLICY_VALIDATION_CONTAMINATION] 1 inherited manual-close trade(s) excluded from policy validation \u2014 these positions were entered in a prior session and closed via MANUAL_CLOSE_SYNCED, not by the current strategy. Symbols: ['PEPEUSDT']. Excluding to prevent false rollback verdict.
[POLICY_VALIDATION_CONTAMINATION] 1 inherited manual-close trade(s) excluded from policy validation \u2014 these positions were entered in a prior session and closed via MANUAL_CLOSE_SYNCED, not by the current strategy. Symbols: ['PEPEUSDT']. Excluding to prevent false rollback verdict.
[POLICY_VALIDATION_CONTAMINATION] 1 inherited manual-close trade(s) excluded from policy validation \u2014 these positions were entered in a prior session and closed via MANUAL_CLOSE_SYNCED, not by the current strategy. Symbols: ['PEPEUSDT']. Excluding to prevent false rollback verdict.
[POLICY_VALIDATION_CONTAMINATION] 1 inherited manual-close trade(s) excluded from policy validation \u2014 these positions were entered in a prior session and closed via MANUAL_CLOSE_SYNCED, not by the current strategy. Symbols: ['PEPEUSDT']. Excluding to prevent false rollback verdict.
[POLICY_VALIDATION_CONTAMINATION] 1 inherited manual-close trade(s) excluded from policy validation \u2014 these positions were entered in a prior session and closed via MANUAL_CLOSE_SYNCED, not by the current strategy. Symbols: ['PEPEUSDT']. Excluding to prevent false rollback verdict.
[POLICY_VALIDATION_CONTAMINATION] 1 inherited manual-close trade(s) excluded from policy validation \u2014 these positions were entered in a prior session and closed via MANUAL_CLOSE_SYNCED, not by the current strategy. Symbols: ['PEPEUSDT']. Excluding to prevent false rollback verdict.
[POLICY_VALIDATION_CONTAMINATION] 1 inherited manual-close trade(s) excluded from policy validation \u2014 these positions were entered in a prior session and closed via MANUAL_CLOSE_SYNCED, not by the current strategy. Symbols: ['PEPEUSDT']. Excluding to prevent false rollback verdict.
[POLICY_VALIDATION_CONTAMINATION] 1 inherited manual-close trade(s) excluded from policy validation \u2014 these positions were entered in a prior session and closed via MANUAL_CLOSE_SYNCED, not by the current strategy. Symbols: ['PEPEUSDT']. Excluding to prevent false rollback verdict.
[POLICY_VALIDATION_CONTAMINATION] 1 inherited manual-close trade(s) excluded from policy validation \u2014 these positions were entered in a prior session and closed via MANUAL_CLOSE_SYNCED, not by the current strategy. Symbols: ['PEPEUSDT']. Excluding to prevent false rollback verdict.
[POLICY_VALIDATION_CONTAMINATION] 1 inherited manual-close trade(s) excluded from policy validation \u2014 these positions were entered in a prior session and closed via MANUAL_CLOSE_SYNCED, not by the current strategy. Symbols: ['PEPEUSDT']. Excluding to prevent false rollback verdict.
[POLICY_VALIDATION_CONTAMINATION] 1 inherited manual-close trade(s) excluded from policy validation \u2014 these positions were entered in a prior session and closed via MANUAL_CLOSE_SYNCED, not by the current strategy. Symbols: ['PEPEUSDT']. Excluding to prevent false rollback verdict.
[POLICY_VALIDATION_CONTAMINATION] 1 inherited manual-close trade(s) excluded from policy validation \u2014 these positions were entered in a prior session and closed via MANUAL_CLOSE_SYNCED, not by the current strategy. Symbols: ['PEPEUSDT']. Excluding to prevent false rollback verdict.
[POLICY_VALIDATION_CONTAMINATION] 1 inherited manual-close trade(s) excluded from policy validation \u2014 these positions were entered in a prior session and closed via MANUAL_CLOSE_SYNCED, not by the current strategy. Symbols: ['PEPEUSDT']. Excluding to prevent false rollback verdict.
[POLICY_VALIDATION_CONTAMINATION] 1 inherited manual-close trade(s) excluded from policy validation \u2014 these positions were entered in a prior session and closed via MANUAL_CLOSE_SYNCED, not by the current strategy. Symbols: ['PEPEUSDT']. Excluding to prevent false rollback verdict.
[POLICY_VALIDATION_CONTAMINATION] 1 inherited manual-close trade(s) excluded from policy validation \u2014 these positions were entered in a prior session and closed via MANUAL_CLOSE_SYNCED, not by the current strategy. Symbols: ['PEPEUSDT']. Excluding to prevent false rollback verdict.
[POLICY_VALIDATION_CONTAMINATION] 1 inherited manual-close trade(s) excluded from policy validation \u2014 these positions were entered in a prior session and closed via MANUAL_CLOSE_SYNCED, not by the current strategy. Symbols: ['PEPEUSDT']. Excluding to prevent false rollback verdict.
[POLICY_VALIDATION_CONTAMINATION] 1 inherited manual-close trade(s) excluded from policy validation \u2014 these positions were entered in a prior session and closed via MANUAL_CLOSE_SYNCED, not by the current strategy. Symbols: ['PEPEUSDT']. Excluding to prevent false rollback verdict.
[POLICY_VALIDATION_CONTAMINATION] 1 inherited manual-close trade(s) excluded from policy validation \u2014 these positions were entered in a prior session and closed via MANUAL_CLOSE_SYNCED, not by the current strategy. Symbols: ['PEPEUSDT']. Excluding to prevent false rollback verdict.
[POLICY_VALIDATION_CONTAMINATION] 1 inherited manual-close trade(s) excluded from policy validation \u2014 these positions were entered in a prior session and closed via MANUAL_CLOSE_SYNCED, not by the current strategy. Symbols: ['PEPEUSDT']. Excluding to prevent false rollback verdict.
[POLICY_VALIDATION_CONTAMINATION] 1 inherited manual-close trade(s) excluded from policy validation \u2014 these positions were entered in a prior session and closed via MANUAL_CLOSE_SYNCED, not by the current strategy. Symbols: ['PEPEUSDT']. Excluding to prevent false rollback verdict.
[POLICY_VALIDATION_CONTAMINATION] 1 inherited manual-close trade(s) excluded from policy validation \u2014 these positions were entered in a prior session and closed via MANUAL_CLOSE_SYNCED, not by the current strategy. Symbols: ['PEPEUSDT']. Excluding to prevent false rollback verdict.
[POLICY_VALIDATION_CONTAMINATION] 1 inherited manual-close trade(s) excluded from policy validation \u2014 these positions were entered in a prior session and closed via MANUAL_CLOSE_SYNCED, not by the current strategy. Symbols: ['PEPEUSDT']. Excluding to prevent false rollback verdict.
[POLICY_VALIDATION_CONTAMINATION] 1 inherited manual-close trade(s) excluded from policy validation \u2014 these positions were entered in a prior session and closed via MANUAL_CLOSE_SYNCED, not by the current strategy. Symbols: ['PEPEUSDT']. Excluding to prevent false rollback verdict.
[POLICY_VALIDATION_CONTAMINATION] 1 inherited manual-close trade(s) excluded from policy validation \u2014 these positions were entered in a prior session and closed via MANUAL_CLOSE_SYNCED, not by the current strategy. Symbols: ['PEPEUSDT']. Excluding to prevent false rollback verdict.
[POLICY_VALIDATION_CONTAMINATION] 1 inherited manual-close trade(s) excluded from policy validation \u2014 these positions were entered in a prior session and closed via MANUAL_CLOSE_SYNCED, not by the current strategy. Symbols: ['PEPEUSDT']. Excluding to prevent false rollback verdict.
[POLICY_VALIDATION_CONTAMINATION] 1 inherited manual-close trade(s) excluded from policy validation \u2014 these positions were entered in a prior session and closed via MANUAL_CLOSE_SYNCED, not by the current strategy. Symbols: ['PEPEUSDT']. Excluding to prevent false rollback verdict.
[POLICY_VALIDATION_CONTAMINATION] 1 inherited manual-close trade(s) excluded from policy validation \u2014 these positions were entered in a prior session and closed via MANUAL_CLOSE_SYNCED, not by the current strategy. Symbols: ['PEPEUSDT']. Excluding to prevent false rollback verdict.
[POLICY_VALIDATION_CONTAMINATION] 1 inherited manual-close trade(s) excluded from policy validation \u2014 these positions were entered in a prior session and closed via MANUAL_CLOSE_SYNCED, not by the current strategy. Symbols: ['PEPEUSDT']. Excluding to prevent false rollback verdict.
[POLICY_VALIDATION_CONTAMINATION] 1 inherited manual-close trade(s) excluded from policy validation \u2014 these positions were entered in a prior session and closed via MANUAL_CLOSE_SYNCED, not by the current strategy. Symbols: ['PEPEUSDT']. Excluding to prevent false rollback verdict.

=== supervisor spawn @ 2026-04-16T07:02:34+00:00 ===
[POLICY_VALIDATION_CONTAMINATION] 1 inherited manual-close trade(s) excluded from policy validation \u2014 these positions were entered in a prior session and closed via MANUAL_CLOSE_SYNCED, not by the current strategy. Symbols: ['PEPEUSDT']. Excluding to prevent false rollback verdict.
[POLICY_VALIDATION_CONTAMINATION] 1 inherited manual-close trade(s) excluded from policy validation \u2014 these positions were entered in a prior session and closed via MANUAL_CLOSE_SYNCED, not by the current strategy. Symbols: ['PEPEUSDT']. Excluding to prevent false rollback verdict.

=== supervisor spawn @ 2026-04-16T07:11:23+00:00 ===

=== supervisor spawn @ 2026-04-16T07:34:07+00:00 ===

=== supervisor spawn @ 2026-04-16T07:40:24+00:00 ===

=== supervisor spawn @ 2026-04-16T07:49:03+00:00 ===

=== supervisor spawn @ 2026-04-16T07:53:20+00:00 ===

=== supervisor spawn @ 2026-04-16T07:57:38+00:00 ===

=== supervisor spawn @ 2026-04-16T08:09:10+00:00 ===

=== supervisor spawn @ 2026-04-16T08:27:20+00:00 ===

=== supervisor spawn @ 2026-04-17T01:48:27+00:00 ===
[POLICY_VALIDATION_CONTAMINATION] 1 inherited manual-close trade(s) excluded from policy validation \u2014 these positions were entered in a prior session and closed via MANUAL_CLOSE_SYNCED, not by the current strategy. Symbols: ['PEPEUSDT']. Excluding to prevent false rollback verdict.
[POLICY_VALIDATION_CONTAMINATION] 1 inherited manual-close trade(s) excluded from policy validation \u2014 these positions were entered in a prior session and closed via MANUAL_CLOSE_SYNCED, not by the current strategy. Symbols: ['PEPEUSDT']. Excluding to prevent false rollback verdict.
[POLICY_VALIDATION_CONTAMINATION] 1 inherited manual-close trade(s) excluded from policy validation \u2014 these positions were entered in a prior session and closed via MANUAL_CLOSE_SYNCED, not by the current strategy. Symbols: ['PEPEUSDT']. Excluding to prevent false rollback verdict.
[POLICY_VALIDATION_CONTAMINATION] 1 inherited manual-close trade(s) excluded from policy validation \u2014 these positions were entered in a prior session and closed via MANUAL_CLOSE_SYNCED, not by the current strategy. Symbols: ['PEPEUSDT']. Excluding to prevent false rollback verdict.
[POLICY_VALIDATION_CONTAMINATION] 1 inherited manual-close trade(s) excluded from policy validation \u2014 these positions were entered in a prior session and closed via MANUAL_CLOSE_SYNCED, not by the current strategy. Symbols: ['PEPEUSDT']. Excluding to prevent false rollback verdict.
[POLICY_VALIDATION_CONTAMINATION] 1 inherited manual-close trade(s) excluded from policy validation \u2014 these positions were entered in a prior session and closed via MANUAL_CLOSE_SYNCED, not by the current strategy. Symbols: ['PEPEUSDT']. Excluding to prevent false rollback verdict.
[POLICY_VALIDATION_CONTAMINATION] 1 inherited manual-close trade(s) excluded from policy validation \u2014 these positions were entered in a prior session and closed via MANUAL_CLOSE_SYNCED, not by the current strategy. Symbols: ['PEPEUSDT']. Excluding to prevent false rollback verdict.
[POLICY_VALIDATION_CONTAMINATION] 1 inherited manual-close trade(s) excluded from policy validation \u2014 these positions were entered in a prior session and closed via MANUAL_CLOSE_SYNCED, not by the current strategy. Symbols: ['PEPEUSDT']. Excluding to prevent false rollback verdict.
[POLICY_VALIDATION_CONTAMINATION] 1 inherited manual-close trade(s) excluded from policy validation \u2014 these positions were entered in a prior session and closed via MANUAL_CLOSE_SYNCED, not by the current strategy. Symbols: ['PEPEUSDT']. Excluding to prevent false rollback verdict.
[POLICY_VALIDATION_CONTAMINATION] 1 inherited manual-close trade(s) excluded from policy validation \u2014 these positions were entered in a prior session and closed via MANUAL_CLOSE_SYNCED, not by the current strategy. Symbols: ['PEPEUSDT']. Excluding to prevent false rollback verdict.
[POLICY_VALIDATION_CONTAMINATION] 1 inherited manual-close trade(s) excluded from policy validation \u2014 these positions were entered in a prior session and closed via MANUAL_CLOSE_SYNCED, not by the current strategy. Symbols: ['PEPEUSDT']. Excluding to prevent false rollback verdict.
[POLICY_VALIDATION_CONTAMINATION] 1 inherited manual-close trade(s) excluded from policy validation \u2014 these positions were entered in a prior session and closed via MANUAL_CLOSE_SYNCED, not by the current strategy. Symbols: ['PEPEUSDT']. Excluding to prevent false rollback verdict.
[POLICY_VALIDATION_CONTAMINATION] 1 inherited manual-close trade(s) excluded from policy validation \u2014 these positions were entered in a prior session and closed via MANUAL_CLOSE_SYNCED, not by the current strategy. Symbols: ['PEPEUSDT']. Excluding to prevent false rollback verdict.
[POLICY_VALIDATION_CONTAMINATION] 1 inherited manual-close trade(s) excluded from policy validation \u2014 these positions were entered in a prior session and closed via MANUAL_CLOSE_SYNCED, not by the current strategy. Symbols: ['PEPEUSDT']. Excluding to prevent false rollback verdict.
[POLICY_VALIDATION_CONTAMINATION] 1 inherited manual-close trade(s) excluded from policy validation \u2014 these positions were entered in a prior session and closed via MANUAL_CLOSE_SYNCED, not by the current strategy. Symbols: ['PEPEUSDT']. Excluding to prevent false rollback verdict.
[POLICY_VALIDATION_CONTAMINATION] 1 inherited manual-close trade(s) excluded from policy validation \u2014 these positions were entered in a prior session and closed via MANUAL_CLOSE_SYNCED, not by the current strategy. Symbols: ['PEPEUSDT']. Excluding to prevent false rollback verdict.
[POLICY_VALIDATION_CONTAMINATION] 1 inherited manual-close trade(s) excluded from policy validation \u2014 these positions were entered in a prior session and closed via MANUAL_CLOSE_SYNCED, not by the current strategy. Symbols: ['PEPEUSDT']. Excluding to prevent false rollback verdict.
[POLICY_VALIDATION_CONTAMINATION] 1 inherited manual-close trade(s) excluded from policy validation \u2014 these positions were entered in a prior session and closed via MANUAL_CLOSE_SYNCED, not by the current strategy. Symbols: ['PEPEUSDT']. Excluding to prevent false rollback verdict.
[POLICY_VALIDATION_CONTAMINATION] 1 inherited manual-close trade(s) excluded from policy validation \u2014 these positions were entered in a prior session and closed via MANUAL_CLOSE_SYNCED, not by the current strategy. Symbols: ['PEPEUSDT']. Excluding to prevent false rollback verdict.
[POLICY_VALIDATION_CONTAMINATION] 1 inherited manual-close trade(s) excluded from policy validation \u2014 these positions were entered in a prior session and closed via MANUAL_CLOSE_SYNCED, not by the current strategy. Symbols: ['PEPEUSDT']. Excluding to prevent false rollback verdict.
[POLICY_VALIDATION_CONTAMINATION] 1 inherited manual-close trade(s) excluded from policy validation \u2014 these positions were entered in a prior session and closed via MANUAL_CLOSE_SYNCED, not by the current strategy. Symbols: ['PEPEUSDT']. Excluding to prevent false rollback verdict.
[POLICY_VALIDATION_CONTAMINATION] 1 inherited manual-close trade(s) excluded from policy validation \u2014 these positions were entered in a prior session and closed via MANUAL_CLOSE_SYNCED, not by the current strategy. Symbols: ['PEPEUSDT']. Excluding to prevent false rollback verdict.
[POLICY_VALIDATION_CONTAMINATION] 1 inherited manual-close trade(s) excluded from policy validation \u2014 these positions were entered in a prior session and closed via MANUAL_CLOSE_SYNCED, not by the current strategy. Symbols: ['PEPEUSDT']. Excluding to prevent false rollback verdict.
[POLICY_VALIDATION_CONTAMINATION] 1 inherited manual-close trade(s) excluded from policy validation \u2014 these positions were entered in a prior session and closed via MANUAL_CLOSE_SYNCED, not by the current strategy. Symbols: ['PEPEUSDT']. Excluding to prevent false rollback verdict.
[POLICY_VALIDATION_CONTAMINATION] 1 inherited manual-close trade(s) excluded from policy validation \u2014 these positions were entered in a prior session and closed via MANUAL_CLOSE_SYNCED, not by the current strategy. Symbols: ['PEPEUSDT']. Excluding to prevent false rollback verdict.
[POLICY_VALIDATION_CONTAMINATION] 1 inherited manual-close trade(s) excluded from policy validation \u2014 these positions were entered in a prior session and closed via MANUAL_CLOSE_SYNCED, not by the current strategy. Symbols: ['PEPEUSDT']. Excluding to prevent false rollback verdict.
[POLICY_VALIDATION_CONTAMINATION] 1 inherited manual-close trade(s) excluded from policy validation \u2014 these positions were entered in a prior session and closed via MANUAL_CLOSE_SYNCED, not by the current strategy. Symbols: ['PEPEUSDT']. Excluding to prevent false rollback verdict.
[POLICY_VALIDATION_CONTAMINATION] 1 inherited manual-close trade(s) excluded from policy validation \u2014 these positions were entered in a prior session and closed via MANUAL_CLOSE_SYNCED, not by the current strategy. Symbols: ['PEPEUSDT']. Excluding to prevent false rollback verdict.
[POLICY_VALIDATION_CONTAMINATION] 1 inherited manual-close trade(s) excluded from policy validation \u2014 these positions were entered in a prior session and closed via MANUAL_CLOSE_SYNCED, not by the current strategy. Symbols: ['PEPEUSDT']. Excluding to prevent false rollback verdict.
[POLICY_VALIDATION_CONTAMINATION] 1 inherited manual-close trade(s) excluded from policy validation \u2014 these positions were entered in a prior session and closed via MANUAL_CLOSE_SYNCED, not by the current strategy. Symbols: ['PEPEUSDT']. Excluding to prevent false rollback verdict.
[POLICY_VALIDATION_CONTAMINATION] 1 inherited manual-close trade(s) excluded from policy validation \u2014 these positions were entered in a prior session and closed via MANUAL_CLOSE_SYNCED, not by the current strategy. Symbols: ['PEPEUSDT']. Excluding to prevent false rollback verdict.
[POLICY_VALIDATION_CONTAMINATION] 1 inherited manual-close trade(s) excluded from policy validation \u2014 these positions were entered in a prior session and closed via MANUAL_CLOSE_SYNCED, not by the current strategy. Symbols: ['PEPEUSDT']. Excluding to prevent false rollback verdict.
[POLICY_VALIDATION_CONTAMINATION] 1 inherited manual-close trade(s) excluded from policy validation \u2014 these positions were entered in a prior session and closed via MANUAL_CLOSE_SYNCED, not by the current strategy. Symbols: ['PEPEUSDT']. Excluding to prevent false rollback verdict.
[POLICY_VALIDATION_CONTAMINATION] 1 inherited manual-close trade(s) excluded from policy validation \u2014 these positions were entered in a prior session and closed via MANUAL_CLOSE_SYNCED, not by the current strategy. Symbols: ['PEPEUSDT']. Excluding to prevent false rollback verdict.
[POLICY_VALIDATION_CONTAMINATION] 1 inherited manual-close trade(s) excluded from policy validation \u2014 these positions were entered in a prior session and closed via MANUAL_CLOSE_SYNCED, not by the current strategy. Symbols: ['PEPEUSDT']. Excluding to prevent false rollback verdict.
[POLICY_VALIDATION_CONTAMINATION] 1 inherited manual-close trade(s) excluded from policy validation \u2014 these positions were entered in a prior session and closed via MANUAL_CLOSE_SYNCED, not by the current strategy. Symbols: ['PEPEUSDT']. Excluding to prevent false rollback verdict.
[POLICY_VALIDATION_CONTAMINATION] 1 inherited manual-close trade(s) excluded from policy validation \u2014 these positions were entered in a prior session and closed via MANUAL_CLOSE_SYNCED, not by the current strategy. Symbols: ['PEPEUSDT']. Excluding to prevent false rollback verdict.
[POLICY_VALIDATION_CONTAMINATION] 1 inherited manual-close trade(s) excluded from policy validation \u2014 these positions were entered in a prior session and closed via MANUAL_CLOSE_SYNCED, not by the current strategy. Symbols: ['PEPEUSDT']. Excluding to prevent false rollback verdict.
[POLICY_VALIDATION_CONTAMINATION] 1 inherited manual-close trade(s) excluded from policy validation \u2014 these positions were entered in a prior session and closed via MANUAL_CLOSE_SYNCED, not by the current strategy. Symbols: ['PEPEUSDT']. Excluding to prevent false rollback verdict.
[POLICY_VALIDATION_CONTAMINATION] 1 inherited manual-close trade(s) excluded from policy validation \u2014 these positions were entered in a prior session and closed via MANUAL_CLOSE_SYNCED, not by the current strategy. Symbols: ['PEPEUSDT']. Excluding to prevent false rollback verdict.
[POLICY_VALIDATION_CONTAMINATION] 1 inherited manual-close trade(s) excluded from policy validation \u2014 these positions were entered in a prior session and closed via MANUAL_CLOSE_SYNCED, not by the current strategy. Symbols: ['PEPEUSDT']. Excluding to prevent false rollback verdict.
[POLICY_VALIDATION_CONTAMINATION] 1 inherited manual-close trade(s) excluded from policy validation \u2014 these positions were entered in a prior session and closed via MANUAL_CLOSE_SYNCED, not by the current strategy. Symbols: ['PEPEUSDT']. Excluding to prevent false rollback verdict.
[POLICY_VALIDATION_CONTAMINATION] 1 inherited manual-close trade(s) excluded from policy validation \u2014 these positions were entered in a prior session and closed via MANUAL_CLOSE_SYNCED, not by the current strategy. Symbols: ['PEPEUSDT']. Excluding to prevent false rollback verdict.
[POLICY_VALIDATION_CONTAMINATION] 1 inherited manual-close trade(s) excluded from policy validation \u2014 these positions were entered in a prior session and closed via MANUAL_CLOSE_SYNCED, not by the current strategy. Symbols: ['PEPEUSDT']. Excluding to prevent false rollback verdict.
[POLICY_VALIDATION_CONTAMINATION] 1 inherited manual-close trade(s) excluded from policy validation \u2014 these positions were entered in a prior session and closed via MANUAL_CLOSE_SYNCED, not by the current strategy. Symbols: ['PEPEUSDT']. Excluding to prevent false rollback verdict.
[POLICY_VALIDATION_CONTAMINATION] 1 inherited manual-close trade(s) excluded from policy validation \u2014 these positions were entered in a prior session and closed via MANUAL_CLOSE_SYNCED, not by the current strategy. Symbols: ['PEPEUSDT']. Excluding to prevent false rollback verdict.
[POLICY_VALIDATION_CONTAMINATION] 1 inherited manual-close trade(s) excluded from policy validation \u2014 these positions were entered in a prior session and closed via MANUAL_CLOSE_SYNCED, not by the current strategy. Symbols: ['PEPEUSDT']. Excluding to prevent false rollback verdict.
[POLICY_VALIDATION_CONTAMINATION] 1 inherited manual-close trade(s) excluded from policy validation \u2014 these positions were entered in a prior session and closed via MANUAL_CLOSE_SYNCED, not by the current strategy. Symbols: ['PEPEUSDT']. Excluding to prevent false rollback verdict.
[POLICY_VALIDATION_CONTAMINATION] 1 inherited manual-close trade(s) excluded from policy validation \u2014 these positions were entered in a prior session and closed via MANUAL_CLOSE_SYNCED, not by the current strategy. Symbols: ['PEPEUSDT']. Excluding to prevent false rollback verdict.
[POLICY_VALIDATION_CONTAMINATION] 1 inherited manual-close trade(s) excluded from policy validation \u2014 these positions were entered in a prior session and closed via MANUAL_CLOSE_SYNCED, not by the current strategy. Symbols: ['PEPEUSDT']. Excluding to prevent false rollback verdict.
[POLICY_VALIDATION_CONTAMINATION] 1 inherited manual-close trade(s) excluded from policy validation \u2014 these positions were entered in a prior session and closed via MANUAL_CLOSE_SYNCED, not by the current strategy. Symbols: ['PEPEUSDT']. Excluding to prevent false rollback verdict.
[POLICY_VALIDATION_CONTAMINATION] 1 inherited manual-close trade(s) excluded from policy validation \u2014 these positions were entered in a prior session and closed via MANUAL_CLOSE_SYNCED, not by the current strategy. Symbols: ['PEPEUSDT']. Excluding to prevent false rollback verdict.
[POLICY_VALIDATION_CONTAMINATION] 1 inherited manual-close trade(s) excluded from policy validation \u2014 these positions were entered in a prior session and closed via MANUAL_CLOSE_SYNCED, not by the current strategy. Symbols: ['PEPEUSDT']. Excluding to prevent false rollback verdict.
[POLICY_VALIDATION_CONTAMINATION] 1 inherited manual-close trade(s) excluded from policy validation \u2014 these positions were entered in a prior session and closed via MANUAL_CLOSE_SYNCED, not by the current strategy. Symbols: ['PEPEUSDT']. Excluding to prevent false rollback verdict.
[POLICY_VALIDATION_CONTAMINATION] 1 inherited manual-close trade(s) excluded from policy validation \u2014 these positions were entered in a prior session and closed via MANUAL_CLOSE_SYNCED, not by the current strategy. Symbols: ['PEPEUSDT']. Excluding to prevent false rollback verdict.
[POLICY_VALIDATION_CONTAMINATION] 1 inherited manual-close trade(s) excluded from policy validation \u2014 these positions were entered in a prior session and closed via MANUAL_CLOSE_SYNCED, not by the current strategy. Symbols: ['PEPEUSDT']. Excluding to prevent false rollback verdict.
[POLICY_VALIDATION_CONTAMINATION] 1 inherited manual-close trade(s) excluded from policy validation \u2014 these positions were entered in a prior session and closed via MANUAL_CLOSE_SYNCED, not by the current strategy. Symbols: ['PEPEUSDT']. Excluding to prevent false rollback verdict.
[POLICY_VALIDATION_CONTAMINATION] 1 inherited manual-close trade(s) excluded from policy validation \u2014 these positions were entered in a prior session and closed via MANUAL_CLOSE_SYNCED, not by the current strategy. Symbols: ['PEPEUSDT']. Excluding to prevent false rollback verdict.

=== supervisor spawn @ 2026-04-17T01:57:08+00:00 ===
[POLICY_VALIDATION_CONTAMINATION] 1 inherited manual-close trade(s) excluded from policy validation - these positions were entered in a prior session and closed via MANUAL_CLOSE_SYNCED, not by the current strategy. Symbols: ['PEPEUSDT']. Excluding to prevent false rollback verdict.
