[daemon] restored 18 learning observations from quant_runtime\output\paper-live-shell\20260414-073845\edge_table.json
[daemon] equity auto-detected: $54.43 USDT ¡æ capacity: $1088.56 (was $10,000 / $5,000 defaults)
[DECISION] 2026-04-14T07:50:00+00:00 DOGEUSDT mode=futures side=short score=66.25
[DECISION] 2026-04-14T07:50:00+00:00 PEPEUSDT mode=futures side=short score=58.56
[DECISION] 2026-04-14T07:50:00+00:00 SOLUSDT mode=futures side=short score=59.06
[DECISION] 2026-04-14T07:50:00+00:00 XRPUSDT mode=futures side=short score=69.18
[SUBMISSION_GATE] DOGEUSDT allow=False can_open=True existing=yes pending_external=False order_cooldown=False manual_cooldown=False live_allowed=True
[EXEC_PREFLIGHT] DOGEUSDT allow=False live_allowed=True managed=futures:0.00 prepared=futures:0.00 reasons=none
[SUBMISSION_GATE] PEPEUSDT allow=False can_open=True existing=no pending_external=False order_cooldown=False manual_cooldown=False live_allowed=True
[EXEC_PREFLIGHT] PEPEUSDT allow=False live_allowed=True managed=cash:0.00 prepared=cash:0.00 reasons=MAX_CONCURRENT_FUTURES
[SUBMISSION_GATE] SOLUSDT allow=False can_open=True existing=no pending_external=False order_cooldown=False manual_cooldown=False live_allowed=True
[EXEC_PREFLIGHT] SOLUSDT allow=False live_allowed=True managed=cash:0.00 prepared=cash:0.00 reasons=MAX_CONCURRENT_FUTURES
[SUBMISSION_GATE] XRPUSDT allow=False can_open=True existing=no pending_external=False order_cooldown=False manual_cooldown=False live_allowed=True
[EXEC_PREFLIGHT] XRPUSDT allow=False live_allowed=True managed=cash:0.00 prepared=cash:0.00 reasons=MAX_CONCURRENT_FUTURES
[CONNECT] websocket attempt=1
[HEARTBEAT] events=25 decisions=4 live_orders=0 tested_orders=0
[HEARTBEAT] events=50 decisions=4 live_orders=0 tested_orders=0
[HEARTBEAT] events=75 decisions=4 live_orders=0 tested_orders=0
[HEARTBEAT] events=100 decisions=4 live_orders=0 tested_orders=0
[HEARTBEAT] events=125 decisions=4 live_orders=0 tested_orders=0
[HEARTBEAT] events=150 decisions=4 live_orders=0 tested_orders=0
[HEARTBEAT] events=175 decisions=4 live_orders=0 tested_orders=0
[HEARTBEAT] events=200 decisions=4 live_orders=0 tested_orders=0
[HEARTBEAT] events=225 decisions=4 live_orders=0 tested_orders=0
[HEARTBEAT] events=250 decisions=4 live_orders=0 tested_orders=0
[HEARTBEAT] events=275 decisions=4 live_orders=0 tested_orders=0
[HEARTBEAT] events=300 decisions=4 live_orders=0 tested_orders=0
[HEARTBEAT] events=325 decisions=4 live_orders=0 tested_orders=0
[HEARTBEAT] events=350 decisions=4 live_orders=0 tested_orders=0
[HEARTBEAT] events=375 decisions=4 live_orders=0 tested_orders=0
[HEARTBEAT] events=400 decisions=4 live_orders=0 tested_orders=0
[HEARTBEAT] events=425 decisions=4 live_orders=0 tested_orders=0
[HEARTBEAT] events=450 decisions=4 live_orders=0 tested_orders=0
[HEARTBEAT] events=475 decisions=4 live_orders=0 tested_orders=0
[HEARTBEAT] events=500 decisions=4 live_orders=0 tested_orders=0
[HEARTBEAT] events=525 decisions=4 live_orders=0 tested_orders=0
[HEARTBEAT] events=550 decisions=4 live_orders=0 tested_orders=0
[HEARTBEAT] events=575 decisions=4 live_orders=0 tested_orders=0
[HEARTBEAT] events=600 decisions=4 live_orders=0 tested_orders=0
[HEARTBEAT] events=625 decisions=4 live_orders=0 tested_orders=0
[HEARTBEAT] events=650 decisions=4 live_orders=0 tested_orders=0
[HEARTBEAT] events=675 decisions=4 live_orders=0 tested_orders=0
[HEARTBEAT] events=700 decisions=4 live_orders=0 tested_orders=0
[HEARTBEAT] events=725 decisions=4 live_orders=0 tested_orders=0
[HEARTBEAT] events=750 decisions=4 live_orders=0 tested_orders=0
[HEARTBEAT] events=775 decisions=4 live_orders=0 tested_orders=0
[HEARTBEAT] events=800 decisions=4 live_orders=0 tested_orders=0
[HEARTBEAT] events=825 decisions=4 live_orders=0 tested_orders=0
[HEARTBEAT] events=850 decisions=4 live_orders=0 tested_orders=0
[HEARTBEAT] events=875 decisions=4 live_orders=0 tested_orders=0
[HEARTBEAT] events=900 decisions=4 live_orders=0 tested_orders=0
[HEARTBEAT] events=925 decisions=4 live_orders=0 tested_orders=0
[HEARTBEAT] events=950 decisions=4 live_orders=0 tested_orders=0
[HEARTBEAT] events=975 decisions=4 live_orders=0 tested_orders=0
[HEARTBEAT] events=1000 decisions=4 live_orders=0 tested_orders=0
[HEARTBEAT] events=1025 decisions=4 live_orders=0 tested_orders=0
[HEARTBEAT] events=1050 decisions=4 live_orders=0 tested_orders=0
[HEARTBEAT] events=1075 decisions=4 live_orders=0 tested_orders=0
[HEARTBEAT] events=1100 decisions=4 live_orders=0 tested_orders=0
[HEARTBEAT] events=1125 decisions=4 live_orders=0 tested_orders=0
[HEARTBEAT] events=1150 decisions=4 live_orders=0 tested_orders=0
[HEARTBEAT] events=1175 decisions=4 live_orders=0 tested_orders=0
[HEARTBEAT] events=1200 decisions=4 live_orders=0 tested_orders=0
[HEARTBEAT] events=1225 decisions=4 live_orders=0 tested_orders=0
[HEARTBEAT] events=1250 decisions=4 live_orders=0 tested_orders=0
[HEARTBEAT] events=1275 decisions=4 live_orders=0 tested_orders=0
[HEARTBEAT] events=1300 decisions=4 live_orders=0 tested_orders=0
[HEARTBEAT] events=1325 decisions=4 live_orders=0 tested_orders=0
[HEARTBEAT] events=1350 decisions=4 live_orders=0 tested_orders=0
[HEARTBEAT] events=1375 decisions=4 live_orders=0 tested_orders=0
[HEARTBEAT] events=1400 decisions=4 live_orders=0 tested_orders=0
[HEARTBEAT] events=1425 decisions=4 live_orders=0 tested_orders=0
[HEARTBEAT] events=1450 decisions=4 live_orders=0 tested_orders=0
[HEARTBEAT] events=1475 decisions=4 live_orders=0 tested_orders=0
[HEARTBEAT] events=1500 decisions=4 live_orders=0 tested_orders=0
[HEARTBEAT] events=1525 decisions=4 live_orders=0 tested_orders=0
[HEARTBEAT] events=1550 decisions=4 live_orders=0 tested_orders=0
[HEARTBEAT] events=1575 decisions=4 live_orders=0 tested_orders=0
[HEARTBEAT] events=1600 decisions=4 live_orders=0 tested_orders=0
[HEARTBEAT] events=1625 decisions=4 live_orders=0 tested_orders=0
[HEARTBEAT] events=1650 decisions=4 live_orders=0 tested_orders=0
[HEARTBEAT] events=1675 decisions=4 live_orders=0 tested_orders=0
[HEARTBEAT] events=1700 decisions=4 live_orders=0 tested_orders=0
[HEARTBEAT] events=1725 decisions=4 live_orders=0 tested_orders=0
[HEARTBEAT] events=1750 decisions=4 live_orders=0 tested_orders=0
[HEARTBEAT] events=1775 decisions=4 live_orders=0 tested_orders=0
[HEARTBEAT] events=1800 decisions=4 live_orders=0 tested_orders=0
[HEARTBEAT] events=1825 decisions=4 live_orders=0 tested_orders=0
[HEARTBEAT] events=1850 decisions=4 live_orders=0 tested_orders=0
[HEARTBEAT] events=1875 decisions=4 live_orders=0 tested_orders=0
[HEARTBEAT] events=1900 decisions=4 live_orders=0 tested_orders=0
[HEARTBEAT] events=1925 decisions=4 live_orders=0 tested_orders=0
[HEARTBEAT] events=1950 decisions=4 live_orders=0 tested_orders=0
[HEARTBEAT] events=1975 decisions=4 live_orders=0 tested_orders=0
[HEARTBEAT] events=2000 decisions=4 live_orders=0 tested_orders=0
[HEARTBEAT] events=2025 decisions=4 live_orders=0 tested_orders=0
[HEARTBEAT] events=2050 decisions=4 live_orders=0 tested_orders=0
[HEARTBEAT] events=2075 decisions=4 live_orders=0 tested_orders=0
[HEARTBEAT] events=2100 decisions=4 live_orders=0 tested_orders=0
[HEARTBEAT] events=2125 decisions=4 live_orders=0 tested_orders=0
[HEARTBEAT] events=2150 decisions=4 live_orders=0 tested_orders=0
[HEARTBEAT] events=2175 decisions=4 live_orders=0 tested_orders=0
[HEARTBEAT] events=2200 decisions=4 live_orders=0 tested_orders=0
[HEARTBEAT] events=2225 decisions=4 live_orders=0 tested_orders=0
[HEARTBEAT] events=2250 decisions=4 live_orders=0 tested_orders=0
[HEARTBEAT] events=2275 decisions=4 live_orders=0 tested_orders=0
[HEARTBEAT] events=2300 decisions=4 live_orders=0 tested_orders=0
[HEARTBEAT] events=2325 decisions=4 live_orders=0 tested_orders=0
[HEARTBEAT] events=2350 decisions=4 live_orders=0 tested_orders=0
[HEARTBEAT] events=2375 decisions=4 live_orders=0 tested_orders=0
[HEARTBEAT] events=2400 decisions=4 live_orders=0 tested_orders=0
[HEARTBEAT] events=2425 decisions=4 live_orders=0 tested_orders=0
[HEARTBEAT] events=2450 decisions=4 live_orders=0 tested_orders=0
[HEARTBEAT] events=2475 decisions=4 live_orders=0 tested_orders=0
[HEARTBEAT] events=2500 decisions=4 live_orders=0 tested_orders=0
[HEARTBEAT] events=2525 decisions=4 live_orders=0 tested_orders=0
[HEARTBEAT] events=2550 decisions=4 live_orders=0 tested_orders=0
[HEARTBEAT] events=2575 decisions=4 live_orders=0 tested_orders=0
[HEARTBEAT] events=2600 decisions=4 live_orders=0 tested_orders=0
[HEARTBEAT] events=2625 decisions=4 live_orders=0 tested_orders=0
[HEARTBEAT] events=2650 decisions=4 live_orders=0 tested_orders=0
[HEARTBEAT] events=2675 decisions=4 live_orders=0 tested_orders=0
[HEARTBEAT] events=2700 decisions=4 live_orders=0 tested_orders=0
[HEARTBEAT] events=2725 decisions=4 live_orders=0 tested_orders=0
[HEARTBEAT] events=2750 decisions=4 live_orders=0 tested_orders=0
[HEARTBEAT] events=2775 decisions=4 live_orders=0 tested_orders=0
[HEARTBEAT] events=2800 decisions=4 live_orders=0 tested_orders=0
[HEARTBEAT] events=2825 decisions=4 live_orders=0 tested_orders=0
[HEARTBEAT] events=2850 decisions=4 live_orders=0 tested_orders=0
[HEARTBEAT] events=2875 decisions=4 live_orders=0 tested_orders=0
[HEARTBEAT] events=2900 decisions=4 live_orders=0 tested_orders=0
[HEARTBEAT] events=2925 decisions=4 live_orders=0 tested_orders=0
[HEARTBEAT] events=2950 decisions=4 live_orders=0 tested_orders=0
[HEARTBEAT] events=2975 decisions=4 live_orders=0 tested_orders=0
[HEARTBEAT] events=3000 decisions=4 live_orders=0 tested_orders=0
[HEARTBEAT] events=3025 decisions=4 live_orders=0 tested_orders=0
[HEARTBEAT] events=3050 decisions=4 live_orders=0 tested_orders=0
[HEARTBEAT] events=3075 decisions=4 live_orders=0 tested_orders=0
[HEARTBEAT] events=3100 decisions=4 live_orders=0 tested_orders=0
[HEARTBEAT] events=3125 decisions=4 live_orders=0 tested_orders=0
[HEARTBEAT] events=3150 decisions=4 live_orders=0 tested_orders=0
[HEARTBEAT] events=3175 decisions=4 live_orders=0 tested_orders=0
[HEARTBEAT] events=3200 decisions=4 live_orders=0 tested_orders=0
[HEARTBEAT] events=3225 decisions=4 live_orders=0 tested_orders=0
[HEARTBEAT] events=3250 decisions=4 live_orders=0 tested_orders=0
[HEARTBEAT] events=3275 decisions=4 live_orders=0 tested_orders=0
[HEARTBEAT] events=3300 decisions=4 live_orders=0 tested_orders=0
[HEARTBEAT] events=3325 decisions=4 live_orders=0 tested_orders=0
[HEARTBEAT] events=3350 decisions=4 live_orders=0 tested_orders=0
[HEARTBEAT] events=3375 decisions=4 live_orders=0 tested_orders=0
[HEARTBEAT] events=3400 decisions=4 live_orders=0 tested_orders=0
[HEARTBEAT] events=3425 decisions=4 live_orders=0 tested_orders=0
[HEARTBEAT] events=3450 decisions=4 live_orders=0 tested_orders=0
[HEARTBEAT] events=3475 decisions=4 live_orders=0 tested_orders=0
[HEARTBEAT] events=3500 decisions=4 live_orders=0 tested_orders=0
[HEARTBEAT] events=3525 decisions=4 live_orders=0 tested_orders=0
[HEARTBEAT] events=3550 decisions=4 live_orders=0 tested_orders=0
[HEARTBEAT] events=3575 decisions=4 live_orders=0 tested_orders=0
[HEARTBEAT] events=3600 decisions=4 live_orders=0 tested_orders=0
[HEARTBEAT] events=3625 decisions=4 live_orders=0 tested_orders=0
[HEARTBEAT] events=3650 decisions=4 live_orders=0 tested_orders=0
[HEARTBEAT] events=3675 decisions=4 live_orders=0 tested_orders=0
[HEARTBEAT] events=3700 decisions=4 live_orders=0 tested_orders=0
[HEARTBEAT] events=3725 decisions=4 live_orders=0 tested_orders=0
[HEARTBEAT] events=3750 decisions=4 live_orders=0 tested_orders=0
[HEARTBEAT] events=3775 decisions=4 live_orders=0 tested_orders=0
[HEARTBEAT] events=3800 decisions=4 live_orders=0 tested_orders=0
[HEARTBEAT] events=3825 decisions=4 live_orders=0 tested_orders=0
[HEARTBEAT] events=3850 decisions=4 live_orders=0 tested_orders=0
[HEARTBEAT] events=3875 decisions=4 live_orders=0 tested_orders=0
[HEARTBEAT] events=3900 decisions=4 live_orders=0 tested_orders=0
[HEARTBEAT] events=3925 decisions=4 live_orders=0 tested_orders=0
[HEARTBEAT] events=3950 decisions=4 live_orders=0 tested_orders=0
[HEARTBEAT] events=3975 decisions=4 live_orders=0 tested_orders=0
[HEARTBEAT] events=4000 decisions=4 live_orders=0 tested_orders=0
[HEARTBEAT] events=4025 decisions=4 live_orders=0 tested_orders=0
[HEARTBEAT] events=4050 decisions=4 live_orders=0 tested_orders=0
[HEARTBEAT] events=4075 decisions=4 live_orders=0 tested_orders=0
[HEARTBEAT] events=4100 decisions=4 live_orders=0 tested_orders=0
[HEARTBEAT] events=4125 decisions=4 live_orders=0 tested_orders=0
[HEARTBEAT] events=4150 decisions=4 live_orders=0 tested_orders=0
[HEARTBEAT] events=4175 decisions=4 live_orders=0 tested_orders=0
[HEARTBEAT] events=4200 decisions=4 live_orders=0 tested_orders=0
[HEARTBEAT] events=4225 decisions=4 live_orders=0 tested_orders=0
[HEARTBEAT] events=4250 decisions=4 live_orders=0 tested_orders=0
[HEARTBEAT] events=4275 decisions=4 live_orders=0 tested_orders=0
[HEARTBEAT] events=4300 decisions=4 live_orders=0 tested_orders=0
[HEARTBEAT] events=4325 decisions=4 live_orders=0 tested_orders=0
[HEARTBEAT] events=4350 decisions=4 live_orders=0 tested_orders=0
[HEARTBEAT] events=4375 decisions=4 live_orders=0 tested_orders=0
[HEARTBEAT] events=4400 decisions=4 live_orders=0 tested_orders=0
[HEARTBEAT] events=4425 decisions=4 live_orders=0 tested_orders=0
[HEARTBEAT] events=4450 decisions=4 live_orders=0 tested_orders=0
[HEARTBEAT] events=4475 decisions=4 live_orders=0 tested_orders=0
[HEARTBEAT] events=4500 decisions=4 live_orders=0 tested_orders=0
[HEARTBEAT] events=4525 decisions=4 live_orders=0 tested_orders=0
[HEARTBEAT] events=4550 decisions=4 live_orders=0 tested_orders=0
[HEARTBEAT] events=4575 decisions=4 live_orders=0 tested_orders=0
[HEARTBEAT] events=4600 decisions=4 live_orders=0 tested_orders=0
[HEARTBEAT] events=4625 decisions=4 live_orders=0 tested_orders=0
[HEARTBEAT] events=4650 decisions=4 live_orders=0 tested_orders=0
[HEARTBEAT] events=4675 decisions=4 live_orders=0 tested_orders=0
[HEARTBEAT] events=4700 decisions=4 live_orders=0 tested_orders=0
[HEARTBEAT] events=4725 decisions=4 live_orders=0 tested_orders=0
[HEARTBEAT] events=4750 decisions=4 live_orders=0 tested_orders=0
[HEARTBEAT] events=4775 decisions=4 live_orders=0 tested_orders=0
[HEARTBEAT] events=4800 decisions=4 live_orders=0 tested_orders=0
[HEARTBEAT] events=4825 decisions=4 live_orders=0 tested_orders=0
[HEARTBEAT] events=4850 decisions=4 live_orders=0 tested_orders=0
[HEARTBEAT] events=4875 decisions=4 live_orders=0 tested_orders=0
[HEARTBEAT] events=4900 decisions=4 live_orders=0 tested_orders=0
[HEARTBEAT] events=4925 decisions=4 live_orders=0 tested_orders=0
[HEARTBEAT] events=4950 decisions=4 live_orders=0 tested_orders=0
[HEARTBEAT] events=4975 decisions=4 live_orders=0 tested_orders=0
[HEARTBEAT] events=5000 decisions=4 live_orders=0 tested_orders=0
[HEARTBEAT] events=5025 decisions=4 live_orders=0 tested_orders=0
[HEARTBEAT] events=5050 decisions=4 live_orders=0 tested_orders=0
[HEARTBEAT] events=5075 decisions=4 live_orders=0 tested_orders=0
[HEARTBEAT] events=5100 decisions=4 live_orders=0 tested_orders=0
[HEARTBEAT] events=5125 decisions=4 live_orders=0 tested_orders=0
[HEARTBEAT] events=5150 decisions=4 live_orders=0 tested_orders=0
[HEARTBEAT] events=5175 decisions=4 live_orders=0 tested_orders=0
[HEARTBEAT] events=5200 decisions=4 live_orders=0 tested_orders=0
[HEARTBEAT] events=5225 decisions=4 live_orders=0 tested_orders=0
[HEARTBEAT] events=5250 decisions=4 live_orders=0 tested_orders=0
[HEARTBEAT] events=5275 decisions=4 live_orders=0 tested_orders=0
[HEARTBEAT] events=5300 decisions=4 live_orders=0 tested_orders=0
[HEARTBEAT] events=5325 decisions=4 live_orders=0 tested_orders=0
[HEARTBEAT] events=5350 decisions=4 live_orders=0 tested_orders=0
[HEARTBEAT] events=5375 decisions=4 live_orders=0 tested_orders=0
[HEARTBEAT] events=5400 decisions=4 live_orders=0 tested_orders=0
[HEARTBEAT] events=5425 decisions=4 live_orders=0 tested_orders=0
[HEARTBEAT] events=5450 decisions=4 live_orders=0 tested_orders=0
[HEARTBEAT] events=5475 decisions=4 live_orders=0 tested_orders=0
[HEARTBEAT] events=5500 decisions=4 live_orders=0 tested_orders=0
[HEARTBEAT] events=5525 decisions=4 live_orders=0 tested_orders=0
[HEARTBEAT] events=5550 decisions=4 live_orders=0 tested_orders=0
[HEARTBEAT] events=5575 decisions=4 live_orders=0 tested_orders=0
[HEARTBEAT] events=5600 decisions=4 live_orders=0 tested_orders=0
[HEARTBEAT] events=5625 decisions=4 live_orders=0 tested_orders=0
[HEARTBEAT] events=5650 decisions=4 live_orders=0 tested_orders=0
[HEARTBEAT] events=5675 decisions=4 live_orders=0 tested_orders=0
[HEARTBEAT] events=5700 decisions=4 live_orders=0 tested_orders=0
[HEARTBEAT] events=5725 decisions=4 live_orders=0 tested_orders=0
[HEARTBEAT] events=5750 decisions=4 live_orders=0 tested_orders=0
[HEARTBEAT] events=5775 decisions=4 live_orders=0 tested_orders=0
[HEARTBEAT] events=5800 decisions=4 live_orders=0 tested_orders=0
[HEARTBEAT] events=5825 decisions=4 live_orders=0 tested_orders=0
[HEARTBEAT] events=5850 decisions=4 live_orders=0 tested_orders=0
[HEARTBEAT] events=5875 decisions=4 live_orders=0 tested_orders=0
[HEARTBEAT] events=5900 decisions=4 live_orders=0 tested_orders=0
[HEARTBEAT] events=5925 decisions=4 live_orders=0 tested_orders=0
[HEARTBEAT] events=5950 decisions=4 live_orders=0 tested_orders=0
[HEARTBEAT] events=5975 decisions=4 live_orders=0 tested_orders=0
[HEARTBEAT] events=6000 decisions=4 live_orders=0 tested_orders=0
[HEARTBEAT] events=6025 decisions=4 live_orders=0 tested_orders=0
[HEARTBEAT] events=6050 decisions=4 live_orders=0 tested_orders=0
[HEARTBEAT] events=6075 decisions=4 live_orders=0 tested_orders=0
[HEARTBEAT] events=6100 decisions=4 live_orders=0 tested_orders=0
[HEARTBEAT] events=6125 decisions=4 live_orders=0 tested_orders=0
[HEARTBEAT] events=6150 decisions=4 live_orders=0 tested_orders=0
[HEARTBEAT] events=6175 decisions=4 live_orders=0 tested_orders=0
[HEARTBEAT] events=6200 decisions=4 live_orders=0 tested_orders=0
[HEARTBEAT] events=6225 decisions=4 live_orders=0 tested_orders=0
[HEARTBEAT] events=6250 decisions=4 live_orders=0 tested_orders=0
[HEARTBEAT] events=6275 decisions=4 live_orders=0 tested_orders=0
[HEARTBEAT] events=6300 decisions=4 live_orders=0 tested_orders=0
[HEARTBEAT] events=6325 decisions=4 live_orders=0 tested_orders=0
[HEARTBEAT] events=6350 decisions=4 live_orders=0 tested_orders=0
[HEARTBEAT] events=6375 decisions=4 live_orders=0 tested_orders=0
[HEARTBEAT] events=6400 decisions=4 live_orders=0 tested_orders=0
[HEARTBEAT] events=6425 decisions=4 live_orders=0 tested_orders=0
[HEARTBEAT] events=6450 decisions=4 live_orders=0 tested_orders=0
[HEARTBEAT] events=6475 decisions=4 live_orders=0 tested_orders=0
[HEARTBEAT] events=6500 decisions=4 live_orders=0 tested_orders=0
[HEARTBEAT] events=6525 decisions=4 live_orders=0 tested_orders=0
[HEARTBEAT] events=6550 decisions=4 live_orders=0 tested_orders=0
[HEARTBEAT] events=6575 decisions=4 live_orders=0 tested_orders=0
[HEARTBEAT] events=6600 decisions=4 live_orders=0 tested_orders=0
[HEARTBEAT] events=6625 decisions=4 live_orders=0 tested_orders=0
[HEARTBEAT] events=6650 decisions=4 live_orders=0 tested_orders=0
[HEARTBEAT] events=6675 decisions=4 live_orders=0 tested_orders=0
[HEARTBEAT] events=6700 decisions=4 live_orders=0 tested_orders=0
[HEARTBEAT] events=6725 decisions=4 live_orders=0 tested_orders=0
[HEARTBEAT] events=6750 decisions=4 live_orders=0 tested_orders=0
[HEARTBEAT] events=6775 decisions=4 live_orders=0 tested_orders=0
[HEARTBEAT] events=6800 decisions=4 live_orders=0 tested_orders=0
[HEARTBEAT] events=6825 decisions=4 live_orders=0 tested_orders=0
[HEARTBEAT] events=6850 decisions=4 live_orders=0 tested_orders=0
[HEARTBEAT] events=6875 decisions=4 live_orders=0 tested_orders=0
[HEARTBEAT] events=6900 decisions=4 live_orders=0 tested_orders=0
[HEARTBEAT] events=6925 decisions=4 live_orders=0 tested_orders=0
[HEARTBEAT] events=6950 decisions=4 live_orders=0 tested_orders=0
[HEARTBEAT] events=6975 decisions=4 live_orders=0 tested_orders=0
[HEARTBEAT] events=7000 decisions=4 live_orders=0 tested_orders=0
[HEARTBEAT] events=7025 decisions=4 live_orders=0 tested_orders=0
[HEARTBEAT] events=7050 decisions=4 live_orders=0 tested_orders=0
[HEARTBEAT] events=7075 decisions=4 live_orders=0 tested_orders=0
[HEARTBEAT] events=7100 decisions=4 live_orders=0 tested_orders=0
[HEARTBEAT] events=7125 decisions=4 live_orders=0 tested_orders=0
[HEARTBEAT] events=7150 decisions=4 live_orders=0 tested_orders=0
[HEARTBEAT] events=7175 decisions=4 live_orders=0 tested_orders=0
[HEARTBEAT] events=7200 decisions=4 live_orders=0 tested_orders=0
[HEARTBEAT] events=7225 decisions=4 live_orders=0 tested_orders=0
[HEARTBEAT] events=7250 decisions=4 live_orders=0 tested_orders=0
[HEARTBEAT] events=7275 decisions=4 live_orders=0 tested_orders=0
[HEARTBEAT] events=7300 decisions=4 live_orders=0 tested_orders=0
[HEARTBEAT] events=7325 decisions=4 live_orders=0 tested_orders=0
[HEARTBEAT] events=7350 decisions=4 live_orders=0 tested_orders=0
[HEARTBEAT] events=7375 decisions=4 live_orders=0 tested_orders=0
[HEARTBEAT] events=7400 decisions=4 live_orders=0 tested_orders=0
[HEARTBEAT] events=7425 decisions=4 live_orders=0 tested_orders=0
[HEARTBEAT] events=7450 decisions=4 live_orders=0 tested_orders=0
[HEARTBEAT] events=7475 decisions=4 live_orders=0 tested_orders=0
[HEARTBEAT] events=7500 decisions=4 live_orders=0 tested_orders=0
[HEARTBEAT] events=7525 decisions=4 live_orders=0 tested_orders=0
[HEARTBEAT] events=7550 decisions=4 live_orders=0 tested_orders=0
[HEARTBEAT] events=7575 decisions=4 live_orders=0 tested_orders=0
[HEARTBEAT] events=7600 decisions=4 live_orders=0 tested_orders=0
[HEARTBEAT] events=7625 decisions=4 live_orders=0 tested_orders=0
[HEARTBEAT] events=7650 decisions=4 live_orders=0 tested_orders=0
[HEARTBEAT] events=7675 decisions=4 live_orders=0 tested_orders=0
[HEARTBEAT] events=7700 decisions=4 live_orders=0 tested_orders=0
[HEARTBEAT] events=7725 decisions=4 live_orders=0 tested_orders=0
[HEARTBEAT] events=7750 decisions=4 live_orders=0 tested_orders=0
[HEARTBEAT] events=7775 decisions=4 live_orders=0 tested_orders=0
[HEARTBEAT] events=7800 decisions=4 live_orders=0 tested_orders=0
[HEARTBEAT] events=7825 decisions=4 live_orders=0 tested_orders=0
[HEARTBEAT] events=7850 decisions=4 live_orders=0 tested_orders=0
[HEARTBEAT] events=7875 decisions=4 live_orders=0 tested_orders=0
[HEARTBEAT] events=7900 decisions=4 live_orders=0 tested_orders=0
[HEARTBEAT] events=7925 decisions=4 live_orders=0 tested_orders=0
[HEARTBEAT] events=7950 decisions=4 live_orders=0 tested_orders=0
[HEARTBEAT] events=7975 decisions=4 live_orders=0 tested_orders=0
[HEARTBEAT] events=8000 decisions=4 live_orders=0 tested_orders=0
[HEARTBEAT] events=8025 decisions=4 live_orders=0 tested_orders=0
[HEARTBEAT] events=8050 decisions=4 live_orders=0 tested_orders=0
[HEARTBEAT] events=8075 decisions=4 live_orders=0 tested_orders=0
[HEARTBEAT] events=8100 decisions=4 live_orders=0 tested_orders=0
[HEARTBEAT] events=8125 decisions=4 live_orders=0 tested_orders=0
[HEARTBEAT] events=8150 decisions=4 live_orders=0 tested_orders=0
[HEARTBEAT] events=8175 decisions=4 live_orders=0 tested_orders=0
[HEARTBEAT] events=8200 decisions=4 live_orders=0 tested_orders=0
[HEARTBEAT] events=8225 decisions=4 live_orders=0 tested_orders=0
[HEARTBEAT] events=8250 decisions=4 live_orders=0 tested_orders=0
[HEARTBEAT] events=8275 decisions=4 live_orders=0 tested_orders=0
[HEARTBEAT] events=8300 decisions=4 live_orders=0 tested_orders=0
[HEARTBEAT] events=8325 decisions=4 live_orders=0 tested_orders=0
[HEARTBEAT] events=8350 decisions=4 live_orders=0 tested_orders=0
[HEARTBEAT] events=8375 decisions=4 live_orders=0 tested_orders=0
[HEARTBEAT] events=8400 decisions=4 live_orders=0 tested_orders=0
[HEARTBEAT] events=8425 decisions=4 live_orders=0 tested_orders=0
[HEARTBEAT] events=8450 decisions=4 live_orders=0 tested_orders=0
[HEARTBEAT] events=8475 decisions=4 live_orders=0 tested_orders=0
[HEARTBEAT] events=8500 decisions=4 live_orders=0 tested_orders=0
[HEARTBEAT] events=8525 decisions=4 live_orders=0 tested_orders=0
[HEARTBEAT] events=8550 decisions=4 live_orders=0 tested_orders=0
[HEARTBEAT] events=8575 decisions=4 live_orders=0 tested_orders=0
[HEARTBEAT] events=8600 decisions=4 live_orders=0 tested_orders=0
[HEARTBEAT] events=8625 decisions=4 live_orders=0 tested_orders=0
[HEARTBEAT] events=8650 decisions=4 live_orders=0 tested_orders=0
[HEARTBEAT] events=8675 decisions=4 live_orders=0 tested_orders=0
[HEARTBEAT] events=8700 decisions=4 live_orders=0 tested_orders=0
[HEARTBEAT] events=8725 decisions=4 live_orders=0 tested_orders=0
[HEARTBEAT] events=8750 decisions=4 live_orders=0 tested_orders=0
[HEARTBEAT] events=8775 decisions=4 live_orders=0 tested_orders=0
[HEARTBEAT] events=8800 decisions=4 live_orders=0 tested_orders=0
[HEARTBEAT] events=8825 decisions=4 live_orders=0 tested_orders=0
[HEARTBEAT] events=8850 decisions=4 live_orders=0 tested_orders=0
[HEARTBEAT] events=8875 decisions=4 live_orders=0 tested_orders=0
[HEARTBEAT] events=8900 decisions=4 live_orders=0 tested_orders=0
[HEARTBEAT] events=8925 decisions=4 live_orders=0 tested_orders=0
[HEARTBEAT] events=8950 decisions=4 live_orders=0 tested_orders=0
[HEARTBEAT] events=8975 decisions=4 live_orders=0 tested_orders=0
[HEARTBEAT] events=9000 decisions=4 live_orders=0 tested_orders=0
[HEARTBEAT] events=9025 decisions=4 live_orders=0 tested_orders=0
[HEARTBEAT] events=9050 decisions=4 live_orders=0 tested_orders=0
[HEARTBEAT] events=9075 decisions=4 live_orders=0 tested_orders=0
[HEARTBEAT] events=9100 decisions=4 live_orders=0 tested_orders=0
[HEARTBEAT] events=9125 decisions=4 live_orders=0 tested_orders=0
[HEARTBEAT] events=9150 decisions=4 live_orders=0 tested_orders=0
[HEARTBEAT] events=9175 decisions=4 live_orders=0 tested_orders=0
[HEARTBEAT] events=9200 decisions=4 live_orders=0 tested_orders=0
[HEARTBEAT] events=9225 decisions=4 live_orders=0 tested_orders=0
[HEARTBEAT] events=9250 decisions=4 live_orders=0 tested_orders=0
[HEARTBEAT] events=9275 decisions=4 live_orders=0 tested_orders=0
[HEARTBEAT] events=9300 decisions=4 live_orders=0 tested_orders=0
[HEARTBEAT] events=9325 decisions=4 live_orders=0 tested_orders=0
[HEARTBEAT] events=9350 decisions=4 live_orders=0 tested_orders=0
[HEARTBEAT] events=9375 decisions=4 live_orders=0 tested_orders=0
[HEARTBEAT] events=9400 decisions=4 live_orders=0 tested_orders=0
[HEARTBEAT] events=9425 decisions=4 live_orders=0 tested_orders=0
[HEARTBEAT] events=9450 decisions=4 live_orders=0 tested_orders=0
[HEARTBEAT] events=9475 decisions=4 live_orders=0 tested_orders=0
[HEARTBEAT] events=9500 decisions=4 live_orders=0 tested_orders=0
[HEARTBEAT] events=9525 decisions=4 live_orders=0 tested_orders=0
[HEARTBEAT] events=9550 decisions=4 live_orders=0 tested_orders=0
[HEARTBEAT] events=9575 decisions=4 live_orders=0 tested_orders=0
[HEARTBEAT] events=9600 decisions=4 live_orders=0 tested_orders=0
[HEARTBEAT] events=9625 decisions=4 live_orders=0 tested_orders=0
[HEARTBEAT] events=9650 decisions=4 live_orders=0 tested_orders=0
[HEARTBEAT] events=9675 decisions=4 live_orders=0 tested_orders=0
[HEARTBEAT] events=9700 decisions=4 live_orders=0 tested_orders=0
[HEARTBEAT] events=9725 decisions=4 live_orders=0 tested_orders=0
[HEARTBEAT] events=9750 decisions=4 live_orders=0 tested_orders=0
[HEARTBEAT] events=9775 decisions=4 live_orders=0 tested_orders=0
[HEARTBEAT] events=9800 decisions=4 live_orders=0 tested_orders=0
[HEARTBEAT] events=9825 decisions=4 live_orders=0 tested_orders=0
[HEARTBEAT] events=9850 decisions=4 live_orders=0 tested_orders=0
[HEARTBEAT] events=9875 decisions=4 live_orders=0 tested_orders=0
[HEARTBEAT] events=9900 decisions=4 live_orders=0 tested_orders=0
[HEARTBEAT] events=9925 decisions=4 live_orders=0 tested_orders=0
[HEARTBEAT] events=9950 decisions=4 live_orders=0 tested_orders=0
[HEARTBEAT] events=9975 decisions=4 live_orders=0 tested_orders=0
[HEARTBEAT] events=10000 decisions=4 live_orders=0 tested_orders=0
[HEARTBEAT] events=10025 decisions=4 live_orders=0 tested_orders=0
[HEARTBEAT] events=10050 decisions=4 live_orders=0 tested_orders=0
[HEARTBEAT] events=10075 decisions=4 live_orders=0 tested_orders=0
[HEARTBEAT] events=10100 decisions=4 live_orders=0 tested_orders=0
[HEARTBEAT] events=10125 decisions=4 live_orders=0 tested_orders=0
[HEARTBEAT] events=10150 decisions=4 live_orders=0 tested_orders=0
[HEARTBEAT] events=10175 decisions=4 live_orders=0 tested_orders=0
[HEARTBEAT] events=10200 decisions=4 live_orders=0 tested_orders=0
[HEARTBEAT] events=10225 decisions=4 live_orders=0 tested_orders=0
[HEARTBEAT] events=10250 decisions=4 live_orders=0 tested_orders=0
[HEARTBEAT] events=10275 decisions=4 live_orders=0 tested_orders=0
[HEARTBEAT] events=10300 decisions=4 live_orders=0 tested_orders=0
[HEARTBEAT] events=10325 decisions=4 live_orders=0 tested_orders=0
[HEARTBEAT] events=10350 decisions=4 live_orders=0 tested_orders=0
[HEARTBEAT] events=10375 decisions=4 live_orders=0 tested_orders=0
[HEARTBEAT] events=10400 decisions=4 live_orders=0 tested_orders=0
[HEARTBEAT] events=10425 decisions=4 live_orders=0 tested_orders=0
[HEARTBEAT] events=10450 decisions=4 live_orders=0 tested_orders=0
[HEARTBEAT] events=10475 decisions=4 live_orders=0 tested_orders=0
[HEARTBEAT] events=10500 decisions=4 live_orders=0 tested_orders=0
[HEARTBEAT] events=10525 decisions=4 live_orders=0 tested_orders=0
[HEARTBEAT] events=10550 decisions=4 live_orders=0 tested_orders=0
[HEARTBEAT] events=10575 decisions=4 live_orders=0 tested_orders=0
[HEARTBEAT] events=10600 decisions=4 live_orders=0 tested_orders=0
[HEARTBEAT] events=10625 decisions=4 live_orders=0 tested_orders=0
[HEARTBEAT] events=10650 decisions=4 live_orders=0 tested_orders=0
[HEARTBEAT] events=10675 decisions=4 live_orders=0 tested_orders=0
[HEARTBEAT] events=10700 decisions=4 live_orders=0 tested_orders=0
[HEARTBEAT] events=10725 decisions=4 live_orders=0 tested_orders=0
[HEARTBEAT] events=10750 decisions=4 live_orders=0 tested_orders=0
[HEARTBEAT] events=10775 decisions=4 live_orders=0 tested_orders=0
[HEARTBEAT] events=10800 decisions=4 live_orders=0 tested_orders=0
[HEARTBEAT] events=10825 decisions=4 live_orders=0 tested_orders=0
[HEARTBEAT] events=10850 decisions=4 live_orders=0 tested_orders=0
[HEARTBEAT] events=10875 decisions=4 live_orders=0 tested_orders=0
[HEARTBEAT] events=10900 decisions=4 live_orders=0 tested_orders=0
[HEARTBEAT] events=10925 decisions=4 live_orders=0 tested_orders=0
[HEARTBEAT] events=10950 decisions=4 live_orders=0 tested_orders=0
[HEARTBEAT] events=10975 decisions=4 live_orders=0 tested_orders=0
[HEARTBEAT] events=11000 decisions=4 live_orders=0 tested_orders=0
[HEARTBEAT] events=11025 decisions=4 live_orders=0 tested_orders=0
[HEARTBEAT] events=11050 decisions=4 live_orders=0 tested_orders=0
[HEARTBEAT] events=11075 decisions=4 live_orders=0 tested_orders=0
[HEARTBEAT] events=11100 decisions=4 live_orders=0 tested_orders=0
[HEARTBEAT] events=11125 decisions=4 live_orders=0 tested_orders=0
[HEARTBEAT] events=11150 decisions=4 live_orders=0 tested_orders=0
[HEARTBEAT] events=11175 decisions=4 live_orders=0 tested_orders=0
[HEARTBEAT] events=11200 decisions=4 live_orders=0 tested_orders=0
[HEARTBEAT] events=11225 decisions=4 live_orders=0 tested_orders=0
[HEARTBEAT] events=11250 decisions=4 live_orders=0 tested_orders=0
[HEARTBEAT] events=11275 decisions=4 live_orders=0 tested_orders=0
[HEARTBEAT] events=11300 decisions=4 live_orders=0 tested_orders=0
[HEARTBEAT] events=11325 decisions=4 live_orders=0 tested_orders=0
[HEARTBEAT] events=11350 decisions=4 live_orders=0 tested_orders=0
[HEARTBEAT] events=11375 decisions=4 live_orders=0 tested_orders=0
[HEARTBEAT] events=11400 decisions=4 live_orders=0 tested_orders=0
[HEARTBEAT] events=11425 decisions=4 live_orders=0 tested_orders=0
[HEARTBEAT] events=11450 decisions=4 live_orders=0 tested_orders=0
[HEARTBEAT] events=11475 decisions=4 live_orders=0 tested_orders=0
[HEARTBEAT] events=11500 decisions=4 live_orders=0 tested_orders=0
[HEARTBEAT] events=11525 decisions=4 live_orders=0 tested_orders=0
[HEARTBEAT] events=11550 decisions=4 live_orders=0 tested_orders=0
[HEARTBEAT] events=11575 decisions=4 live_orders=0 tested_orders=0
[HEARTBEAT] events=11600 decisions=4 live_orders=0 tested_orders=0
[HEARTBEAT] events=11625 decisions=4 live_orders=0 tested_orders=0
[HEARTBEAT] events=11650 decisions=4 live_orders=0 tested_orders=0
[HEARTBEAT] events=11675 decisions=4 live_orders=0 tested_orders=0
[HEARTBEAT] events=11700 decisions=4 live_orders=0 tested_orders=0
[HEARTBEAT] events=11725 decisions=4 live_orders=0 tested_orders=0
[HEARTBEAT] events=11750 decisions=4 live_orders=0 tested_orders=0
[HEARTBEAT] events=11775 decisions=4 live_orders=0 tested_orders=0
[HEARTBEAT] events=11800 decisions=4 live_orders=0 tested_orders=0
[HEARTBEAT] events=11825 decisions=4 live_orders=0 tested_orders=0
[HEARTBEAT] events=11850 decisions=4 live_orders=0 tested_orders=0
[HEARTBEAT] events=11875 decisions=4 live_orders=0 tested_orders=0
[HEARTBEAT] events=11900 decisions=4 live_orders=0 tested_orders=0
[HEARTBEAT] events=11925 decisions=4 live_orders=0 tested_orders=0
[HEARTBEAT] events=11950 decisions=4 live_orders=0 tested_orders=0
[HEARTBEAT] events=11975 decisions=4 live_orders=0 tested_orders=0
[HEARTBEAT] events=12000 decisions=4 live_orders=0 tested_orders=0
[HEARTBEAT] events=12025 decisions=4 live_orders=0 tested_orders=0
[HEARTBEAT] events=12050 decisions=4 live_orders=0 tested_orders=0
[HEARTBEAT] events=12075 decisions=4 live_orders=0 tested_orders=0
[HEARTBEAT] events=12100 decisions=4 live_orders=0 tested_orders=0
[HEARTBEAT] events=12125 decisions=4 live_orders=0 tested_orders=0
[HEARTBEAT] events=12150 decisions=4 live_orders=0 tested_orders=0
[HEARTBEAT] events=12175 decisions=4 live_orders=0 tested_orders=0
[HEARTBEAT] events=12200 decisions=4 live_orders=0 tested_orders=0
[HEARTBEAT] events=12225 decisions=4 live_orders=0 tested_orders=0
[HEARTBEAT] events=12250 decisions=4 live_orders=0 tested_orders=0
[HEARTBEAT] events=12275 decisions=4 live_orders=0 tested_orders=0
[HEARTBEAT] events=12300 decisions=4 live_orders=0 tested_orders=0
[HEARTBEAT] events=12325 decisions=4 live_orders=0 tested_orders=0
[HEARTBEAT] events=12350 decisions=4 live_orders=0 tested_orders=0
[HEARTBEAT] events=12375 decisions=4 live_orders=0 tested_orders=0
[HEARTBEAT] events=12400 decisions=4 live_orders=0 tested_orders=0
[HEARTBEAT] events=12425 decisions=4 live_orders=0 tested_orders=0
[HEARTBEAT] events=12450 decisions=4 live_orders=0 tested_orders=0
[HEARTBEAT] events=12475 decisions=4 live_orders=0 tested_orders=0
[HEARTBEAT] events=12500 decisions=4 live_orders=0 tested_orders=0
[HEARTBEAT] events=12525 decisions=4 live_orders=0 tested_orders=0
[HEARTBEAT] events=12550 decisions=4 live_orders=0 tested_orders=0
[HEARTBEAT] events=12575 decisions=4 live_orders=0 tested_orders=0
[HEARTBEAT] events=12600 decisions=4 live_orders=0 tested_orders=0
[HEARTBEAT] events=12625 decisions=4 live_orders=0 tested_orders=0
[HEARTBEAT] events=12650 decisions=4 live_orders=0 tested_orders=0
[HEARTBEAT] events=12675 decisions=4 live_orders=0 tested_orders=0
[HEARTBEAT] events=12700 decisions=4 live_orders=0 tested_orders=0
[HEARTBEAT] events=12725 decisions=4 live_orders=0 tested_orders=0
[HEARTBEAT] events=12750 decisions=4 live_orders=0 tested_orders=0
[HEARTBEAT] events=12775 decisions=4 live_orders=0 tested_orders=0
[HEARTBEAT] events=12800 decisions=4 live_orders=0 tested_orders=0
[HEARTBEAT] events=12825 decisions=4 live_orders=0 tested_orders=0
[HEARTBEAT] events=12850 decisions=4 live_orders=0 tested_orders=0
[HEARTBEAT] events=12875 decisions=4 live_orders=0 tested_orders=0
[HEARTBEAT] events=12900 decisions=4 live_orders=0 tested_orders=0
[HEARTBEAT] events=12925 decisions=4 live_orders=0 tested_orders=0
[HEARTBEAT] events=12950 decisions=4 live_orders=0 tested_orders=0
[HEARTBEAT] events=12975 decisions=4 live_orders=0 tested_orders=0
[HEARTBEAT] events=13000 decisions=4 live_orders=0 tested_orders=0
[HEARTBEAT] events=13025 decisions=4 live_orders=0 tested_orders=0
[HEARTBEAT] events=13050 decisions=4 live_orders=0 tested_orders=0
[HEARTBEAT] events=13075 decisions=4 live_orders=0 tested_orders=0
[HEARTBEAT] events=13100 decisions=4 live_orders=0 tested_orders=0
[HEARTBEAT] events=13125 decisions=4 live_orders=0 tested_orders=0
[HEARTBEAT] events=13150 decisions=4 live_orders=0 tested_orders=0
[HEARTBEAT] events=13175 decisions=4 live_orders=0 tested_orders=0
[HEARTBEAT] events=13200 decisions=4 live_orders=0 tested_orders=0
[HEARTBEAT] events=13225 decisions=4 live_orders=0 tested_orders=0
[HEARTBEAT] events=13250 decisions=4 live_orders=0 tested_orders=0
[HEARTBEAT] events=13275 decisions=4 live_orders=0 tested_orders=0
[HEARTBEAT] events=13300 decisions=4 live_orders=0 tested_orders=0
[HEARTBEAT] events=13325 decisions=4 live_orders=0 tested_orders=0
[HEARTBEAT] events=13350 decisions=4 live_orders=0 tested_orders=0
[HEARTBEAT] events=13375 decisions=4 live_orders=0 tested_orders=0
[HEARTBEAT] events=13400 decisions=4 live_orders=0 tested_orders=0
[HEARTBEAT] events=13425 decisions=4 live_orders=0 tested_orders=0
[SYNC] 2026-04-14T07:49:32.421469+00:00 account/open-order snapshot refreshed
[HEARTBEAT] events=13450 decisions=4 live_orders=0 tested_orders=0
[HEARTBEAT] events=13475 decisions=4 live_orders=0 tested_orders=0
[HEARTBEAT] events=13500 decisions=4 live_orders=0 tested_orders=0
[HEARTBEAT] events=13525 decisions=4 live_orders=0 tested_orders=0
[HEARTBEAT] events=13550 decisions=4 live_orders=0 tested_orders=0
[HEARTBEAT] events=13575 decisions=4 live_orders=0 tested_orders=0
[HEARTBEAT] events=13600 decisions=4 live_orders=0 tested_orders=0
[HEARTBEAT] events=13625 decisions=4 live_orders=0 tested_orders=0
[HEARTBEAT] events=13650 decisions=4 live_orders=0 tested_orders=0
[HEARTBEAT] events=13675 decisions=4 live_orders=0 tested_orders=0
[HEARTBEAT] events=13700 decisions=4 live_orders=0 tested_orders=0
[HEARTBEAT] events=13725 decisions=4 live_orders=0 tested_orders=0
[HEARTBEAT] events=13750 decisions=4 live_orders=0 tested_orders=0
[HEARTBEAT] events=13775 decisions=4 live_orders=0 tested_orders=0
[HEARTBEAT] events=13800 decisions=4 live_orders=0 tested_orders=0
[HEARTBEAT] events=13825 decisions=4 live_orders=0 tested_orders=0
[HEARTBEAT] events=13850 decisions=4 live_orders=0 tested_orders=0
[HEARTBEAT] events=13875 decisions=4 live_orders=0 tested_orders=0
[HEARTBEAT] events=13900 decisions=4 live_orders=0 tested_orders=0
[HEARTBEAT] events=13925 decisions=4 live_orders=0 tested_orders=0
[HEARTBEAT] events=13950 decisions=4 live_orders=0 tested_orders=0
[HEARTBEAT] events=13975 decisions=4 live_orders=0 tested_orders=0
[HEARTBEAT] events=14000 decisions=4 live_orders=0 tested_orders=0
[HEARTBEAT] events=14025 decisions=4 live_orders=0 tested_orders=0
[HEARTBEAT] events=14050 decisions=4 live_orders=0 tested_orders=0
[HEARTBEAT] events=14075 decisions=4 live_orders=0 tested_orders=0
[HEARTBEAT] events=14100 decisions=4 live_orders=0 tested_orders=0
[HEARTBEAT] events=14125 decisions=4 live_orders=0 tested_orders=0
[HEARTBEAT] events=14150 decisions=4 live_orders=0 tested_orders=0
[HEARTBEAT] events=14175 decisions=4 live_orders=0 tested_orders=0
[HEARTBEAT] events=14200 decisions=4 live_orders=0 tested_orders=0
[HEARTBEAT] events=14225 decisions=4 live_orders=0 tested_orders=0
[HEARTBEAT] events=14250 decisions=4 live_orders=0 tested_orders=0
[HEARTBEAT] events=14275 decisions=4 live_orders=0 tested_orders=0
[HEARTBEAT] events=14300 decisions=4 live_orders=0 tested_orders=0
[HEARTBEAT] events=14325 decisions=4 live_orders=0 tested_orders=0
[HEARTBEAT] events=14350 decisions=4 live_orders=0 tested_orders=0
[HEARTBEAT] events=14375 decisions=4 live_orders=0 tested_orders=0
[HEARTBEAT] events=14400 decisions=4 live_orders=0 tested_orders=0
[HEARTBEAT] events=14425 decisions=4 live_orders=0 tested_orders=0
[HEARTBEAT] events=14450 decisions=4 live_orders=0 tested_orders=0
[HEARTBEAT] events=14475 decisions=4 live_orders=0 tested_orders=0
[HEARTBEAT] events=14500 decisions=4 live_orders=0 tested_orders=0
[HEARTBEAT] events=14525 decisions=4 live_orders=0 tested_orders=0
[HEARTBEAT] events=14550 decisions=4 live_orders=0 tested_orders=0
[HEARTBEAT] events=14575 decisions=4 live_orders=0 tested_orders=0
[HEARTBEAT] events=14600 decisions=4 live_orders=0 tested_orders=0
[HEARTBEAT] events=14625 decisions=4 live_orders=0 tested_orders=0
[HEARTBEAT] events=14650 decisions=4 live_orders=0 tested_orders=0
[HEARTBEAT] events=14675 decisions=4 live_orders=0 tested_orders=0
[HEARTBEAT] events=14700 decisions=4 live_orders=0 tested_orders=0
[HEARTBEAT] events=14725 decisions=4 live_orders=0 tested_orders=0
[HEARTBEAT] events=14750 decisions=4 live_orders=0 tested_orders=0
[HEARTBEAT] events=14775 decisions=4 live_orders=0 tested_orders=0
[HEARTBEAT] events=14800 decisions=4 live_orders=0 tested_orders=0
[HEARTBEAT] events=14825 decisions=4 live_orders=0 tested_orders=0
[HEARTBEAT] events=14850 decisions=4 live_orders=0 tested_orders=0
[HEARTBEAT] events=14875 decisions=4 live_orders=0 tested_orders=0
[HEARTBEAT] events=14900 decisions=4 live_orders=0 tested_orders=0
[HEARTBEAT] events=14925 decisions=4 live_orders=0 tested_orders=0
[HEARTBEAT] events=14950 decisions=4 live_orders=0 tested_orders=0
[HEARTBEAT] events=14975 decisions=4 live_orders=0 tested_orders=0
[HEARTBEAT] events=15000 decisions=4 live_orders=0 tested_orders=0
[HEARTBEAT] events=15025 decisions=4 live_orders=0 tested_orders=0
[HEARTBEAT] events=15050 decisions=4 live_orders=0 tested_orders=0
[HEARTBEAT] events=15075 decisions=4 live_orders=0 tested_orders=0
[HEARTBEAT] events=15100 decisions=4 live_orders=0 tested_orders=0
[HEARTBEAT] events=15125 decisions=4 live_orders=0 tested_orders=0
[HEARTBEAT] events=15150 decisions=4 live_orders=0 tested_orders=0
[HEARTBEAT] events=15175 decisions=4 live_orders=0 tested_orders=0
[HEARTBEAT] events=15200 decisions=4 live_orders=0 tested_orders=0
[HEARTBEAT] events=15225 decisions=4 live_orders=0 tested_orders=0
[HEARTBEAT] events=15250 decisions=4 live_orders=0 tested_orders=0
[HEARTBEAT] events=15275 decisions=4 live_orders=0 tested_orders=0
[HEARTBEAT] events=15300 decisions=4 live_orders=0 tested_orders=0
[HEARTBEAT] events=15325 decisions=4 live_orders=0 tested_orders=0
[HEARTBEAT] events=15350 decisions=4 live_orders=0 tested_orders=0
[HEARTBEAT] events=15375 decisions=4 live_orders=0 tested_orders=0
[HEARTBEAT] events=15400 decisions=4 live_orders=0 tested_orders=0
[HEARTBEAT] events=15425 decisions=4 live_orders=0 tested_orders=0
[HEARTBEAT] events=15450 decisions=4 live_orders=0 tested_orders=0
[HEARTBEAT] events=15475 decisions=4 live_orders=0 tested_orders=0
[HEARTBEAT] events=15500 decisions=4 live_orders=0 tested_orders=0
[HEARTBEAT] events=15525 decisions=4 live_orders=0 tested_orders=0
[HEARTBEAT] events=15550 decisions=4 live_orders=0 tested_orders=0
[HEARTBEAT] events=15575 decisions=4 live_orders=0 tested_orders=0
[HEARTBEAT] events=15600 decisions=4 live_orders=0 tested_orders=0
[HEARTBEAT] events=15625 decisions=4 live_orders=0 tested_orders=0
[HEARTBEAT] events=15650 decisions=4 live_orders=0 tested_orders=0
[HEARTBEAT] events=15675 decisions=4 live_orders=0 tested_orders=0
[HEARTBEAT] events=15700 decisions=4 live_orders=0 tested_orders=0
[HEARTBEAT] events=15725 decisions=4 live_orders=0 tested_orders=0
[HEARTBEAT] events=15750 decisions=4 live_orders=0 tested_orders=0
[HEARTBEAT] events=15775 decisions=4 live_orders=0 tested_orders=0
[HEARTBEAT] events=15800 decisions=4 live_orders=0 tested_orders=0
[HEARTBEAT] events=15825 decisions=4 live_orders=0 tested_orders=0
[HEARTBEAT] events=15850 decisions=4 live_orders=0 tested_orders=0
[HEARTBEAT] events=15875 decisions=4 live_orders=0 tested_orders=0
[HEARTBEAT] events=15900 decisions=4 live_orders=0 tested_orders=0
[HEARTBEAT] events=15925 decisions=4 live_orders=0 tested_orders=0
[HEARTBEAT] events=15950 decisions=4 live_orders=0 tested_orders=0
[HEARTBEAT] events=15975 decisions=4 live_orders=0 tested_orders=0
[HEARTBEAT] events=16000 decisions=4 live_orders=0 tested_orders=0
[HEARTBEAT] events=16025 decisions=4 live_orders=0 tested_orders=0
[HEARTBEAT] events=16050 decisions=4 live_orders=0 tested_orders=0
[HEARTBEAT] events=16075 decisions=4 live_orders=0 tested_orders=0
[HEARTBEAT] events=16100 decisions=4 live_orders=0 tested_orders=0
[HEARTBEAT] events=16125 decisions=4 live_orders=0 tested_orders=0
[HEARTBEAT] events=16150 decisions=4 live_orders=0 tested_orders=0
[HEARTBEAT] events=16175 decisions=4 live_orders=0 tested_orders=0
[HEARTBEAT] events=16200 decisions=4 live_orders=0 tested_orders=0
[HEARTBEAT] events=16225 decisions=4 live_orders=0 tested_orders=0
[HEARTBEAT] events=16250 decisions=4 live_orders=0 tested_orders=0
[HEARTBEAT] events=16275 decisions=4 live_orders=0 tested_orders=0
[HEARTBEAT] events=16300 decisions=4 live_orders=0 tested_orders=0
[HEARTBEAT] events=16325 decisions=4 live_orders=0 tested_orders=0
[HEARTBEAT] events=16350 decisions=4 live_orders=0 tested_orders=0
[HEARTBEAT] events=16375 decisions=4 live_orders=0 tested_orders=0
[HEARTBEAT] events=16400 decisions=4 live_orders=0 tested_orders=0
[HEARTBEAT] events=16425 decisions=4 live_orders=0 tested_orders=0
[HEARTBEAT] events=16450 decisions=4 live_orders=0 tested_orders=0
[HEARTBEAT] events=16475 decisions=4 live_orders=0 tested_orders=0
[HEARTBEAT] events=16500 decisions=4 live_orders=0 tested_orders=0
[HEARTBEAT] events=16525 decisions=4 live_orders=0 tested_orders=0
[SYNC] 2026-04-14T07:50:32.606783+00:00 account/open-order snapshot refreshed
[HEARTBEAT] events=16550 decisions=4 live_orders=0 tested_orders=0
[HEARTBEAT] events=16575 decisions=4 live_orders=0 tested_orders=0
[HEARTBEAT] events=16600 decisions=4 live_orders=0 tested_orders=0
[HEARTBEAT] events=16625 decisions=4 live_orders=0 tested_orders=0
[HEARTBEAT] events=16650 decisions=4 live_orders=0 tested_orders=0
[HEARTBEAT] events=16675 decisions=4 live_orders=0 tested_orders=0
[HEARTBEAT] events=16700 decisions=4 live_orders=0 tested_orders=0
[HEARTBEAT] events=16725 decisions=4 live_orders=0 tested_orders=0
[HEARTBEAT] events=16750 decisions=4 live_orders=0 tested_orders=0
[HEARTBEAT] events=16775 decisions=4 live_orders=0 tested_orders=0
[HEARTBEAT] events=16800 decisions=4 live_orders=0 tested_orders=0
[HEARTBEAT] events=16825 decisions=4 live_orders=0 tested_orders=0
[HEARTBEAT] events=16850 decisions=4 live_orders=0 tested_orders=0
[ERROR] websocket attempt=1 error=no close frame received or sent
[RETRY] attempt=2 sleeping=1.00s
[HEARTBEAT] events=16875 decisions=4 live_orders=0 tested_orders=0
[HEARTBEAT] events=16900 decisions=4 live_orders=0 tested_orders=0
[CONNECT] websocket attempt=2
[HEARTBEAT] events=16925 decisions=4 live_orders=0 tested_orders=0
[HEARTBEAT] events=16950 decisions=4 live_orders=0 tested_orders=0
[HEARTBEAT] events=16975 decisions=4 live_orders=0 tested_orders=0
[HEARTBEAT] events=17000 decisions=4 live_orders=0 tested_orders=0
[HEARTBEAT] events=17025 decisions=4 live_orders=0 tested_orders=0
[HEARTBEAT] events=17050 decisions=4 live_orders=0 tested_orders=0
[HEARTBEAT] events=17075 decisions=4 live_orders=0 tested_orders=0
[HEARTBEAT] events=17100 decisions=4 live_orders=0 tested_orders=0
[HEARTBEAT] events=17125 decisions=4 live_orders=0 tested_orders=0
[HEARTBEAT] events=17150 decisions=4 live_orders=0 tested_orders=0
[HEARTBEAT] events=17175 decisions=4 live_orders=0 tested_orders=0
[HEARTBEAT] events=17200 decisions=4 live_orders=0 tested_orders=0
[HEARTBEAT] events=17225 decisions=4 live_orders=0 tested_orders=0
[HEARTBEAT] events=17250 decisions=4 live_orders=0 tested_orders=0
[HEARTBEAT] events=17275 decisions=4 live_orders=0 tested_orders=0
[HEARTBEAT] events=17300 decisions=4 live_orders=0 tested_orders=0
[HEARTBEAT] events=17325 decisions=4 live_orders=0 tested_orders=0
[HEARTBEAT] events=17350 decisions=4 live_orders=0 tested_orders=0
[HEARTBEAT] events=17375 decisions=4 live_orders=0 tested_orders=0
[HEARTBEAT] events=17400 decisions=4 live_orders=0 tested_orders=0
[HEARTBEAT] events=17425 decisions=4 live_orders=0 tested_orders=0
[HEARTBEAT] events=17450 decisions=4 live_orders=0 tested_orders=0
[HEARTBEAT] events=17475 decisions=4 live_orders=0 tested_orders=0
[HEARTBEAT] events=17500 decisions=4 live_orders=0 tested_orders=0
[HEARTBEAT] events=17525 decisions=4 live_orders=0 tested_orders=0
[HEARTBEAT] events=17550 decisions=4 live_orders=0 tested_orders=0
[HEARTBEAT] events=17575 decisions=4 live_orders=0 tested_orders=0
[HEARTBEAT] events=17600 decisions=4 live_orders=0 tested_orders=0
[HEARTBEAT] events=17625 decisions=4 live_orders=0 tested_orders=0
[HEARTBEAT] events=17650 decisions=4 live_orders=0 tested_orders=0
[HEARTBEAT] events=17675 decisions=4 live_orders=0 tested_orders=0
[HEARTBEAT] events=17700 decisions=4 live_orders=0 tested_orders=0
[HEARTBEAT] events=17725 decisions=4 live_orders=0 tested_orders=0
[HEARTBEAT] events=17750 decisions=4 live_orders=0 tested_orders=0
[HEARTBEAT] events=17775 decisions=4 live_orders=0 tested_orders=0
[HEARTBEAT] events=17800 decisions=4 live_orders=0 tested_orders=0
[HEARTBEAT] events=17825 decisions=4 live_orders=0 tested_orders=0
[HEARTBEAT] events=17850 decisions=4 live_orders=0 tested_orders=0
[HEARTBEAT] events=17875 decisions=4 live_orders=0 tested_orders=0
[HEARTBEAT] events=17900 decisions=4 live_orders=0 tested_orders=0
[HEARTBEAT] events=17925 decisions=4 live_orders=0 tested_orders=0
[HEARTBEAT] events=17950 decisions=4 live_orders=0 tested_orders=0
[HEARTBEAT] events=17975 decisions=4 live_orders=0 tested_orders=0
[HEARTBEAT] events=18000 decisions=4 live_orders=0 tested_orders=0
[HEARTBEAT] events=18025 decisions=4 live_orders=0 tested_orders=0
[HEARTBEAT] events=18050 decisions=4 live_orders=0 tested_orders=0
[HEARTBEAT] events=18075 decisions=4 live_orders=0 tested_orders=0
[HEARTBEAT] events=18100 decisions=4 live_orders=0 tested_orders=0
[HEARTBEAT] events=18125 decisions=4 live_orders=0 tested_orders=0
[HEARTBEAT] events=18150 decisions=4 live_orders=0 tested_orders=0
[HEARTBEAT] events=18175 decisions=4 live_orders=0 tested_orders=0
[HEARTBEAT] events=18200 decisions=4 live_orders=0 tested_orders=0
[HEARTBEAT] events=18225 decisions=4 live_orders=0 tested_orders=0
[HEARTBEAT] events=18250 decisions=4 live_orders=0 tested_orders=0
[HEARTBEAT] events=18275 decisions=4 live_orders=0 tested_orders=0
[HEARTBEAT] events=18300 decisions=4 live_orders=0 tested_orders=0
[HEARTBEAT] events=18325 decisions=4 live_orders=0 tested_orders=0
[HEARTBEAT] events=18350 decisions=4 live_orders=0 tested_orders=0
[HEARTBEAT] events=18375 decisions=4 live_orders=0 tested_orders=0
[HEARTBEAT] events=18400 decisions=4 live_orders=0 tested_orders=0
[HEARTBEAT] events=18425 decisions=4 live_orders=0 tested_orders=0
[HEARTBEAT] events=18450 decisions=4 live_orders=0 tested_orders=0
[HEARTBEAT] events=18475 decisions=4 live_orders=0 tested_orders=0
[HEARTBEAT] events=18500 decisions=4 live_orders=0 tested_orders=0
[HEARTBEAT] events=18525 decisions=4 live_orders=0 tested_orders=0
[HEARTBEAT] events=18550 decisions=4 live_orders=0 tested_orders=0
[HEARTBEAT] events=18575 decisions=4 live_orders=0 tested_orders=0
[HEARTBEAT] events=18600 decisions=4 live_orders=0 tested_orders=0
[HEARTBEAT] events=18625 decisions=4 live_orders=0 tested_orders=0
[HEARTBEAT] events=18650 decisions=4 live_orders=0 tested_orders=0
[HEARTBEAT] events=18675 decisions=4 live_orders=0 tested_orders=0
[HEARTBEAT] events=18700 decisions=4 live_orders=0 tested_orders=0
[HEARTBEAT] events=18725 decisions=4 live_orders=0 tested_orders=0
[HEARTBEAT] events=18750 decisions=4 live_orders=0 tested_orders=0
[HEARTBEAT] events=18775 decisions=4 live_orders=0 tested_orders=0
[HEARTBEAT] events=18800 decisions=4 live_orders=0 tested_orders=0
[HEARTBEAT] events=18825 decisions=4 live_orders=0 tested_orders=0
[HEARTBEAT] events=18850 decisions=4 live_orders=0 tested_orders=0
[HEARTBEAT] events=18875 decisions=4 live_orders=0 tested_orders=0
[HEARTBEAT] events=18900 decisions=4 live_orders=0 tested_orders=0
[HEARTBEAT] events=18925 decisions=4 live_orders=0 tested_orders=0
[HEARTBEAT] events=18950 decisions=4 live_orders=0 tested_orders=0
[HEARTBEAT] events=18975 decisions=4 live_orders=0 tested_orders=0
[HEARTBEAT] events=19000 decisions=4 live_orders=0 tested_orders=0
[HEARTBEAT] events=19025 decisions=4 live_orders=0 tested_orders=0
[HEARTBEAT] events=19050 decisions=4 live_orders=0 tested_orders=0
[HEARTBEAT] events=19075 decisions=4 live_orders=0 tested_orders=0
[HEARTBEAT] events=19100 decisions=4 live_orders=0 tested_orders=0
[HEARTBEAT] events=19125 decisions=4 live_orders=0 tested_orders=0
[HEARTBEAT] events=19150 decisions=4 live_orders=0 tested_orders=0
[HEARTBEAT] events=19175 decisions=4 live_orders=0 tested_orders=0
[HEARTBEAT] events=19200 decisions=4 live_orders=0 tested_orders=0
[HEARTBEAT] events=19225 decisions=4 live_orders=0 tested_orders=0
[HEARTBEAT] events=19250 decisions=4 live_orders=0 tested_orders=0
[HEARTBEAT] events=19275 decisions=4 live_orders=0 tested_orders=0
[HEARTBEAT] events=19300 decisions=4 live_orders=0 tested_orders=0
[HEARTBEAT] events=19325 decisions=4 live_orders=0 tested_orders=0
[HEARTBEAT] events=19350 decisions=4 live_orders=0 tested_orders=0
[HEARTBEAT] events=19375 decisions=4 live_orders=0 tested_orders=0
[HEARTBEAT] events=19400 decisions=4 live_orders=0 tested_orders=0
[HEARTBEAT] events=19425 decisions=4 live_orders=0 tested_orders=0
[HEARTBEAT] events=19450 decisions=4 live_orders=0 tested_orders=0
[HEARTBEAT] events=19475 decisions=4 live_orders=0 tested_orders=0
[HEARTBEAT] events=19500 decisions=4 live_orders=0 tested_orders=0
[HEARTBEAT] events=19525 decisions=4 live_orders=0 tested_orders=0
[HEARTBEAT] events=19550 decisions=4 live_orders=0 tested_orders=0
[HEARTBEAT] events=19575 decisions=4 live_orders=0 tested_orders=0
[HEARTBEAT] events=19600 decisions=4 live_orders=0 tested_orders=0
[HEARTBEAT] events=19625 decisions=4 live_orders=0 tested_orders=0
[HEARTBEAT] events=19650 decisions=4 live_orders=0 tested_orders=0
[HEARTBEAT] events=19675 decisions=4 live_orders=0 tested_orders=0
[HEARTBEAT] events=19700 decisions=4 live_orders=0 tested_orders=0
[HEARTBEAT] events=19725 decisions=4 live_orders=0 tested_orders=0
[HEARTBEAT] events=19750 decisions=4 live_orders=0 tested_orders=0
[HEARTBEAT] events=19775 decisions=4 live_orders=0 tested_orders=0
[HEARTBEAT] events=19800 decisions=4 live_orders=0 tested_orders=0
[HEARTBEAT] events=19825 decisions=4 live_orders=0 tested_orders=0
[HEARTBEAT] events=19850 decisions=4 live_orders=0 tested_orders=0
[HEARTBEAT] events=19875 decisions=4 live_orders=0 tested_orders=0
[HEARTBEAT] events=19900 decisions=4 live_orders=0 tested_orders=0
[HEARTBEAT] events=19925 decisions=4 live_orders=0 tested_orders=0
[HEARTBEAT] events=19950 decisions=4 live_orders=0 tested_orders=0
[HEARTBEAT] events=19975 decisions=4 live_orders=0 tested_orders=0
[HEARTBEAT] events=20000 decisions=4 live_orders=0 tested_orders=0
[HEARTBEAT] events=20025 decisions=4 live_orders=0 tested_orders=0
[HEARTBEAT] events=20050 decisions=4 live_orders=0 tested_orders=0
[HEARTBEAT] events=20075 decisions=4 live_orders=0 tested_orders=0
[HEARTBEAT] events=20100 decisions=4 live_orders=0 tested_orders=0
[HEARTBEAT] events=20125 decisions=4 live_orders=0 tested_orders=0
[HEARTBEAT] events=20150 decisions=4 live_orders=0 tested_orders=0
[HEARTBEAT] events=20175 decisions=4 live_orders=0 tested_orders=0
[HEARTBEAT] events=20200 decisions=4 live_orders=0 tested_orders=0
[HEARTBEAT] events=20225 decisions=4 live_orders=0 tested_orders=0
[HEARTBEAT] events=20250 decisions=4 live_orders=0 tested_orders=0
[HEARTBEAT] events=20275 decisions=4 live_orders=0 tested_orders=0
[HEARTBEAT] events=20300 decisions=4 live_orders=0 tested_orders=0
[HEARTBEAT] events=20325 decisions=4 live_orders=0 tested_orders=0
[HEARTBEAT] events=20350 decisions=4 live_orders=0 tested_orders=0
[HEARTBEAT] events=20375 decisions=4 live_orders=0 tested_orders=0
[HEARTBEAT] events=20400 decisions=4 live_orders=0 tested_orders=0
[HEARTBEAT] events=20425 decisions=4 live_orders=0 tested_orders=0
[HEARTBEAT] events=20450 decisions=4 live_orders=0 tested_orders=0
[HEARTBEAT] events=20475 decisions=4 live_orders=0 tested_orders=0
[HEARTBEAT] events=20500 decisions=4 live_orders=0 tested_orders=0
[HEARTBEAT] events=20525 decisions=4 live_orders=0 tested_orders=0
[HEARTBEAT] events=20550 decisions=4 live_orders=0 tested_orders=0
[HEARTBEAT] events=20575 decisions=4 live_orders=0 tested_orders=0
[HEARTBEAT] events=20600 decisions=4 live_orders=0 tested_orders=0
[HEARTBEAT] events=20625 decisions=4 live_orders=0 tested_orders=0
[HEARTBEAT] events=20650 decisions=4 live_orders=0 tested_orders=0
[HEARTBEAT] events=20675 decisions=4 live_orders=0 tested_orders=0
[HEARTBEAT] events=20700 decisions=4 live_orders=0 tested_orders=0
[HEARTBEAT] events=20725 decisions=4 live_orders=0 tested_orders=0
[HEARTBEAT] events=20750 decisions=4 live_orders=0 tested_orders=0
[HEARTBEAT] events=20775 decisions=4 live_orders=0 tested_orders=0
[HEARTBEAT] events=20800 decisions=4 live_orders=0 tested_orders=0
[HEARTBEAT] events=20825 decisions=4 live_orders=0 tested_orders=0
[HEARTBEAT] events=20850 decisions=4 live_orders=0 tested_orders=0
[HEARTBEAT] events=20875 decisions=4 live_orders=0 tested_orders=0
[HEARTBEAT] events=20900 decisions=4 live_orders=0 tested_orders=0
[HEARTBEAT] events=20925 decisions=4 live_orders=0 tested_orders=0
[HEARTBEAT] events=20950 decisions=4 live_orders=0 tested_orders=0
[HEARTBEAT] events=20975 decisions=4 live_orders=0 tested_orders=0
[HEARTBEAT] events=21000 decisions=4 live_orders=0 tested_orders=0
[HEARTBEAT] events=21025 decisions=4 live_orders=0 tested_orders=0
[HEARTBEAT] events=21050 decisions=4 live_orders=0 tested_orders=0
[HEARTBEAT] events=21075 decisions=4 live_orders=0 tested_orders=0
[HEARTBEAT] events=21100 decisions=4 live_orders=0 tested_orders=0
[HEARTBEAT] events=21125 decisions=4 live_orders=0 tested_orders=0
[HEARTBEAT] events=21150 decisions=4 live_orders=0 tested_orders=0
[HEARTBEAT] events=21175 decisions=4 live_orders=0 tested_orders=0
[HEARTBEAT] events=21200 decisions=4 live_orders=0 tested_orders=0
[HEARTBEAT] events=21225 decisions=4 live_orders=0 tested_orders=0
[HEARTBEAT] events=21250 decisions=4 live_orders=0 tested_orders=0
[HEARTBEAT] events=21275 decisions=4 live_orders=0 tested_orders=0
[HEARTBEAT] events=21300 decisions=4 live_orders=0 tested_orders=0
[HEARTBEAT] events=21325 decisions=4 live_orders=0 tested_orders=0
[HEARTBEAT] events=21350 decisions=4 live_orders=0 tested_orders=0
[HEARTBEAT] events=21375 decisions=4 live_orders=0 tested_orders=0
[HEARTBEAT] events=21400 decisions=4 live_orders=0 tested_orders=0
[HEARTBEAT] events=21425 decisions=4 live_orders=0 tested_orders=0
[HEARTBEAT] events=21450 decisions=4 live_orders=0 tested_orders=0
[HEARTBEAT] events=21475 decisions=4 live_orders=0 tested_orders=0
[HEARTBEAT] events=21500 decisions=4 live_orders=0 tested_orders=0
[HEARTBEAT] events=21525 decisions=4 live_orders=0 tested_orders=0
[HEARTBEAT] events=21550 decisions=4 live_orders=0 tested_orders=0
[HEARTBEAT] events=21575 decisions=4 live_orders=0 tested_orders=0
[HEARTBEAT] events=21600 decisions=4 live_orders=0 tested_orders=0
[HEARTBEAT] events=21625 decisions=4 live_orders=0 tested_orders=0
[HEARTBEAT] events=21650 decisions=4 live_orders=0 tested_orders=0
[HEARTBEAT] events=21675 decisions=4 live_orders=0 tested_orders=0
[HEARTBEAT] events=21700 decisions=4 live_orders=0 tested_orders=0
[HEARTBEAT] events=21725 decisions=4 live_orders=0 tested_orders=0
[HEARTBEAT] events=21750 decisions=4 live_orders=0 tested_orders=0
[HEARTBEAT] events=21775 decisions=4 live_orders=0 tested_orders=0
[HEARTBEAT] events=21800 decisions=4 live_orders=0 tested_orders=0
[HEARTBEAT] events=21825 decisions=4 live_orders=0 tested_orders=0
[HEARTBEAT] events=21850 decisions=4 live_orders=0 tested_orders=0
[HEARTBEAT] events=21875 decisions=4 live_orders=0 tested_orders=0
[HEARTBEAT] events=21900 decisions=4 live_orders=0 tested_orders=0
[HEARTBEAT] events=21925 decisions=4 live_orders=0 tested_orders=0
[HEARTBEAT] events=21950 decisions=4 live_orders=0 tested_orders=0
[HEARTBEAT] events=21975 decisions=4 live_orders=0 tested_orders=0
[HEARTBEAT] events=22000 decisions=4 live_orders=0 tested_orders=0
[HEARTBEAT] events=22025 decisions=4 live_orders=0 tested_orders=0
[HEARTBEAT] events=22050 decisions=4 live_orders=0 tested_orders=0
[HEARTBEAT] events=22075 decisions=4 live_orders=0 tested_orders=0
[HEARTBEAT] events=22100 decisions=4 live_orders=0 tested_orders=0
[HEARTBEAT] events=22125 decisions=4 live_orders=0 tested_orders=0
[HEARTBEAT] events=22150 decisions=4 live_orders=0 tested_orders=0
[HEARTBEAT] events=22175 decisions=4 live_orders=0 tested_orders=0
[HEARTBEAT] events=22200 decisions=4 live_orders=0 tested_orders=0
[HEARTBEAT] events=22225 decisions=4 live_orders=0 tested_orders=0
[HEARTBEAT] events=22250 decisions=4 live_orders=0 tested_orders=0
[HEARTBEAT] events=22275 decisions=4 live_orders=0 tested_orders=0
[HEARTBEAT] events=22300 decisions=4 live_orders=0 tested_orders=0
[HEARTBEAT] events=22325 decisions=4 live_orders=0 tested_orders=0
[HEARTBEAT] events=22350 decisions=4 live_orders=0 tested_orders=0
[HEARTBEAT] events=22375 decisions=4 live_orders=0 tested_orders=0
[HEARTBEAT] events=22400 decisions=4 live_orders=0 tested_orders=0
[HEARTBEAT] events=22425 decisions=4 live_orders=0 tested_orders=0
[HEARTBEAT] events=22450 decisions=4 live_orders=0 tested_orders=0
[SYNC] 2026-04-14T07:51:32.613395+00:00 account/open-order snapshot refreshed
[HEARTBEAT] events=22475 decisions=4 live_orders=0 tested_orders=0
[HEARTBEAT] events=22500 decisions=4 live_orders=0 tested_orders=0
[HEARTBEAT] events=22525 decisions=4 live_orders=0 tested_orders=0
[HEARTBEAT] events=22550 decisions=4 live_orders=0 tested_orders=0
[HEARTBEAT] events=22575 decisions=4 live_orders=0 tested_orders=0
[HEARTBEAT] events=22600 decisions=4 live_orders=0 tested_orders=0
[HEARTBEAT] events=22625 decisions=4 live_orders=0 tested_orders=0
[HEARTBEAT] events=22650 decisions=4 live_orders=0 tested_orders=0
[HEARTBEAT] events=22675 decisions=4 live_orders=0 tested_orders=0
[HEARTBEAT] events=22700 decisions=4 live_orders=0 tested_orders=0
[HEARTBEAT] events=22725 decisions=4 live_orders=0 tested_orders=0
[HEARTBEAT] events=22750 decisions=4 live_orders=0 tested_orders=0
[HEARTBEAT] events=22775 decisions=4 live_orders=0 tested_orders=0
[HEARTBEAT] events=22800 decisions=4 live_orders=0 tested_orders=0
[HEARTBEAT] events=22825 decisions=4 live_orders=0 tested_orders=0
[HEARTBEAT] events=22850 decisions=4 live_orders=0 tested_orders=0
[HEARTBEAT] events=22875 decisions=4 live_orders=0 tested_orders=0
[HEARTBEAT] events=22900 decisions=4 live_orders=0 tested_orders=0
[HEARTBEAT] events=22925 decisions=4 live_orders=0 tested_orders=0
[HEARTBEAT] events=22950 decisions=4 live_orders=0 tested_orders=0
[HEARTBEAT] events=22975 decisions=4 live_orders=0 tested_orders=0
[HEARTBEAT] events=23000 decisions=4 live_orders=0 tested_orders=0
[HEARTBEAT] events=23025 decisions=4 live_orders=0 tested_orders=0
[HEARTBEAT] events=23050 decisions=4 live_orders=0 tested_orders=0
[HEARTBEAT] events=23075 decisions=4 live_orders=0 tested_orders=0
[HEARTBEAT] events=23100 decisions=4 live_orders=0 tested_orders=0
[HEARTBEAT] events=23125 decisions=4 live_orders=0 tested_orders=0
[HEARTBEAT] events=23150 decisions=4 live_orders=0 tested_orders=0
[HEARTBEAT] events=23175 decisions=4 live_orders=0 tested_orders=0
[HEARTBEAT] events=23200 decisions=4 live_orders=0 tested_orders=0
[HEARTBEAT] events=23225 decisions=4 live_orders=0 tested_orders=0
[HEARTBEAT] events=23250 decisions=4 live_orders=0 tested_orders=0
[HEARTBEAT] events=23275 decisions=4 live_orders=0 tested_orders=0
[HEARTBEAT] events=23300 decisions=4 live_orders=0 tested_orders=0
[HEARTBEAT] events=23325 decisions=4 live_orders=0 tested_orders=0
[HEARTBEAT] events=23350 decisions=4 live_orders=0 tested_orders=0
[HEARTBEAT] events=23375 decisions=4 live_orders=0 tested_orders=0
[HEARTBEAT] events=23400 decisions=4 live_orders=0 tested_orders=0
[HEARTBEAT] events=23425 decisions=4 live_orders=0 tested_orders=0
[HEARTBEAT] events=23450 decisions=4 live_orders=0 tested_orders=0
[HEARTBEAT] events=23475 decisions=4 live_orders=0 tested_orders=0
[HEARTBEAT] events=23500 decisions=4 live_orders=0 tested_orders=0
[HEARTBEAT] events=23525 decisions=4 live_orders=0 tested_orders=0
[HEARTBEAT] events=23550 decisions=4 live_orders=0 tested_orders=0
[HEARTBEAT] events=23575 decisions=4 live_orders=0 tested_orders=0
[HEARTBEAT] events=23600 decisions=4 live_orders=0 tested_orders=0
[HEARTBEAT] events=23625 decisions=4 live_orders=0 tested_orders=0
[HEARTBEAT] events=23650 decisions=4 live_orders=0 tested_orders=0
[HEARTBEAT] events=23675 decisions=4 live_orders=0 tested_orders=0
[HEARTBEAT] events=23700 decisions=4 live_orders=0 tested_orders=0
[HEARTBEAT] events=23725 decisions=4 live_orders=0 tested_orders=0
[HEARTBEAT] events=23750 decisions=4 live_orders=0 tested_orders=0
[HEARTBEAT] events=23775 decisions=4 live_orders=0 tested_orders=0
[HEARTBEAT] events=23800 decisions=4 live_orders=0 tested_orders=0
[HEARTBEAT] events=23825 decisions=4 live_orders=0 tested_orders=0
[HEARTBEAT] events=23850 decisions=4 live_orders=0 tested_orders=0
[HEARTBEAT] events=23875 decisions=4 live_orders=0 tested_orders=0
[HEARTBEAT] events=23900 decisions=4 live_orders=0 tested_orders=0
[HEARTBEAT] events=23925 decisions=4 live_orders=0 tested_orders=0
[HEARTBEAT] events=23950 decisions=4 live_orders=0 tested_orders=0
[HEARTBEAT] events=23975 decisions=4 live_orders=0 tested_orders=0
[HEARTBEAT] events=24000 decisions=4 live_orders=0 tested_orders=0
[HEARTBEAT] events=24025 decisions=4 live_orders=0 tested_orders=0
[HEARTBEAT] events=24050 decisions=4 live_orders=0 tested_orders=0
[HEARTBEAT] events=24075 decisions=4 live_orders=0 tested_orders=0
[HEARTBEAT] events=24100 decisions=4 live_orders=0 tested_orders=0
[HEARTBEAT] events=24125 decisions=4 live_orders=0 tested_orders=0
[HEARTBEAT] events=24150 decisions=4 live_orders=0 tested_orders=0
[HEARTBEAT] events=24175 decisions=4 live_orders=0 tested_orders=0
[HEARTBEAT] events=24200 decisions=4 live_orders=0 tested_orders=0
[HEARTBEAT] events=24225 decisions=4 live_orders=0 tested_orders=0
[HEARTBEAT] events=24250 decisions=4 live_orders=0 tested_orders=0
[HEARTBEAT] events=24275 decisions=4 live_orders=0 tested_orders=0
[HEARTBEAT] events=24300 decisions=4 live_orders=0 tested_orders=0
[HEARTBEAT] events=24325 decisions=4 live_orders=0 tested_orders=0
[HEARTBEAT] events=24350 decisions=4 live_orders=0 tested_orders=0
[HEARTBEAT] events=24375 decisions=4 live_orders=0 tested_orders=0
[HEARTBEAT] events=24400 decisions=4 live_orders=0 tested_orders=0
[HEARTBEAT] events=24425 decisions=4 live_orders=0 tested_orders=0
[HEARTBEAT] events=24450 decisions=4 live_orders=0 tested_orders=0
[HEARTBEAT] events=24475 decisions=4 live_orders=0 tested_orders=0
[HEARTBEAT] events=24500 decisions=4 live_orders=0 tested_orders=0
[HEARTBEAT] events=24525 decisions=4 live_orders=0 tested_orders=0
[HEARTBEAT] events=24550 decisions=4 live_orders=0 tested_orders=0
[HEARTBEAT] events=24575 decisions=4 live_orders=0 tested_orders=0
[HEARTBEAT] events=24600 decisions=4 live_orders=0 tested_orders=0
[HEARTBEAT] events=24625 decisions=4 live_orders=0 tested_orders=0
[HEARTBEAT] events=24650 decisions=4 live_orders=0 tested_orders=0
[HEARTBEAT] events=24675 decisions=4 live_orders=0 tested_orders=0
[HEARTBEAT] events=24700 decisions=4 live_orders=0 tested_orders=0
[HEARTBEAT] events=24725 decisions=4 live_orders=0 tested_orders=0
[HEARTBEAT] events=24750 decisions=4 live_orders=0 tested_orders=0
[HEARTBEAT] events=24775 decisions=4 live_orders=0 tested_orders=0
[HEARTBEAT] events=24800 decisions=4 live_orders=0 tested_orders=0
[HEARTBEAT] events=24825 decisions=4 live_orders=0 tested_orders=0
[HEARTBEAT] events=24850 decisions=4 live_orders=0 tested_orders=0
[HEARTBEAT] events=24875 decisions=4 live_orders=0 tested_orders=0
[HEARTBEAT] events=24900 decisions=4 live_orders=0 tested_orders=0
[HEARTBEAT] events=24925 decisions=4 live_orders=0 tested_orders=0
[HEARTBEAT] events=24950 decisions=4 live_orders=0 tested_orders=0
[HEARTBEAT] events=24975 decisions=4 live_orders=0 tested_orders=0
[HEARTBEAT] events=25000 decisions=4 live_orders=0 tested_orders=0
[HEARTBEAT] events=25025 decisions=4 live_orders=0 tested_orders=0
[HEARTBEAT] events=25050 decisions=4 live_orders=0 tested_orders=0
[HEARTBEAT] events=25075 decisions=4 live_orders=0 tested_orders=0
[HEARTBEAT] events=25100 decisions=4 live_orders=0 tested_orders=0
[HEARTBEAT] events=25125 decisions=4 live_orders=0 tested_orders=0
[HEARTBEAT] events=25150 decisions=4 live_orders=0 tested_orders=0
[HEARTBEAT] events=25175 decisions=4 live_orders=0 tested_orders=0
[HEARTBEAT] events=25200 decisions=4 live_orders=0 tested_orders=0
[HEARTBEAT] events=25225 decisions=4 live_orders=0 tested_orders=0
[HEARTBEAT] events=25250 decisions=4 live_orders=0 tested_orders=0
[HEARTBEAT] events=25275 decisions=4 live_orders=0 tested_orders=0
[HEARTBEAT] events=25300 decisions=4 live_orders=0 tested_orders=0
[HEARTBEAT] events=25325 decisions=4 live_orders=0 tested_orders=0
[HEARTBEAT] events=25350 decisions=4 live_orders=0 tested_orders=0
[HEARTBEAT] events=25375 decisions=4 live_orders=0 tested_orders=0
[HEARTBEAT] events=25400 decisions=4 live_orders=0 tested_orders=0
[HEARTBEAT] events=25425 decisions=4 live_orders=0 tested_orders=0
[HEARTBEAT] events=25450 decisions=4 live_orders=0 tested_orders=0
[HEARTBEAT] events=25475 decisions=4 live_orders=0 tested_orders=0
[HEARTBEAT] events=25500 decisions=4 live_orders=0 tested_orders=0
[HEARTBEAT] events=25525 decisions=4 live_orders=0 tested_orders=0
[HEARTBEAT] events=25550 decisions=4 live_orders=0 tested_orders=0
[HEARTBEAT] events=25575 decisions=4 live_orders=0 tested_orders=0
[HEARTBEAT] events=25600 decisions=4 live_orders=0 tested_orders=0
[HEARTBEAT] events=25625 decisions=4 live_orders=0 tested_orders=0
[HEARTBEAT] events=25650 decisions=4 live_orders=0 tested_orders=0
[HEARTBEAT] events=25675 decisions=4 live_orders=0 tested_orders=0
[HEARTBEAT] events=25700 decisions=4 live_orders=0 tested_orders=0
[HEARTBEAT] events=25725 decisions=4 live_orders=0 tested_orders=0
[HEARTBEAT] events=25750 decisions=4 live_orders=0 tested_orders=0
[HEARTBEAT] events=25775 decisions=4 live_orders=0 tested_orders=0
[HEARTBEAT] events=25800 decisions=4 live_orders=0 tested_orders=0
[HEARTBEAT] events=25825 decisions=4 live_orders=0 tested_orders=0
[HEARTBEAT] events=25850 decisions=4 live_orders=0 tested_orders=0
[HEARTBEAT] events=25875 decisions=4 live_orders=0 tested_orders=0
[HEARTBEAT] events=25900 decisions=4 live_orders=0 tested_orders=0
[HEARTBEAT] events=25925 decisions=4 live_orders=0 tested_orders=0
[HEARTBEAT] events=25950 decisions=4 live_orders=0 tested_orders=0
[HEARTBEAT] events=25975 decisions=4 live_orders=0 tested_orders=0
[HEARTBEAT] events=26000 decisions=4 live_orders=0 tested_orders=0
[HEARTBEAT] events=26025 decisions=4 live_orders=0 tested_orders=0
[HEARTBEAT] events=26050 decisions=4 live_orders=0 tested_orders=0
[HEARTBEAT] events=26075 decisions=4 live_orders=0 tested_orders=0
[HEARTBEAT] events=26100 decisions=4 live_orders=0 tested_orders=0
[HEARTBEAT] events=26125 decisions=4 live_orders=0 tested_orders=0
[HEARTBEAT] events=26150 decisions=4 live_orders=0 tested_orders=0
[HEARTBEAT] events=26175 decisions=4 live_orders=0 tested_orders=0
[HEARTBEAT] events=26200 decisions=4 live_orders=0 tested_orders=0
[HEARTBEAT] events=26225 decisions=4 live_orders=0 tested_orders=0
[HEARTBEAT] events=26250 decisions=4 live_orders=0 tested_orders=0
[HEARTBEAT] events=26275 decisions=4 live_orders=0 tested_orders=0
[HEARTBEAT] events=26300 decisions=4 live_orders=0 tested_orders=0
[HEARTBEAT] events=26325 decisions=4 live_orders=0 tested_orders=0
[HEARTBEAT] events=26350 decisions=4 live_orders=0 tested_orders=0
[HEARTBEAT] events=26375 decisions=4 live_orders=0 tested_orders=0
[HEARTBEAT] events=26400 decisions=4 live_orders=0 tested_orders=0
[HEARTBEAT] events=26425 decisions=4 live_orders=0 tested_orders=0
[HEARTBEAT] events=26450 decisions=4 live_orders=0 tested_orders=0
[HEARTBEAT] events=26475 decisions=4 live_orders=0 tested_orders=0
[HEARTBEAT] events=26500 decisions=4 live_orders=0 tested_orders=0
[HEARTBEAT] events=26525 decisions=4 live_orders=0 tested_orders=0
[HEARTBEAT] events=26550 decisions=4 live_orders=0 tested_orders=0
[HEARTBEAT] events=26575 decisions=4 live_orders=0 tested_orders=0
[HEARTBEAT] events=26600 decisions=4 live_orders=0 tested_orders=0
[HEARTBEAT] events=26625 decisions=4 live_orders=0 tested_orders=0
[HEARTBEAT] events=26650 decisions=4 live_orders=0 tested_orders=0
[HEARTBEAT] events=26675 decisions=4 live_orders=0 tested_orders=0
[HEARTBEAT] events=26700 decisions=4 live_orders=0 tested_orders=0
[HEARTBEAT] events=26725 decisions=4 live_orders=0 tested_orders=0
[HEARTBEAT] events=26750 decisions=4 live_orders=0 tested_orders=0
[HEARTBEAT] events=26775 decisions=4 live_orders=0 tested_orders=0
[HEARTBEAT] events=26800 decisions=4 live_orders=0 tested_orders=0
[HEARTBEAT] events=26825 decisions=4 live_orders=0 tested_orders=0
[HEARTBEAT] events=26850 decisions=4 live_orders=0 tested_orders=0
[HEARTBEAT] events=26875 decisions=4 live_orders=0 tested_orders=0
[HEARTBEAT] events=26900 decisions=4 live_orders=0 tested_orders=0
[HEARTBEAT] events=26925 decisions=4 live_orders=0 tested_orders=0
[HEARTBEAT] events=26950 decisions=4 live_orders=0 tested_orders=0
[HEARTBEAT] events=26975 decisions=4 live_orders=0 tested_orders=0
[HEARTBEAT] events=27000 decisions=4 live_orders=0 tested_orders=0
[HEARTBEAT] events=27025 decisions=4 live_orders=0 tested_orders=0
[HEARTBEAT] events=27050 decisions=4 live_orders=0 tested_orders=0
[HEARTBEAT] events=27075 decisions=4 live_orders=0 tested_orders=0
[HEARTBEAT] events=27100 decisions=4 live_orders=0 tested_orders=0
[HEARTBEAT] events=27125 decisions=4 live_orders=0 tested_orders=0
[HEARTBEAT] events=27150 decisions=4 live_orders=0 tested_orders=0
[HEARTBEAT] events=27175 decisions=4 live_orders=0 tested_orders=0
[HEARTBEAT] events=27200 decisions=4 live_orders=0 tested_orders=0
[HEARTBEAT] events=27225 decisions=4 live_orders=0 tested_orders=0
[HEARTBEAT] events=27250 decisions=4 live_orders=0 tested_orders=0
[HEARTBEAT] events=27275 decisions=4 live_orders=0 tested_orders=0
[HEARTBEAT] events=27300 decisions=4 live_orders=0 tested_orders=0
[HEARTBEAT] events=27325 decisions=4 live_orders=0 tested_orders=0
[HEARTBEAT] events=27350 decisions=4 live_orders=0 tested_orders=0
[HEARTBEAT] events=27375 decisions=4 live_orders=0 tested_orders=0
[HEARTBEAT] events=27400 decisions=4 live_orders=0 tested_orders=0
[HEARTBEAT] events=27425 decisions=4 live_orders=0 tested_orders=0
[HEARTBEAT] events=27450 decisions=4 live_orders=0 tested_orders=0
[HEARTBEAT] events=27475 decisions=4 live_orders=0 tested_orders=0
[HEARTBEAT] events=27500 decisions=4 live_orders=0 tested_orders=0
[HEARTBEAT] events=27525 decisions=4 live_orders=0 tested_orders=0
[HEARTBEAT] events=27550 decisions=4 live_orders=0 tested_orders=0
[HEARTBEAT] events=27575 decisions=4 live_orders=0 tested_orders=0
[HEARTBEAT] events=27600 decisions=4 live_orders=0 tested_orders=0
[HEARTBEAT] events=27625 decisions=4 live_orders=0 tested_orders=0
[HEARTBEAT] events=27650 decisions=4 live_orders=0 tested_orders=0
[HEARTBEAT] events=27675 decisions=4 live_orders=0 tested_orders=0
[HEARTBEAT] events=27700 decisions=4 live_orders=0 tested_orders=0
[HEARTBEAT] events=27725 decisions=4 live_orders=0 tested_orders=0
[HEARTBEAT] events=27750 decisions=4 live_orders=0 tested_orders=0
[HEARTBEAT] events=27775 decisions=4 live_orders=0 tested_orders=0
[HEARTBEAT] events=27800 decisions=4 live_orders=0 tested_orders=0
[HEARTBEAT] events=27825 decisions=4 live_orders=0 tested_orders=0
[HEARTBEAT] events=27850 decisions=4 live_orders=0 tested_orders=0
[HEARTBEAT] events=27875 decisions=4 live_orders=0 tested_orders=0
[HEARTBEAT] events=27900 decisions=4 live_orders=0 tested_orders=0
[HEARTBEAT] events=27925 decisions=4 live_orders=0 tested_orders=0
[HEARTBEAT] events=27950 decisions=4 live_orders=0 tested_orders=0
[HEARTBEAT] events=27975 decisions=4 live_orders=0 tested_orders=0
[HEARTBEAT] events=28000 decisions=4 live_orders=0 tested_orders=0
[HEARTBEAT] events=28025 decisions=4 live_orders=0 tested_orders=0
[HEARTBEAT] events=28050 decisions=4 live_orders=0 tested_orders=0
[HEARTBEAT] events=28075 decisions=4 live_orders=0 tested_orders=0
[HEARTBEAT] events=28100 decisions=4 live_orders=0 tested_orders=0
[HEARTBEAT] events=28125 decisions=4 live_orders=0 tested_orders=0
[HEARTBEAT] events=28150 decisions=4 live_orders=0 tested_orders=0
[HEARTBEAT] events=28175 decisions=4 live_orders=0 tested_orders=0
[HEARTBEAT] events=28200 decisions=4 live_orders=0 tested_orders=0
[HEARTBEAT] events=28225 decisions=4 live_orders=0 tested_orders=0
[HEARTBEAT] events=28250 decisions=4 live_orders=0 tested_orders=0
[HEARTBEAT] events=28275 decisions=4 live_orders=0 tested_orders=0
[HEARTBEAT] events=28300 decisions=4 live_orders=0 tested_orders=0
[HEARTBEAT] events=28325 decisions=4 live_orders=0 tested_orders=0
[HEARTBEAT] events=28350 decisions=4 live_orders=0 tested_orders=0
[HEARTBEAT] events=28375 decisions=4 live_orders=0 tested_orders=0
[HEARTBEAT] events=28400 decisions=4 live_orders=0 tested_orders=0
[HEARTBEAT] events=28425 decisions=4 live_orders=0 tested_orders=0
[HEARTBEAT] events=28450 decisions=4 live_orders=0 tested_orders=0
[HEARTBEAT] events=28475 decisions=4 live_orders=0 tested_orders=0
[HEARTBEAT] events=28500 decisions=4 live_orders=0 tested_orders=0
[HEARTBEAT] events=28525 decisions=4 live_orders=0 tested_orders=0
[HEARTBEAT] events=28550 decisions=4 live_orders=0 tested_orders=0
[HEARTBEAT] events=28575 decisions=4 live_orders=0 tested_orders=0
[HEARTBEAT] events=28600 decisions=4 live_orders=0 tested_orders=0
[HEARTBEAT] events=28625 decisions=4 live_orders=0 tested_orders=0
[HEARTBEAT] events=28650 decisions=4 live_orders=0 tested_orders=0
[HEARTBEAT] events=28675 decisions=4 live_orders=0 tested_orders=0
[HEARTBEAT] events=28700 decisions=4 live_orders=0 tested_orders=0
[HEARTBEAT] events=28725 decisions=4 live_orders=0 tested_orders=0
[HEARTBEAT] events=28750 decisions=4 live_orders=0 tested_orders=0
[HEARTBEAT] events=28775 decisions=4 live_orders=0 tested_orders=0
[HEARTBEAT] events=28800 decisions=4 live_orders=0 tested_orders=0
[HEARTBEAT] events=28825 decisions=4 live_orders=0 tested_orders=0
[HEARTBEAT] events=28850 decisions=4 live_orders=0 tested_orders=0
[HEARTBEAT] events=28875 decisions=4 live_orders=0 tested_orders=0
[HEARTBEAT] events=28900 decisions=4 live_orders=0 tested_orders=0
[HEARTBEAT] events=28925 decisions=4 live_orders=0 tested_orders=0
[HEARTBEAT] events=28950 decisions=4 live_orders=0 tested_orders=0
[HEARTBEAT] events=28975 decisions=4 live_orders=0 tested_orders=0
[HEARTBEAT] events=29000 decisions=4 live_orders=0 tested_orders=0
[HEARTBEAT] events=29025 decisions=4 live_orders=0 tested_orders=0
[HEARTBEAT] events=29050 decisions=4 live_orders=0 tested_orders=0
[HEARTBEAT] events=29075 decisions=4 live_orders=0 tested_orders=0
[HEARTBEAT] events=29100 decisions=4 live_orders=0 tested_orders=0
[HEARTBEAT] events=29125 decisions=4 live_orders=0 tested_orders=0
[HEARTBEAT] events=29150 decisions=4 live_orders=0 tested_orders=0
[HEARTBEAT] events=29175 decisions=4 live_orders=0 tested_orders=0
[HEARTBEAT] events=29200 decisions=4 live_orders=0 tested_orders=0
[HEARTBEAT] events=29225 decisions=4 live_orders=0 tested_orders=0
[HEARTBEAT] events=29250 decisions=4 live_orders=0 tested_orders=0
[HEARTBEAT] events=29275 decisions=4 live_orders=0 tested_orders=0
[HEARTBEAT] events=29300 decisions=4 live_orders=0 tested_orders=0
[HEARTBEAT] events=29325 decisions=4 live_orders=0 tested_orders=0
[HEARTBEAT] events=29350 decisions=4 live_orders=0 tested_orders=0
[HEARTBEAT] events=29375 decisions=4 live_orders=0 tested_orders=0
[HEARTBEAT] events=29400 decisions=4 live_orders=0 tested_orders=0
[HEARTBEAT] events=29425 decisions=4 live_orders=0 tested_orders=0
[HEARTBEAT] events=29450 decisions=4 live_orders=0 tested_orders=0
[HEARTBEAT] events=29475 decisions=4 live_orders=0 tested_orders=0
[HEARTBEAT] events=29500 decisions=4 live_orders=0 tested_orders=0
[HEARTBEAT] events=29525 decisions=4 live_orders=0 tested_orders=0
[HEARTBEAT] events=29550 decisions=4 live_orders=0 tested_orders=0
[HEARTBEAT] events=29575 decisions=4 live_orders=0 tested_orders=0
[HEARTBEAT] events=29600 decisions=4 live_orders=0 tested_orders=0
[HEARTBEAT] events=29625 decisions=4 live_orders=0 tested_orders=0
[HEARTBEAT] events=29650 decisions=4 live_orders=0 tested_orders=0
[HEARTBEAT] events=29675 decisions=4 live_orders=0 tested_orders=0
[HEARTBEAT] events=29700 decisions=4 live_orders=0 tested_orders=0
[HEARTBEAT] events=29725 decisions=4 live_orders=0 tested_orders=0
[HEARTBEAT] events=29750 decisions=4 live_orders=0 tested_orders=0
[HEARTBEAT] events=29775 decisions=4 live_orders=0 tested_orders=0
[HEARTBEAT] events=29800 decisions=4 live_orders=0 tested_orders=0
[HEARTBEAT] events=29825 decisions=4 live_orders=0 tested_orders=0
[HEARTBEAT] events=29850 decisions=4 live_orders=0 tested_orders=0
[HEARTBEAT] events=29875 decisions=4 live_orders=0 tested_orders=0
[HEARTBEAT] events=29900 decisions=4 live_orders=0 tested_orders=0
[HEARTBEAT] events=29925 decisions=4 live_orders=0 tested_orders=0
[HEARTBEAT] events=29950 decisions=4 live_orders=0 tested_orders=0
[HEARTBEAT] events=29975 decisions=4 live_orders=0 tested_orders=0
[HEARTBEAT] events=30000 decisions=4 live_orders=0 tested_orders=0
[HEARTBEAT] events=30025 decisions=4 live_orders=0 tested_orders=0
[HEARTBEAT] events=30050 decisions=4 live_orders=0 tested_orders=0
[HEARTBEAT] events=30075 decisions=4 live_orders=0 tested_orders=0
[HEARTBEAT] events=30100 decisions=4 live_orders=0 tested_orders=0
[HEARTBEAT] events=30125 decisions=4 live_orders=0 tested_orders=0
[HEARTBEAT] events=30150 decisions=4 live_orders=0 tested_orders=0
[HEARTBEAT] events=30175 decisions=4 live_orders=0 tested_orders=0
[HEARTBEAT] events=30200 decisions=4 live_orders=0 tested_orders=0
[HEARTBEAT] events=30225 decisions=4 live_orders=0 tested_orders=0
[HEARTBEAT] events=30250 decisions=4 live_orders=0 tested_orders=0
[HEARTBEAT] events=30275 decisions=4 live_orders=0 tested_orders=0
[HEARTBEAT] events=30300 decisions=4 live_orders=0 tested_orders=0
[HEARTBEAT] events=30325 decisions=4 live_orders=0 tested_orders=0
[HEARTBEAT] events=30350 decisions=4 live_orders=0 tested_orders=0
[HEARTBEAT] events=30375 decisions=4 live_orders=0 tested_orders=0
[HEARTBEAT] events=30400 decisions=4 live_orders=0 tested_orders=0
[HEARTBEAT] events=30425 decisions=4 live_orders=0 tested_orders=0
[HEARTBEAT] events=30450 decisions=4 live_orders=0 tested_orders=0
[HEARTBEAT] events=30475 decisions=4 live_orders=0 tested_orders=0
[HEARTBEAT] events=30500 decisions=4 live_orders=0 tested_orders=0
[HEARTBEAT] events=30525 decisions=4 live_orders=0 tested_orders=0
[HEARTBEAT] events=30550 decisions=4 live_orders=0 tested_orders=0
[HEARTBEAT] events=30575 decisions=4 live_orders=0 tested_orders=0
[HEARTBEAT] events=30600 decisions=4 live_orders=0 tested_orders=0
[HEARTBEAT] events=30625 decisions=4 live_orders=0 tested_orders=0
[HEARTBEAT] events=30650 decisions=4 live_orders=0 tested_orders=0
[HEARTBEAT] events=30675 decisions=4 live_orders=0 tested_orders=0
[HEARTBEAT] events=30700 decisions=4 live_orders=0 tested_orders=0
[HEARTBEAT] events=30725 decisions=4 live_orders=0 tested_orders=0
[HEARTBEAT] events=30750 decisions=4 live_orders=0 tested_orders=0
[HEARTBEAT] events=30775 decisions=4 live_orders=0 tested_orders=0
[HEARTBEAT] events=30800 decisions=4 live_orders=0 tested_orders=0
[HEARTBEAT] events=30825 decisions=4 live_orders=0 tested_orders=0
[HEARTBEAT] events=30850 decisions=4 live_orders=0 tested_orders=0
[HEARTBEAT] events=30875 decisions=4 live_orders=0 tested_orders=0
[HEARTBEAT] events=30900 decisions=4 live_orders=0 tested_orders=0
[HEARTBEAT] events=30925 decisions=4 live_orders=0 tested_orders=0
[HEARTBEAT] events=30950 decisions=4 live_orders=0 tested_orders=0
[HEARTBEAT] events=30975 decisions=4 live_orders=0 tested_orders=0
[HEARTBEAT] events=31000 decisions=4 live_orders=0 tested_orders=0
[HEARTBEAT] events=31025 decisions=4 live_orders=0 tested_orders=0
[HEARTBEAT] events=31050 decisions=4 live_orders=0 tested_orders=0
[HEARTBEAT] events=31075 decisions=4 live_orders=0 tested_orders=0
[HEARTBEAT] events=31100 decisions=4 live_orders=0 tested_orders=0
[HEARTBEAT] events=31125 decisions=4 live_orders=0 tested_orders=0
[HEARTBEAT] events=31150 decisions=4 live_orders=0 tested_orders=0
[HEARTBEAT] events=31175 decisions=4 live_orders=0 tested_orders=0
[HEARTBEAT] events=31200 decisions=4 live_orders=0 tested_orders=0
[HEARTBEAT] events=31225 decisions=4 live_orders=0 tested_orders=0
[HEARTBEAT] events=31250 decisions=4 live_orders=0 tested_orders=0
[HEARTBEAT] events=31275 decisions=4 live_orders=0 tested_orders=0
[HEARTBEAT] events=31300 decisions=4 live_orders=0 tested_orders=0
[HEARTBEAT] events=31325 decisions=4 live_orders=0 tested_orders=0
[HEARTBEAT] events=31350 decisions=4 live_orders=0 tested_orders=0
[HEARTBEAT] events=31375 decisions=4 live_orders=0 tested_orders=0
[HEARTBEAT] events=31400 decisions=4 live_orders=0 tested_orders=0
[HEARTBEAT] events=31425 decisions=4 live_orders=0 tested_orders=0
[HEARTBEAT] events=31450 decisions=4 live_orders=0 tested_orders=0
[HEARTBEAT] events=31475 decisions=4 live_orders=0 tested_orders=0
[HEARTBEAT] events=31500 decisions=4 live_orders=0 tested_orders=0
[HEARTBEAT] events=31525 decisions=4 live_orders=0 tested_orders=0
[HEARTBEAT] events=31550 decisions=4 live_orders=0 tested_orders=0
[HEARTBEAT] events=31575 decisions=4 live_orders=0 tested_orders=0
[HEARTBEAT] events=31600 decisions=4 live_orders=0 tested_orders=0
[HEARTBEAT] events=31625 decisions=4 live_orders=0 tested_orders=0
[HEARTBEAT] events=31650 decisions=4 live_orders=0 tested_orders=0
[HEARTBEAT] events=31675 decisions=4 live_orders=0 tested_orders=0
[HEARTBEAT] events=31700 decisions=4 live_orders=0 tested_orders=0
[HEARTBEAT] events=31725 decisions=4 live_orders=0 tested_orders=0
[HEARTBEAT] events=31750 decisions=4 live_orders=0 tested_orders=0
[HEARTBEAT] events=31775 decisions=4 live_orders=0 tested_orders=0
[HEARTBEAT] events=31800 decisions=4 live_orders=0 tested_orders=0
[HEARTBEAT] events=31825 decisions=4 live_orders=0 tested_orders=0
[HEARTBEAT] events=31850 decisions=4 live_orders=0 tested_orders=0
[HEARTBEAT] events=31875 decisions=4 live_orders=0 tested_orders=0
[HEARTBEAT] events=31900 decisions=4 live_orders=0 tested_orders=0
[HEARTBEAT] events=31925 decisions=4 live_orders=0 tested_orders=0
[HEARTBEAT] events=31950 decisions=4 live_orders=0 tested_orders=0
[HEARTBEAT] events=31975 decisions=4 live_orders=0 tested_orders=0
[HEARTBEAT] events=32000 decisions=4 live_orders=0 tested_orders=0
[HEARTBEAT] events=32025 decisions=4 live_orders=0 tested_orders=0
[HEARTBEAT] events=32050 decisions=4 live_orders=0 tested_orders=0
[HEARTBEAT] events=32075 decisions=4 live_orders=0 tested_orders=0
[HEARTBEAT] events=32100 decisions=4 live_orders=0 tested_orders=0
[HEARTBEAT] events=32125 decisions=4 live_orders=0 tested_orders=0
[HEARTBEAT] events=32150 decisions=4 live_orders=0 tested_orders=0
[HEARTBEAT] events=32175 decisions=4 live_orders=0 tested_orders=0
[HEARTBEAT] events=32200 decisions=4 live_orders=0 tested_orders=0
[HEARTBEAT] events=32225 decisions=4 live_orders=0 tested_orders=0
[HEARTBEAT] events=32250 decisions=4 live_orders=0 tested_orders=0
[HEARTBEAT] events=32275 decisions=4 live_orders=0 tested_orders=0
[HEARTBEAT] events=32300 decisions=4 live_orders=0 tested_orders=0
[HEARTBEAT] events=32325 decisions=4 live_orders=0 tested_orders=0
[HEARTBEAT] events=32350 decisions=4 live_orders=0 tested_orders=0
[HEARTBEAT] events=32375 decisions=4 live_orders=0 tested_orders=0
[HEARTBEAT] events=32400 decisions=4 live_orders=0 tested_orders=0
[HEARTBEAT] events=32425 decisions=4 live_orders=0 tested_orders=0
[HEARTBEAT] events=32450 decisions=4 live_orders=0 tested_orders=0
[HEARTBEAT] events=32475 decisions=4 live_orders=0 tested_orders=0
[HEARTBEAT] events=32500 decisions=4 live_orders=0 tested_orders=0
[HEARTBEAT] events=32525 decisions=4 live_orders=0 tested_orders=0
[HEARTBEAT] events=32550 decisions=4 live_orders=0 tested_orders=0
[HEARTBEAT] events=32575 decisions=4 live_orders=0 tested_orders=0
[HEARTBEAT] events=32600 decisions=4 live_orders=0 tested_orders=0
[HEARTBEAT] events=32625 decisions=4 live_orders=0 tested_orders=0
[HEARTBEAT] events=32650 decisions=4 live_orders=0 tested_orders=0
[HEARTBEAT] events=32675 decisions=4 live_orders=0 tested_orders=0
[HEARTBEAT] events=32700 decisions=4 live_orders=0 tested_orders=0
[HEARTBEAT] events=32725 decisions=4 live_orders=0 tested_orders=0
[HEARTBEAT] events=32750 decisions=4 live_orders=0 tested_orders=0
[HEARTBEAT] events=32775 decisions=4 live_orders=0 tested_orders=0
[HEARTBEAT] events=32800 decisions=4 live_orders=0 tested_orders=0
[HEARTBEAT] events=32825 decisions=4 live_orders=0 tested_orders=0
[HEARTBEAT] events=32850 decisions=4 live_orders=0 tested_orders=0
[HEARTBEAT] events=32875 decisions=4 live_orders=0 tested_orders=0
[HEARTBEAT] events=32900 decisions=4 live_orders=0 tested_orders=0
[HEARTBEAT] events=32925 decisions=4 live_orders=0 tested_orders=0
[HEARTBEAT] events=32950 decisions=4 live_orders=0 tested_orders=0
[HEARTBEAT] events=32975 decisions=4 live_orders=0 tested_orders=0
[HEARTBEAT] events=33000 decisions=4 live_orders=0 tested_orders=0
[HEARTBEAT] events=33025 decisions=4 live_orders=0 tested_orders=0
[HEARTBEAT] events=33050 decisions=4 live_orders=0 tested_orders=0
[HEARTBEAT] events=33075 decisions=4 live_orders=0 tested_orders=0
[HEARTBEAT] events=33100 decisions=4 live_orders=0 tested_orders=0
[HEARTBEAT] events=33125 decisions=4 live_orders=0 tested_orders=0
[HEARTBEAT] events=33150 decisions=4 live_orders=0 tested_orders=0
[SYNC] 2026-04-14T07:52:32.757647+00:00 account/open-order snapshot refreshed
[HEARTBEAT] events=33175 decisions=4 live_orders=0 tested_orders=0
[HEARTBEAT] events=33200 decisions=4 live_orders=0 tested_orders=0
[HEARTBEAT] events=33225 decisions=4 live_orders=0 tested_orders=0
[HEARTBEAT] events=33250 decisions=4 live_orders=0 tested_orders=0
[HEARTBEAT] events=33275 decisions=4 live_orders=0 tested_orders=0
[HEARTBEAT] events=33300 decisions=4 live_orders=0 tested_orders=0
[HEARTBEAT] events=33325 decisions=4 live_orders=0 tested_orders=0
[HEARTBEAT] events=33350 decisions=4 live_orders=0 tested_orders=0
[HEARTBEAT] events=33375 decisions=4 live_orders=0 tested_orders=0
[HEARTBEAT] events=33400 decisions=4 live_orders=0 tested_orders=0
[HEARTBEAT] events=33425 decisions=4 live_orders=0 tested_orders=0
[HEARTBEAT] events=33450 decisions=4 live_orders=0 tested_orders=0
[HEARTBEAT] events=33475 decisions=4 live_orders=0 tested_orders=0
[HEARTBEAT] events=33500 decisions=4 live_orders=0 tested_orders=0
[HEARTBEAT] events=33525 decisions=4 live_orders=0 tested_orders=0
[HEARTBEAT] events=33550 decisions=4 live_orders=0 tested_orders=0
[HEARTBEAT] events=33575 decisions=4 live_orders=0 tested_orders=0
[HEARTBEAT] events=33600 decisions=4 live_orders=0 tested_orders=0
[HEARTBEAT] events=33625 decisions=4 live_orders=0 tested_orders=0
[HEARTBEAT] events=33650 decisions=4 live_orders=0 tested_orders=0
[HEARTBEAT] events=33675 decisions=4 live_orders=0 tested_orders=0
[HEARTBEAT] events=33700 decisions=4 live_orders=0 tested_orders=0
[HEARTBEAT] events=33725 decisions=4 live_orders=0 tested_orders=0
[HEARTBEAT] events=33750 decisions=4 live_orders=0 tested_orders=0
[HEARTBEAT] events=33775 decisions=4 live_orders=0 tested_orders=0
[HEARTBEAT] events=33800 decisions=4 live_orders=0 tested_orders=0
[HEARTBEAT] events=33825 decisions=4 live_orders=0 tested_orders=0
[HEARTBEAT] events=33850 decisions=4 live_orders=0 tested_orders=0
[HEARTBEAT] events=33875 decisions=4 live_orders=0 tested_orders=0
[HEARTBEAT] events=33900 decisions=4 live_orders=0 tested_orders=0
[HEARTBEAT] events=33925 decisions=4 live_orders=0 tested_orders=0
[HEARTBEAT] events=33950 decisions=4 live_orders=0 tested_orders=0
[ERROR] websocket attempt=2 error=no close frame received or sent
[RETRY] attempt=3 sleeping=2.00s
[HEARTBEAT] events=33975 decisions=4 live_orders=0 tested_orders=0
[CONNECT] websocket attempt=3
[HEARTBEAT] events=34000 decisions=4 live_orders=0 tested_orders=0
[HEARTBEAT] events=34025 decisions=4 live_orders=0 tested_orders=0
[HEARTBEAT] events=34050 decisions=4 live_orders=0 tested_orders=0
[HEARTBEAT] events=34075 decisions=4 live_orders=0 tested_orders=0
[HEARTBEAT] events=34100 decisions=4 live_orders=0 tested_orders=0
[HEARTBEAT] events=34125 decisions=4 live_orders=0 tested_orders=0
[HEARTBEAT] events=34150 decisions=4 live_orders=0 tested_orders=0
[HEARTBEAT] events=34175 decisions=4 live_orders=0 tested_orders=0
[HEARTBEAT] events=34200 decisions=4 live_orders=0 tested_orders=0
[HEARTBEAT] events=34225 decisions=4 live_orders=0 tested_orders=0
[HEARTBEAT] events=34250 decisions=4 live_orders=0 tested_orders=0
[HEARTBEAT] events=34275 decisions=4 live_orders=0 tested_orders=0
[HEARTBEAT] events=34300 decisions=4 live_orders=0 tested_orders=0
[HEARTBEAT] events=34325 decisions=4 live_orders=0 tested_orders=0
[HEARTBEAT] events=34350 decisions=4 live_orders=0 tested_orders=0
[HEARTBEAT] events=34375 decisions=4 live_orders=0 tested_orders=0
[HEARTBEAT] events=34400 decisions=4 live_orders=0 tested_orders=0
[HEARTBEAT] events=34425 decisions=4 live_orders=0 tested_orders=0
[HEARTBEAT] events=34450 decisions=4 live_orders=0 tested_orders=0
[HEARTBEAT] events=34475 decisions=4 live_orders=0 tested_orders=0
[HEARTBEAT] events=34500 decisions=4 live_orders=0 tested_orders=0
[HEARTBEAT] events=34525 decisions=4 live_orders=0 tested_orders=0
[HEARTBEAT] events=34550 decisions=4 live_orders=0 tested_orders=0
[HEARTBEAT] events=34575 decisions=4 live_orders=0 tested_orders=0
[HEARTBEAT] events=34600 decisions=4 live_orders=0 tested_orders=0
[HEARTBEAT] events=34625 decisions=4 live_orders=0 tested_orders=0
[HEARTBEAT] events=34650 decisions=4 live_orders=0 tested_orders=0
[HEARTBEAT] events=34675 decisions=4 live_orders=0 tested_orders=0
[HEARTBEAT] events=34700 decisions=4 live_orders=0 tested_orders=0
[HEARTBEAT] events=34725 decisions=4 live_orders=0 tested_orders=0
[HEARTBEAT] events=34750 decisions=4 live_orders=0 tested_orders=0
[HEARTBEAT] events=34775 decisions=4 live_orders=0 tested_orders=0
[HEARTBEAT] events=34800 decisions=4 live_orders=0 tested_orders=0
[HEARTBEAT] events=34825 decisions=4 live_orders=0 tested_orders=0
[HEARTBEAT] events=34850 decisions=4 live_orders=0 tested_orders=0
[HEARTBEAT] events=34875 decisions=4 live_orders=0 tested_orders=0
[HEARTBEAT] events=34900 decisions=4 live_orders=0 tested_orders=0
[HEARTBEAT] events=34925 decisions=4 live_orders=0 tested_orders=0
[HEARTBEAT] events=34950 decisions=4 live_orders=0 tested_orders=0
[HEARTBEAT] events=34975 decisions=4 live_orders=0 tested_orders=0
[HEARTBEAT] events=35000 decisions=4 live_orders=0 tested_orders=0
[HEARTBEAT] events=35025 decisions=4 live_orders=0 tested_orders=0
[HEARTBEAT] events=35050 decisions=4 live_orders=0 tested_orders=0
[HEARTBEAT] events=35075 decisions=4 live_orders=0 tested_orders=0
[HEARTBEAT] events=35100 decisions=4 live_orders=0 tested_orders=0
[HEARTBEAT] events=35125 decisions=4 live_orders=0 tested_orders=0
[HEARTBEAT] events=35150 decisions=4 live_orders=0 tested_orders=0
[HEARTBEAT] events=35175 decisions=4 live_orders=0 tested_orders=0
[HEARTBEAT] events=35200 decisions=4 live_orders=0 tested_orders=0
[HEARTBEAT] events=35225 decisions=4 live_orders=0 tested_orders=0
[HEARTBEAT] events=35250 decisions=4 live_orders=0 tested_orders=0
[HEARTBEAT] events=35275 decisions=4 live_orders=0 tested_orders=0
[HEARTBEAT] events=35300 decisions=4 live_orders=0 tested_orders=0
[HEARTBEAT] events=35325 decisions=4 live_orders=0 tested_orders=0
[HEARTBEAT] events=35350 decisions=4 live_orders=0 tested_orders=0
[HEARTBEAT] events=35375 decisions=4 live_orders=0 tested_orders=0
[HEARTBEAT] events=35400 decisions=4 live_orders=0 tested_orders=0
[HEARTBEAT] events=35425 decisions=4 live_orders=0 tested_orders=0
[HEARTBEAT] events=35450 decisions=4 live_orders=0 tested_orders=0
[HEARTBEAT] events=35475 decisions=4 live_orders=0 tested_orders=0
[HEARTBEAT] events=35500 decisions=4 live_orders=0 tested_orders=0
[HEARTBEAT] events=35525 decisions=4 live_orders=0 tested_orders=0
[HEARTBEAT] events=35550 decisions=4 live_orders=0 tested_orders=0
[HEARTBEAT] events=35575 decisions=4 live_orders=0 tested_orders=0
[HEARTBEAT] events=35600 decisions=4 live_orders=0 tested_orders=0
[HEARTBEAT] events=35625 decisions=4 live_orders=0 tested_orders=0
[HEARTBEAT] events=35650 decisions=4 live_orders=0 tested_orders=0
[HEARTBEAT] events=35675 decisions=4 live_orders=0 tested_orders=0
[HEARTBEAT] events=35700 decisions=4 live_orders=0 tested_orders=0
[HEARTBEAT] events=35725 decisions=4 live_orders=0 tested_orders=0
[HEARTBEAT] events=35750 decisions=4 live_orders=0 tested_orders=0
[HEARTBEAT] events=35775 decisions=4 live_orders=0 tested_orders=0
[HEARTBEAT] events=35800 decisions=4 live_orders=0 tested_orders=0
[HEARTBEAT] events=35825 decisions=4 live_orders=0 tested_orders=0
[HEARTBEAT] events=35850 decisions=4 live_orders=0 tested_orders=0
[HEARTBEAT] events=35875 decisions=4 live_orders=0 tested_orders=0
[HEARTBEAT] events=35900 decisions=4 live_orders=0 tested_orders=0
[HEARTBEAT] events=35925 decisions=4 live_orders=0 tested_orders=0
[HEARTBEAT] events=35950 decisions=4 live_orders=0 tested_orders=0
[HEARTBEAT] events=35975 decisions=4 live_orders=0 tested_orders=0
[HEARTBEAT] events=36000 decisions=4 live_orders=0 tested_orders=0
[HEARTBEAT] events=36025 decisions=4 live_orders=0 tested_orders=0
[HEARTBEAT] events=36050 decisions=4 live_orders=0 tested_orders=0
[HEARTBEAT] events=36075 decisions=4 live_orders=0 tested_orders=0
[HEARTBEAT] events=36100 decisions=4 live_orders=0 tested_orders=0
[HEARTBEAT] events=36125 decisions=4 live_orders=0 tested_orders=0
[HEARTBEAT] events=36150 decisions=4 live_orders=0 tested_orders=0
[HEARTBEAT] events=36175 decisions=4 live_orders=0 tested_orders=0
[HEARTBEAT] events=36200 decisions=4 live_orders=0 tested_orders=0
[HEARTBEAT] events=36225 decisions=4 live_orders=0 tested_orders=0
[HEARTBEAT] events=36250 decisions=4 live_orders=0 tested_orders=0
[HEARTBEAT] events=36275 decisions=4 live_orders=0 tested_orders=0
[HEARTBEAT] events=36300 decisions=4 live_orders=0 tested_orders=0
[HEARTBEAT] events=36325 decisions=4 live_orders=0 tested_orders=0
[HEARTBEAT] events=36350 decisions=4 live_orders=0 tested_orders=0
[HEARTBEAT] events=36375 decisions=4 live_orders=0 tested_orders=0
[HEARTBEAT] events=36400 decisions=4 live_orders=0 tested_orders=0
[HEARTBEAT] events=36425 decisions=4 live_orders=0 tested_orders=0
[HEARTBEAT] events=36450 decisions=4 live_orders=0 tested_orders=0
[HEARTBEAT] events=36475 decisions=4 live_orders=0 tested_orders=0
[HEARTBEAT] events=36500 decisions=4 live_orders=0 tested_orders=0
[SYNC_ERROR] 2026-04-14T07:53:32.773159+00:00 account sync failed, keeping prior snapshot: Bitget HTTP 400: {"code":"40037","msg":"Apikey does not exist","requestTime":1776153211801,"data":null}
[SYNC_ERROR] 2026-04-14T07:53:32.907861+00:00 account sync failed, keeping prior snapshot: Bitget HTTP 400: {"code":"40037","msg":"Apikey does not exist","requestTime":1776153211899,"data":null}
[SYNC_ERROR] 2026-04-14T07:53:33.002417+00:00 account sync failed, keeping prior snapshot: Bitget HTTP 400: {"code":"40037","msg":"Apikey does not exist","requestTime":1776153211990,"data":null}
[SYNC_ERROR] 2026-04-14T07:53:33.090856+00:00 account sync failed, keeping prior snapshot: Bitget HTTP 400: {"code":"40037","msg":"Apikey does not exist","requestTime":1776153212096,"data":null}
[SYNC_ERROR] 2026-04-14T07:53:33.197596+00:00 account sync failed, keeping prior snapshot: Bitget HTTP 400: {"code":"40037","msg":"Apikey does not exist","requestTime":1776153212190,"data":null}
[SYNC_ERROR] 2026-04-14T07:53:33.289576+00:00 account sync failed, keeping prior snapshot: Bitget HTTP 400: {"code":"40037","msg":"Apikey does not exist","requestTime":1776153212291,"data":null}
[SYNC_ERROR] 2026-04-14T07:53:33.397624+00:00 account sync failed, keeping prior snapshot: Bitget HTTP 400: {"code":"40037","msg":"Apikey does not exist","requestTime":1776153212379,"data":null}
[SYNC_ERROR] 2026-04-14T07:53:33.482447+00:00 account sync failed, keeping prior snapshot: Bitget HTTP 400: {"code":"40037","msg":"Apikey does not exist","requestTime":1776153212474,"data":null}
[SYNC_ERROR] 2026-04-14T07:53:33.579384+00:00 account sync failed, keeping prior snapshot: Bitget HTTP 400: {"code":"40037","msg":"Apikey does not exist","requestTime":1776153212568,"data":null}
[SYNC_ERROR] 2026-04-14T07:53:33.677744+00:00 account sync failed, keeping prior snapshot: Bitget HTTP 400: {"code":"40037","msg":"Apikey does not exist","requestTime":1776153212661,"data":null}
[SYNC_ERROR] 2026-04-14T07:53:33.759320+00:00 account sync failed, keeping prior snapshot: Bitget HTTP 400: {"code":"40037","msg":"Apikey does not exist","requestTime":1776153212746,"data":null}
[SYNC_ERROR] 2026-04-14T07:53:33.848957+00:00 account sync failed, keeping prior snapshot: Bitget HTTP 400: {"code":"40037","msg":"Apikey does not exist","requestTime":1776153212856,"data":null}
[SYNC_ERROR] 2026-04-14T07:53:33.961141+00:00 account sync failed, keeping prior snapshot: Bitget HTTP 400: {"code":"40037","msg":"Apikey does not exist","requestTime":1776153212943,"data":null}
[SYNC_ERROR] 2026-04-14T07:53:34.044673+00:00 account sync failed, keeping prior snapshot: Bitget HTTP 400: {"code":"40037","msg":"Apikey does not exist","requestTime":1776153213034,"data":null}
[SYNC_ERROR] 2026-04-14T07:53:34.141707+00:00 account sync failed, keeping prior snapshot: Bitget HTTP 400: {"code":"40037","msg":"Apikey does not exist","requestTime":1776153213127,"data":null}
[SYNC_ERROR] 2026-04-14T07:53:34.233661+00:00 account sync failed, keeping prior snapshot: Bitget HTTP 400: {"code":"40037","msg":"Apikey does not exist","requestTime":1776153213226,"data":null}
[SYNC_ERROR] 2026-04-14T07:53:34.328792+00:00 account sync failed, keeping prior snapshot: Bitget HTTP 400: {"code":"40037","msg":"Apikey does not exist","requestTime":1776153213337,"data":null}
[HEARTBEAT] events=36525 decisions=4 live_orders=0 tested_orders=0
[SYNC_ERROR] 2026-04-14T07:53:34.435137+00:00 account sync failed, keeping prior snapshot: Bitget HTTP 400: {"code":"40037","msg":"Apikey does not exist","requestTime":1776153213419,"data":null}
[SYNC_ERROR] 2026-04-14T07:53:34.521471+00:00 account sync failed, keeping prior snapshot: Bitget HTTP 400: {"code":"40037","msg":"Apikey does not exist","requestTime":1776153213505,"data":null}
[SYNC_ERROR] 2026-04-14T07:53:34.622406+00:00 account sync failed, keeping prior snapshot: Bitget HTTP 400: {"code":"40037","msg":"Apikey does not exist","requestTime":1776153213615,"data":null}
[SYNC_ERROR] 2026-04-14T07:53:34.727050+00:00 account sync failed, keeping prior snapshot: Bitget HTTP 400: {"code":"40037","msg":"Apikey does not exist","requestTime":1776153213716,"data":null}
[SYNC_ERROR] 2026-04-14T07:53:35.405095+00:00 account sync failed, keeping prior snapshot: Bitget HTTP 400: {"code":"40037","msg":"Apikey does not exist","requestTime":1776153214388,"data":null}
[SYNC_ERROR] 2026-04-14T07:53:35.496975+00:00 account sync failed, keeping prior snapshot: Bitget HTTP 400: {"code":"40037","msg":"Apikey does not exist","requestTime":1776153214495,"data":null}
[SYNC_ERROR] 2026-04-14T07:53:35.596884+00:00 account sync failed, keeping prior snapshot: Bitget HTTP 400: {"code":"40037","msg":"Apikey does not exist","requestTime":1776153214588,"data":null}
[SYNC_ERROR] 2026-04-14T07:53:35.685011+00:00 account sync failed, keeping prior snapshot: Bitget HTTP 400: {"code":"40037","msg":"Apikey does not exist","requestTime":1776153214667,"data":null}
[SYNC_ERROR] 2026-04-14T07:53:35.770941+00:00 account sync failed, keeping prior snapshot: Bitget HTTP 400: {"code":"40037","msg":"Apikey does not exist","requestTime":1776153214778,"data":null}
[SYNC_ERROR] 2026-04-14T07:53:35.879299+00:00 account sync failed, keeping prior snapshot: Bitget HTTP 400: {"code":"40037","msg":"Apikey does not exist","requestTime":1776153214883,"data":null}
[SYNC_ERROR] 2026-04-14T07:53:35.987922+00:00 account sync failed, keeping prior snapshot: Bitget HTTP 400: {"code":"40037","msg":"Apikey does not exist","requestTime":1776153214974,"data":null}
[SYNC_ERROR] 2026-04-14T07:53:36.079677+00:00 account sync failed, keeping prior snapshot: Bitget HTTP 400: {"code":"40037","msg":"Apikey does not exist","requestTime":1776153215076,"data":null}
[SYNC_ERROR] 2026-04-14T07:53:36.175304+00:00 account sync failed, keeping prior snapshot: Bitget HTTP 400: {"code":"40037","msg":"Apikey does not exist","requestTime":1776153215176,"data":null}
[SYNC_ERROR] 2026-04-14T07:53:36.280938+00:00 account sync failed, keeping prior snapshot: Bitget HTTP 400: {"code":"40037","msg":"Apikey does not exist","requestTime":1776153215281,"data":null}
[SYNC_ERROR] 2026-04-14T07:53:36.386020+00:00 account sync failed, keeping prior snapshot: Bitget HTTP 400: {"code":"40037","msg":"Apikey does not exist","requestTime":1776153215366,"data":null}
[SYNC_ERROR] 2026-04-14T07:53:36.465771+00:00 account sync failed, keeping prior snapshot: Bitget HTTP 400: {"code":"40037","msg":"Apikey does not exist","requestTime":1776153215474,"data":null}
[SYNC_ERROR] 2026-04-14T07:53:36.587653+00:00 account sync failed, keeping prior snapshot: Bitget HTTP 400: {"code":"40037","msg":"Apikey does not exist","requestTime":1776153215603,"data":null}
[SYNC_ERROR] 2026-04-14T07:53:36.712613+00:00 account sync failed, keeping prior snapshot: Bitget HTTP 400: {"code":"40037","msg":"Apikey does not exist","requestTime":1776153215696,"data":null}
[SYNC_ERROR] 2026-04-14T07:53:36.823535+00:00 account sync failed, keeping prior snapshot: Bitget HTTP 400: {"code":"40037","msg":"Apikey does not exist","requestTime":1776153215810,"data":null}
[SYNC_ERROR] 2026-04-14T07:53:36.924434+00:00 account sync failed, keeping prior snapshot: Bitget HTTP 400: {"code":"40037","msg":"Apikey does not exist","requestTime":1776153215911,"data":null}
[SYNC_ERROR] 2026-04-14T07:53:37.022512+00:00 account sync failed, keeping prior snapshot: Bitget HTTP 400: {"code":"40037","msg":"Apikey does not exist","requestTime":1776153216010,"data":null}
[SYNC_ERROR] 2026-04-14T07:53:37.117707+00:00 account sync failed, keeping prior snapshot: Bitget HTTP 400: {"code":"40037","msg":"Apikey does not exist","requestTime":1776153216121,"data":null}
[SYNC_ERROR] 2026-04-14T07:53:37.228692+00:00 account sync failed, keeping prior snapshot: Bitget HTTP 400: {"code":"40037","msg":"Apikey does not exist","requestTime":1776153216219,"data":null}
[SYNC_ERROR] 2026-04-14T07:53:37.329898+00:00 account sync failed, keeping prior snapshot: Bitget HTTP 400: {"code":"40037","msg":"Apikey does not exist","requestTime":1776153216327,"data":null}
[SYNC_ERROR] 2026-04-14T07:53:37.428954+00:00 account sync failed, keeping prior snapshot: Bitget HTTP 400: {"code":"40037","msg":"Apikey does not exist","requestTime":1776153216432,"data":null}
[HEARTBEAT] events=36550 decisions=4 live_orders=0 tested_orders=0
[SYNC_ERROR] 2026-04-14T07:53:37.536377+00:00 account sync failed, keeping prior snapshot: Bitget HTTP 400: {"code":"40037","msg":"Apikey does not exist","requestTime":1776153216521,"data":null}
[SYNC_ERROR] 2026-04-14T07:53:37.622404+00:00 account sync failed, keeping prior snapshot: Bitget HTTP 400: {"code":"40037","msg":"Apikey does not exist","requestTime":1776153216614,"data":null}
[SYNC_ERROR] 2026-04-14T07:53:37.719763+00:00 account sync failed, keeping prior snapshot: Bitget HTTP 400: {"code":"40037","msg":"Apikey does not exist","requestTime":1776153216708,"data":null}
[SYNC_ERROR] 2026-04-14T07:53:37.814302+00:00 account sync failed, keeping prior snapshot: Bitget HTTP 400: {"code":"40037","msg":"Apikey does not exist","requestTime":1776153216802,"data":null}
[SYNC_ERROR] 2026-04-14T07:53:37.906712+00:00 account sync failed, keeping prior snapshot: Bitget HTTP 400: {"code":"40037","msg":"Apikey does not exist","requestTime":1776153216890,"data":null}
[SYNC_ERROR] 2026-04-14T07:53:37.993865+00:00 account sync failed, keeping prior snapshot: Bitget HTTP 400: {"code":"40037","msg":"Apikey does not exist","requestTime":1776153216977,"data":null}
[SYNC_ERROR] 2026-04-14T07:53:38.082086+00:00 account sync failed, keeping prior snapshot: Bitget HTTP 400: {"code":"40037","msg":"Apikey does not exist","requestTime":1776153217079,"data":null}
[SYNC_ERROR] 2026-04-14T07:53:38.184560+00:00 account sync failed, keeping prior snapshot: Bitget HTTP 400: {"code":"40037","msg":"Apikey does not exist","requestTime":1776153217197,"data":null}
[SYNC_ERROR] 2026-04-14T07:53:38.302721+00:00 account sync failed, keeping prior snapshot: Bitget HTTP 400: {"code":"40037","msg":"Apikey does not exist","requestTime":1776153217291,"data":null}
[SYNC_ERROR] 2026-04-14T07:53:38.398199+00:00 account sync failed, keeping prior snapshot: Bitget HTTP 400: {"code":"40037","msg":"Apikey does not exist","requestTime":1776153217407,"data":null}
[SYNC_ERROR] 2026-04-14T07:53:38.508441+00:00 account sync failed, keeping prior snapshot: Bitget HTTP 400: {"code":"40037","msg":"Apikey does not exist","requestTime":1776153217514,"data":null}
[SYNC_ERROR] 2026-04-14T07:53:38.617959+00:00 account sync failed, keeping prior snapshot: Bitget HTTP 400: {"code":"40037","msg":"Apikey does not exist","requestTime":1776153217624,"data":null}
[SYNC_ERROR] 2026-04-14T07:53:38.726377+00:00 account sync failed, keeping prior snapshot: Bitget HTTP 400: {"code":"40037","msg":"Apikey does not exist","requestTime":1776153217737,"data":null}
[SYNC_ERROR] 2026-04-14T07:53:38.842315+00:00 account sync failed, keeping prior snapshot: Bitget HTTP 400: {"code":"40037","msg":"Apikey does not exist","requestTime":1776153217835,"data":null}
[SYNC_ERROR] 2026-04-14T07:53:38.937952+00:00 account sync failed, keeping prior snapshot: Bitget HTTP 400: {"code":"40037","msg":"Apikey does not exist","requestTime":1776153217940,"data":null}
[SYNC_ERROR] 2026-04-14T07:53:39.040232+00:00 account sync failed, keeping prior snapshot: Bitget HTTP 400: {"code":"40037","msg":"Apikey does not exist","requestTime":1776153218046,"data":null}
[SYNC_ERROR] 2026-04-14T07:53:39.149381+00:00 account sync failed, keeping prior snapshot: Bitget HTTP 400: {"code":"40037","msg":"Apikey does not exist","requestTime":1776153218131,"data":null}
[SYNC_ERROR] 2026-04-14T07:53:39.232071+00:00 account sync failed, keeping prior snapshot: Bitget HTTP 400: {"code":"40037","msg":"Apikey does not exist","requestTime":1776153218230,"data":null}
[SYNC_ERROR] 2026-04-14T07:53:39.334630+00:00 account sync failed, keeping prior snapshot: Bitget HTTP 400: {"code":"40037","msg":"Apikey does not exist","requestTime":1776153218344,"data":null}
[SYNC_ERROR] 2026-04-14T07:53:39.444887+00:00 account sync failed, keeping prior snapshot: Bitget HTTP 400: {"code":"40037","msg":"Apikey does not exist","requestTime":1776153218427,"data":null}
[SYNC_ERROR] 2026-04-14T07:53:39.529416+00:00 account sync failed, keeping prior snapshot: Bitget HTTP 400: {"code":"40037","msg":"Apikey does not exist","requestTime":1776153218529,"data":null}
[SYNC_ERROR] 2026-04-14T07:53:39.629107+00:00 account sync failed, keeping prior snapshot: Bitget HTTP 400: {"code":"40037","msg":"Apikey does not exist","requestTime":1776153218636,"data":null}
[SYNC_ERROR] 2026-04-14T07:53:39.743795+00:00 account sync failed, keeping prior snapshot: Bitget HTTP 400: {"code":"40037","msg":"Apikey does not exist","requestTime":1776153218729,"data":null}
[SYNC_ERROR] 2026-04-14T07:53:39.834750+00:00 account sync failed, keeping prior snapshot: Bitget HTTP 400: {"code":"40037","msg":"Apikey does not exist","requestTime":1776153218824,"data":null}
[SYNC_ERROR] 2026-04-14T07:53:39.929924+00:00 account sync failed, keeping prior snapshot: Bitget HTTP 400: {"code":"40037","msg":"Apikey does not exist","requestTime":1776153218914,"data":null}
[HEARTBEAT] events=36575 decisions=4 live_orders=0 tested_orders=0
[SYNC_ERROR] 2026-04-14T07:53:40.015543+00:00 account sync failed, keeping prior snapshot: Bitget HTTP 400: {"code":"40037","msg":"Apikey does not exist","requestTime":1776153218998,"data":null}
[SYNC_ERROR] 2026-04-14T07:53:40.109003+00:00 account sync failed, keeping prior snapshot: Bitget HTTP 400: {"code":"40037","msg":"Apikey does not exist","requestTime":1776153219093,"data":null}
[SYNC_ERROR] 2026-04-14T07:53:40.195894+00:00 account sync failed, keeping prior snapshot: Bitget HTTP 400: {"code":"40037","msg":"Apikey does not exist","requestTime":1776153219207,"data":null}
[SYNC_ERROR] 2026-04-14T07:53:40.305663+00:00 account sync failed, keeping prior snapshot: Bitget HTTP 400: {"code":"40037","msg":"Apikey does not exist","requestTime":1776153219320,"data":null}
[SYNC_ERROR] 2026-04-14T07:53:40.418165+00:00 account sync failed, keeping prior snapshot: Bitget HTTP 400: {"code":"40037","msg":"Apikey does not exist","requestTime":1776153219408,"data":null}
[SYNC_ERROR] 2026-04-14T07:53:40.513827+00:00 account sync failed, keeping prior snapshot: Bitget HTTP 400: {"code":"40037","msg":"Apikey does not exist","requestTime":1776153219496,"data":null}
[SYNC_ERROR] 2026-04-14T07:53:40.599871+00:00 account sync failed, keeping prior snapshot: Bitget HTTP 400: {"code":"40037","msg":"Apikey does not exist","requestTime":1776153219612,"data":null}
[SYNC_ERROR] 2026-04-14T07:53:40.716100+00:00 account sync failed, keeping prior snapshot: Bitget HTTP 400: {"code":"40037","msg":"Apikey does not exist","requestTime":1776153219700,"data":null}
[SYNC_ERROR] 2026-04-14T07:53:40.803125+00:00 account sync failed, keeping prior snapshot: Bitget HTTP 400: {"code":"40037","msg":"Apikey does not exist","requestTime":1776153219815,"data":null}
[SYNC_ERROR] 2026-04-14T07:53:40.915230+00:00 account sync failed, keeping prior snapshot: Bitget HTTP 400: {"code":"40037","msg":"Apikey does not exist","requestTime":1776153219896,"data":null}
[SYNC_ERROR] 2026-04-14T07:53:40.999379+00:00 account sync failed, keeping prior snapshot: Bitget HTTP 400: {"code":"40037","msg":"Apikey does not exist","requestTime":1776153219995,"data":null}
[SYNC_ERROR] 2026-04-14T07:53:41.101985+00:00 account sync failed, keeping prior snapshot: Bitget HTTP 400: {"code":"40037","msg":"Apikey does not exist","requestTime":1776153220094,"data":null}
[SYNC_ERROR] 2026-04-14T07:53:41.193452+00:00 account sync failed, keeping prior snapshot: Bitget HTTP 400: {"code":"40037","msg":"Apikey does not exist","requestTime":1776153220202,"data":null}
[SYNC_ERROR] 2026-04-14T07:53:41.317633+00:00 account sync failed, keeping prior snapshot: Bitget HTTP 400: {"code":"40037","msg":"Apikey does not exist","requestTime":1776153220332,"data":null}
[SYNC_ERROR] 2026-04-14T07:53:41.438196+00:00 account sync failed, keeping prior snapshot: Bitget HTTP 400: {"code":"40037","msg":"Apikey does not exist","requestTime":1776153220424,"data":null}
[SYNC_ERROR] 2026-04-14T07:53:41.526933+00:00 account sync failed, keeping prior snapshot: Bitget HTTP 400: {"code":"40037","msg":"Apikey does not exist","requestTime":1776153220528,"data":null}
[SYNC_ERROR] 2026-04-14T07:53:41.632521+00:00 account sync failed, keeping prior snapshot: Bitget HTTP 400: {"code":"40037","msg":"Apikey does not exist","requestTime":1776153220644,"data":null}
[SYNC_ERROR] 2026-04-14T07:53:41.752665+00:00 account sync failed, keeping prior snapshot: Bitget HTTP 400: {"code":"40037","msg":"Apikey does not exist","requestTime":1776153220769,"data":null}
[SYNC_ERROR] 2026-04-14T07:53:41.874978+00:00 account sync failed, keeping prior snapshot: Bitget HTTP 400: {"code":"40037","msg":"Apikey does not exist","requestTime":1776153220858,"data":null}
[SYNC_ERROR] 2026-04-14T07:53:41.968110+00:00 account sync failed, keeping prior snapshot: Bitget HTTP 400: {"code":"40037","msg":"Apikey does not exist","requestTime":1776153220957,"data":null}
[SYNC_ERROR] 2026-04-14T07:53:42.064625+00:00 account sync failed, keeping prior snapshot: Bitget HTTP 400: {"code":"40037","msg":"Apikey does not exist","requestTime":1776153221067,"data":null}
[SYNC_ERROR] 2026-04-14T07:53:42.170784+00:00 account sync failed, keeping prior snapshot: Bitget HTTP 400: {"code":"40037","msg":"Apikey does not exist","requestTime":1776153221171,"data":null}
[SYNC_ERROR] 2026-04-14T07:53:42.279747+00:00 account sync failed, keeping prior snapshot: Bitget HTTP 400: {"code":"40037","msg":"Apikey does not exist","requestTime":1776153221262,"data":null}
[SYNC_ERROR] 2026-04-14T07:53:42.370638+00:00 account sync failed, keeping prior snapshot: Bitget HTTP 400: {"code":"40037","msg":"Apikey does not exist","requestTime":1776153221356,"data":null}
[SYNC_ERROR] 2026-04-14T07:53:42.464024+00:00 account sync failed, keeping prior snapshot: Bitget HTTP 400: {"code":"40037","msg":"Apikey does not exist","requestTime":1776153221469,"data":null}
[HEARTBEAT] events=36600 decisions=4 live_orders=0 tested_orders=0
[SYNC_ERROR] 2026-04-14T07:53:42.576036+00:00 account sync failed, keeping prior snapshot: Bitget HTTP 400: {"code":"40037","msg":"Apikey does not exist","requestTime":1776153221559,"data":null}
[SYNC_ERROR] 2026-04-14T07:53:42.659161+00:00 account sync failed, keeping prior snapshot: Bitget HTTP 400: {"code":"40037","msg":"Apikey does not exist","requestTime":1776153221640,"data":null}
[SYNC_ERROR] 2026-04-14T07:53:42.740800+00:00 account sync failed, keeping prior snapshot: Bitget HTTP 400: {"code":"40037","msg":"Apikey does not exist","requestTime":1776153221753,"data":null}
[SYNC_ERROR] 2026-04-14T07:53:42.859630+00:00 account sync failed, keeping prior snapshot: Bitget HTTP 400: {"code":"40037","msg":"Apikey does not exist","requestTime":1776153221865,"data":null}
[SYNC_ERROR] 2026-04-14T07:53:42.969210+00:00 account sync failed, keeping prior snapshot: Bitget HTTP 400: {"code":"40037","msg":"Apikey does not exist","requestTime":1776153221950,"data":null}
[SYNC_ERROR] 2026-04-14T07:53:43.059082+00:00 account sync failed, keeping prior snapshot: Bitget HTTP 400: {"code":"40037","msg":"Apikey does not exist","requestTime":1776153222046,"data":null}
[SYNC_ERROR] 2026-04-14T07:53:43.152289+00:00 account sync failed, keeping prior snapshot: Bitget HTTP 400: {"code":"40037","msg":"Apikey does not exist","requestTime":1776153222158,"data":null}
[SYNC_ERROR] 2026-04-14T07:53:43.258317+00:00 account sync failed, keeping prior snapshot: Bitget HTTP 400: {"code":"40037","msg":"Apikey does not exist","requestTime":1776153222262,"data":null}
[SYNC_ERROR] 2026-04-14T07:53:43.365541+00:00 account sync failed, keeping prior snapshot: Bitget HTTP 400: {"code":"40037","msg":"Apikey does not exist","requestTime":1776153222364,"data":null}
[SYNC_ERROR] 2026-04-14T07:53:43.472071+00:00 account sync failed, keeping prior snapshot: Bitget HTTP 400: {"code":"40037","msg":"Apikey does not exist","requestTime":1776153222469,"data":null}
[SYNC_ERROR] 2026-04-14T07:53:43.575505+00:00 account sync failed, keeping prior snapshot: Bitget HTTP 400: {"code":"40037","msg":"Apikey does not exist","requestTime":1776153222583,"data":null}
[SYNC_ERROR] 2026-04-14T07:53:43.691136+00:00 account sync failed, keeping prior snapshot: Bitget HTTP 400: {"code":"40037","msg":"Apikey does not exist","requestTime":1776153222675,"data":null}
[SYNC_ERROR] 2026-04-14T07:53:43.775743+00:00 account sync failed, keeping prior snapshot: Bitget HTTP 400: {"code":"40037","msg":"Apikey does not exist","requestTime":1776153222787,"data":null}
[SYNC_ERROR] 2026-04-14T07:53:43.889489+00:00 account sync failed, keeping prior snapshot: Bitget HTTP 400: {"code":"40037","msg":"Apikey does not exist","requestTime":1776153222897,"data":null}
[SYNC_ERROR] 2026-04-14T07:53:44.005815+00:00 account sync failed, keeping prior snapshot: Bitget HTTP 400: {"code":"40037","msg":"Apikey does not exist","requestTime":1776153222987,"data":null}
[SYNC_ERROR] 2026-04-14T07:53:44.093341+00:00 account sync failed, keeping prior snapshot: Bitget HTTP 400: {"code":"40037","msg":"Apikey does not exist","requestTime":1776153223093,"data":null}
[SYNC_ERROR] 2026-04-14T07:53:44.196759+00:00 account sync failed, keeping prior snapshot: Bitget HTTP 400: {"code":"40037","msg":"Apikey does not exist","requestTime":1776153223209,"data":null}
[SYNC_ERROR] 2026-04-14T07:53:44.316044+00:00 account sync failed, keeping prior snapshot: Bitget HTTP 400: {"code":"40037","msg":"Apikey does not exist","requestTime":1776153223300,"data":null}
[SYNC_ERROR] 2026-04-14T07:53:44.400507+00:00 account sync failed, keeping prior snapshot: Bitget HTTP 400: {"code":"40037","msg":"Apikey does not exist","requestTime":1776153223388,"data":null}
[SYNC_ERROR] 2026-04-14T07:53:44.495706+00:00 account sync failed, keeping prior snapshot: Bitget HTTP 400: {"code":"40037","msg":"Apikey does not exist","requestTime":1776153223482,"data":null}
[SYNC_ERROR] 2026-04-14T07:53:44.589196+00:00 account sync failed, keeping prior snapshot: Bitget HTTP 400: {"code":"40037","msg":"Apikey does not exist","requestTime":1776153223597,"data":null}
[SYNC_ERROR] 2026-04-14T07:53:44.700945+00:00 account sync failed, keeping prior snapshot: Bitget HTTP 400: {"code":"40037","msg":"Apikey does not exist","requestTime":1776153223687,"data":null}
[SYNC_ERROR] 2026-04-14T07:53:44.791171+00:00 account sync failed, keeping prior snapshot: Bitget HTTP 400: {"code":"40037","msg":"Apikey does not exist","requestTime":1776153223802,"data":null}
[SYNC_ERROR] 2026-04-14T07:53:44.902385+00:00 account sync failed, keeping prior snapshot: Bitget HTTP 400: {"code":"40037","msg":"Apikey does not exist","requestTime":1776153223915,"data":null}
[SYNC_ERROR] 2026-04-14T07:53:45.015307+00:00 account sync failed, keeping prior snapshot: Bitget HTTP 400: {"code":"40037","msg":"Apikey does not exist","requestTime":1776153224016,"data":null}
[HEARTBEAT] events=36625 decisions=4 live_orders=0 tested_orders=0
[SYNC_ERROR] 2026-04-14T07:53:45.120104+00:00 account sync failed, keeping prior snapshot: Bitget HTTP 400: {"code":"40037","msg":"Apikey does not exist","requestTime":1776153224132,"data":null}
[SYNC_ERROR] 2026-04-14T07:53:45.232538+00:00 account sync failed, keeping prior snapshot: Bitget HTTP 400: {"code":"40037","msg":"Apikey does not exist","requestTime":1776153224239,"data":null}
[SYNC_ERROR] 2026-04-14T07:53:45.338658+00:00 account sync failed, keeping prior snapshot: Bitget HTTP 400: {"code":"40037","msg":"Apikey does not exist","requestTime":1776153224344,"data":null}
[SYNC_ERROR] 2026-04-14T07:53:45.448763+00:00 account sync failed, keeping prior snapshot: Bitget HTTP 400: {"code":"40037","msg":"Apikey does not exist","requestTime":1776153224453,"data":null}
[SYNC_ERROR] 2026-04-14T07:53:45.552460+00:00 account sync failed, keeping prior snapshot: Bitget HTTP 400: {"code":"40037","msg":"Apikey does not exist","requestTime":1776153224551,"data":null}
[SYNC_ERROR] 2026-04-14T07:53:45.651667+00:00 account sync failed, keeping prior snapshot: Bitget HTTP 400: {"code":"40037","msg":"Apikey does not exist","requestTime":1776153224655,"data":null}
[SYNC_ERROR] 2026-04-14T07:53:45.757952+00:00 account sync failed, keeping prior snapshot: Bitget HTTP 400: {"code":"40037","msg":"Apikey does not exist","requestTime":1776153224740,"data":null}
[SYNC_ERROR] 2026-04-14T07:53:45.844838+00:00 account sync failed, keeping prior snapshot: Bitget HTTP 400: {"code":"40037","msg":"Apikey does not exist","requestTime":1776153224829,"data":null}
[SYNC_ERROR] 2026-04-14T07:53:45.932084+00:00 account sync failed, keeping prior snapshot: Bitget HTTP 400: {"code":"40037","msg":"Apikey does not exist","requestTime":1776153224917,"data":null}
[SYNC_ERROR] 2026-04-14T07:53:46.020983+00:00 account sync failed, keeping prior snapshot: Bitget HTTP 400: {"code":"40037","msg":"Apikey does not exist","requestTime":1776153225020,"data":null}
[SYNC_ERROR] 2026-04-14T07:53:46.125568+00:00 account sync failed, keeping prior snapshot: Bitget HTTP 400: {"code":"40037","msg":"Apikey does not exist","requestTime":1776153225110,"data":null}
[SYNC_ERROR] 2026-04-14T07:53:46.212467+00:00 account sync failed, keeping prior snapshot: Bitget HTTP 400: {"code":"40037","msg":"Apikey does not exist","requestTime":1776153225205,"data":null}
[SYNC_ERROR] 2026-04-14T07:53:46.303981+00:00 account sync failed, keeping prior snapshot: Bitget HTTP 400: {"code":"40037","msg":"Apikey does not exist","requestTime":1776153225299,"data":null}
[SYNC_ERROR] 2026-04-14T07:53:46.403875+00:00 account sync failed, keeping prior snapshot: Bitget HTTP 400: {"code":"40037","msg":"Apikey does not exist","requestTime":1776153225393,"data":null}
[SYNC_ERROR] 2026-04-14T07:53:46.491204+00:00 account sync failed, keeping prior snapshot: Bitget HTTP 400: {"code":"40037","msg":"Apikey does not exist","requestTime":1776153225490,"data":null}
[SYNC_ERROR] 2026-04-14T07:53:46.595741+00:00 account sync failed, keeping prior snapshot: Bitget HTTP 400: {"code":"40037","msg":"Apikey does not exist","requestTime":1776153225579,"data":null}
[SYNC_ERROR] 2026-04-14T07:53:46.688909+00:00 account sync failed, keeping prior snapshot: Bitget HTTP 400: {"code":"40037","msg":"Apikey does not exist","requestTime":1776153225673,"data":null}
[SYNC_ERROR] 2026-04-14T07:53:46.779537+00:00 account sync failed, keeping prior snapshot: Bitget HTTP 400: {"code":"40037","msg":"Apikey does not exist","requestTime":1776153225779,"data":null}
[SYNC_ERROR] 2026-04-14T07:53:46.886170+00:00 account sync failed, keeping prior snapshot: Bitget HTTP 400: {"code":"40037","msg":"Apikey does not exist","requestTime":1776153225868,"data":null}
[SYNC_ERROR] 2026-04-14T07:53:46.972249+00:00 account sync failed, keeping prior snapshot: Bitget HTTP 400: {"code":"40037","msg":"Apikey does not exist","requestTime":1776153225960,"data":null}
[SYNC_ERROR] 2026-04-14T07:53:47.068468+00:00 account sync failed, keeping prior snapshot: Bitget HTTP 400: {"code":"40037","msg":"Apikey does not exist","requestTime":1776153226054,"data":null}
[SYNC_ERROR] 2026-04-14T07:53:47.162532+00:00 account sync failed, keeping prior snapshot: Bitget HTTP 400: {"code":"40037","msg":"Apikey does not exist","requestTime":1776153226148,"data":null}
[SYNC_ERROR] 2026-04-14T07:53:47.256540+00:00 account sync failed, keeping prior snapshot: Bitget HTTP 400: {"code":"40037","msg":"Apikey does not exist","requestTime":1776153226239,"data":null}
[SYNC_ERROR] 2026-04-14T07:53:47.342784+00:00 account sync failed, keeping prior snapshot: Bitget HTTP 400: {"code":"40037","msg":"Apikey does not exist","requestTime":1776153226346,"data":null}
[SYNC_ERROR] 2026-04-14T07:53:47.452709+00:00 account sync failed, keeping prior snapshot: Bitget HTTP 400: {"code":"40037","msg":"Apikey does not exist","requestTime":1776153226452,"data":null}
[HEARTBEAT] events=36650 decisions=4 live_orders=0 tested_orders=0
[SYNC_ERROR] 2026-04-14T07:53:47.561378+00:00 account sync failed, keeping prior snapshot: Bitget HTTP 400: {"code":"40037","msg":"Apikey does not exist","requestTime":1776153226570,"data":null}
[SYNC_ERROR] 2026-04-14T07:53:47.676395+00:00 account sync failed, keeping prior snapshot: Bitget HTTP 400: {"code":"40037","msg":"Apikey does not exist","requestTime":1776153226659,"data":null}
[SYNC_ERROR] 2026-04-14T07:53:47.766277+00:00 account sync failed, keeping prior snapshot: Bitget HTTP 400: {"code":"40037","msg":"Apikey does not exist","requestTime":1776153226757,"data":null}
[SYNC_ERROR] 2026-04-14T07:53:47.863019+00:00 account sync failed, keeping prior snapshot: Bitget HTTP 400: {"code":"40037","msg":"Apikey does not exist","requestTime":1776153226863,"data":null}
[SYNC_ERROR] 2026-04-14T07:53:47.962502+00:00 account sync failed, keeping prior snapshot: Bitget HTTP 400: {"code":"40037","msg":"Apikey does not exist","requestTime":1776153226949,"data":null}
[SYNC_ERROR] 2026-04-14T07:53:48.052453+00:00 account sync failed, keeping prior snapshot: Bitget HTTP 400: {"code":"40037","msg":"Apikey does not exist","requestTime":1776153227036,"data":null}
[SYNC_ERROR] 2026-04-14T07:53:48.146256+00:00 account sync failed, keeping prior snapshot: Bitget HTTP 400: {"code":"40037","msg":"Apikey does not exist","requestTime":1776153227148,"data":null}
[SYNC_ERROR] 2026-04-14T07:53:48.255264+00:00 account sync failed, keeping prior snapshot: Bitget HTTP 400: {"code":"40037","msg":"Apikey does not exist","requestTime":1776153227255,"data":null}
[SYNC_ERROR] 2026-04-14T07:53:48.365752+00:00 account sync failed, keeping prior snapshot: Bitget HTTP 400: {"code":"40037","msg":"Apikey does not exist","requestTime":1776153227355,"data":null}
[SYNC_ERROR] 2026-04-14T07:53:48.463836+00:00 account sync failed, keeping prior snapshot: Bitget HTTP 400: {"code":"40037","msg":"Apikey does not exist","requestTime":1776153227452,"data":null}
[SYNC_ERROR] 2026-04-14T07:53:48.551162+00:00 account sync failed, keeping prior snapshot: Bitget HTTP 400: {"code":"40037","msg":"Apikey does not exist","requestTime":1776153227568,"data":null}
[SYNC_ERROR] 2026-04-14T07:53:48.667827+00:00 account sync failed, keeping prior snapshot: Bitget HTTP 400: {"code":"40037","msg":"Apikey does not exist","requestTime":1776153227673,"data":null}
[SYNC_ERROR] 2026-04-14T07:53:48.778486+00:00 account sync failed, keeping prior snapshot: Bitget HTTP 400: {"code":"40037","msg":"Apikey does not exist","requestTime":1776153227773,"data":null}
[SYNC_ERROR] 2026-04-14T07:53:48.878493+00:00 account sync failed, keeping prior snapshot: Bitget HTTP 400: {"code":"40037","msg":"Apikey does not exist","requestTime":1776153227868,"data":null}
[SYNC_ERROR] 2026-04-14T07:53:48.979699+00:00 account sync failed, keeping prior snapshot: Bitget HTTP 400: {"code":"40037","msg":"Apikey does not exist","requestTime":1776153227965,"data":null}
[SYNC_ERROR] 2026-04-14T07:53:49.074237+00:00 account sync failed, keeping prior snapshot: Bitget HTTP 400: {"code":"40037","msg":"Apikey does not exist","requestTime":1776153228061,"data":null}
[SYNC_ERROR] 2026-04-14T07:53:49.162447+00:00 account sync failed, keeping prior snapshot: Bitget HTTP 400: {"code":"40037","msg":"Apikey does not exist","requestTime":1776153228164,"data":null}
[SYNC_ERROR] 2026-04-14T07:53:49.263683+00:00 account sync failed, keeping prior snapshot: Bitget HTTP 400: {"code":"40037","msg":"Apikey does not exist","requestTime":1776153228247,"data":null}
[SYNC_ERROR] 2026-04-14T07:53:49.352288+00:00 account sync failed, keeping prior snapshot: Bitget HTTP 400: {"code":"40037","msg":"Apikey does not exist","requestTime":1776153228338,"data":null}
[SYNC_ERROR] 2026-04-14T07:53:49.442248+00:00 account sync failed, keeping prior snapshot: Bitget HTTP 400: {"code":"40037","msg":"Apikey does not exist","requestTime":1776153228455,"data":null}
[SYNC_ERROR] 2026-04-14T07:53:49.565953+00:00 account sync failed, keeping prior snapshot: Bitget HTTP 400: {"code":"40037","msg":"Apikey does not exist","requestTime":1776153228555,"data":null}
[SYNC_ERROR] 2026-04-14T07:53:49.666516+00:00 account sync failed, keeping prior snapshot: Bitget HTTP 400: {"code":"40037","msg":"Apikey does not exist","requestTime":1776153228652,"data":null}
[SYNC_ERROR] 2026-04-14T07:53:49.761315+00:00 account sync failed, keeping prior snapshot: Bitget HTTP 400: {"code":"40037","msg":"Apikey does not exist","requestTime":1776153228755,"data":null}
