{
  "observation_count": 209,
  "symbols": {
    "AWEUSDT": [
      {
        "bucket": 6,
        "median_bps": 33.035124,
        "mode": "spot",
        "observations": [
          33.035124,
          30.961615
        ],
        "trend_direction": 1
      },
      {
        "bucket": 5,
        "median_bps": 28.955761,
        "mode": "spot",
        "observations": [
          28.955761
        ],
        "trend_direction": 1
      }
    ],
    "BCHUSDT": [
      {
        "bucket": 6,
        "median_bps": 16.607543,
        "mode": "futures",
        "observations": [
          15.814802,
          15.829083,
          16.920534,
          17.06259,
          16.607543,
          16.429333,
          19.382642,
          15.352179
        ],
        "trend_direction": -1
      }
    ],
    "BTCUSDT": [
      {
        "bucket": 6,
        "median_bps": 14.992307,
        "mode": "futures",
        "observations": [
          14.992307
        ],
        "trend_direction": 1
      },
      {
        "bucket": 7,
        "median_bps": 56.576781,
        "mode": "spot",
        "observations": [
          64.840798,
          64.484795,
          56.576781,
          55.905222,
          51.462641,
          51.443321
        ],
        "trend_direction": 1
      },
      {
        "bucket": 6,
        "median_bps": 48.481607,
        "mode": "spot",
        "observations": [
          47.620459,
          45.679518,
          56.50816,
          56.434054,
          48.481607,
          51.240607,
          51.129858,
          46.131533,
          46.087072,
          40.966807,
          46.483553,
          39.731494,
          43.07719,
          43.08757,
          44.287241,
          48.06301,
          51.520177,
          51.609682,
          50.984847,
          50.961594,
          44.443315,
          52.143655,
          51.676831,
          51.730531
        ],
        "trend_direction": 1
      }
    ],
    "ETHUSDT": [
      {
        "bucket": 6,
        "median_bps": 42.962042,
        "mode": "spot",
        "observations": [
          36.061508,
          36.53534,
          36.38835,
          44.151437,
          46.285429,
          46.285429,
          35.491064,
          43.090922,
          36.22857,
          47.510054,
          50.111097,
          40.597168,
          35.912327,
          45.52223,
          45.52223,
          39.173256,
          40.362768,
          44.237741,
          44.039069,
          43.394147,
          52.268065,
          52.247802,
          41.328473,
          41.328473,
          40.147238,
          46.794695,
          48.296697,
          44.45697,
          46.534491,
          40.640846,
          47.187256,
          38.846861,
          42.962042,
          42.954521,
          37.525979,
          37.912488,
          36.493559,
          50.346845,
          50.352832,
          43.279082,
          43.2966,
          45.259435,
          45.243841,
          36.021401,
          38.852719,
          38.83517,
          38.538224,
          36.958375,
          37.335793,
          37.470641
        ],
        "trend_direction": 1
      },
      {
        "bucket": 7,
        "median_bps": 32.069997,
        "mode": "futures",
        "observations": [
          29.147764,
          30.498682,
          33.773777,
          33.431633,
          19.827149,
          19.827533,
          32.069997,
          32.069997
        ],
        "trend_direction": 1
      },
      {
        "bucket": 6,
        "median_bps": 22.093959,
        "mode": "futures",
        "observations": [
          25.628211,
          18.517886,
          22.093959,
          18.003456
        ],
        "trend_direction": 1
      },
      {
        "bucket": 7,
        "median_bps": 52.082831,
        "mode": "spot",
        "observations": [
          45.03038,
          52.082831,
          59.592376,
          59.547383,
          54.080254,
          54.038321,
          48.76626,
          48.740172,
          48.986967,
          49.507647
        ],
        "trend_direction": 1
      },
      {
        "bucket": 5,
        "median_bps": 31.862531,
        "mode": "spot",
        "observations": [
          31.429961,
          35.545086,
          35.492225,
          29.213287,
          31.425935,
          30.021676,
          33.547416,
          33.243137,
          31.862531
        ],
        "trend_direction": 1
      }
    ],
    "SOLUSDT": [
      {
        "bucket": 6,
        "median_bps": 37.893329,
        "mode": "spot",
        "observations": [
          37.893329
        ],
        "trend_direction": 1
      },
      {
        "bucket": 6,
        "median_bps": 28.025787,
        "mode": "futures",
        "observations": [
          28.025787
        ],
        "trend_direction": 1
      }
    ],
    "VIRTUALUSDT": [
      {
        "bucket": 6,
        "median_bps": 42.473014,
        "mode": "spot",
        "observations": [
          43.66339,
          43.139825,
          38.724439,
          42.473014,
          47.16772,
          44.828142,
          36.446849,
          36.409612,
          43.781389,
          41.772014,
          40.87152,
          41.325574,
          45.003901,
          42.449625,
          38.560763,
          38.543904,
          45.727899,
          46.39099,
          40.717705,
          52.412955,
          52.403413,
          46.662268,
          47.24599,
          47.003725,
          44.582706,
          39.718133,
          39.740198,
          36.546131,
          36.520543,
          36.49724,
          36.490041,
          41.743399,
          44.382981,
          44.316143,
          45.703834,
          45.691276,
          44.72115,
          43.85594,
          43.85594,
          37.410017,
          37.410017,
          43.677137,
          43.627342,
          40.559982,
          42.636384,
          42.592477,
          41.285078,
          41.259916,
          38.18804,
          38.103229,
          35.823882
        ],
        "trend_direction": 1
      },
      {
        "bucket": 5,
        "median_bps": 35.293754,
        "mode": "spot",
        "observations": [
          32.782872,
          36.360258,
          36.672642,
          37.757823,
          39.596846,
          35.752213,
          38.777945,
          38.775944,
          39.159104,
          40.028737,
          33.079955,
          31.760806,
          33.358174,
          35.309395,
          35.293754,
          33.935171,
          36.031143,
          30.518293,
          38.39504,
          32.710682,
          31.102054,
          29.342295,
          32.474327,
          37.499784,
          39.195055,
          39.199057,
          37.544336,
          26.347355,
          30.780907,
          30.710869,
          26.936423,
          27.034146,
          31.32112
        ],
        "trend_direction": 1
      }
    ]
  }
}