[daemon] equity auto-detected: $4.33 USDT ¡æ capacity: $129.79 (was $10,000 / $5,000 defaults)
[DECISION] 2026-04-20T02:58:00+00:00 DOGEUSDT mode=futures side=long score=69.46
[DECISION] 2026-04-20T02:58:00+00:00 ETHUSDT mode=cash side=flat score=71.85
[DECISION] 2026-04-20T02:58:00+00:00 PEPEUSDT mode=futures side=long score=67.38
[DECISION] 2026-04-20T02:58:00+00:00 SOLUSDT mode=futures side=long score=67.11
[SUBMISSION_GATE] DOGEUSDT allow=True can_open=True existing=no pending_external=False order_cooldown=False manual_cooldown=False live_allowed=True
[EXEC_PREFLIGHT] DOGEUSDT allow=True live_allowed=True managed=futures:129.79 prepared=cash:0.00 reasons=HIGH_CONVICTION_RECENT_LONG_CONFIRMATION_REQUIRED
[SUBMISSION_GATE] ETHUSDT allow=False can_open=True existing=no pending_external=False order_cooldown=False manual_cooldown=False live_allowed=True
[EXEC_PREFLIGHT] ETHUSDT allow=False live_allowed=True managed=cash:0.00 prepared=cash:0.00 reasons=DIRECTION_CONFLICT,EDGE_BELOW_COST,LIQUIDITY_TOO_WEAK,SCORE_TOO_LOW
[SUBMISSION_GATE] PEPEUSDT allow=True can_open=True existing=no pending_external=False order_cooldown=False manual_cooldown=False live_allowed=True
[EXEC_PREFLIGHT] PEPEUSDT allow=True live_allowed=True managed=futures:129.79 prepared=cash:0.00 reasons=HIGH_CONVICTION_RECENT_LONG_CONFIRMATION_REQUIRED
[SUBMISSION_GATE] SOLUSDT allow=True can_open=True existing=no pending_external=False order_cooldown=False manual_cooldown=False live_allowed=True
[EXEC_PREFLIGHT] SOLUSDT allow=True live_allowed=True managed=futures:129.79 prepared=cash:0.00 reasons=HIGH_CONVICTION_RECENT_LONG_CONFIRMATION_REQUIRED
[CONNECT] websocket attempt=1
[HEARTBEAT] events=25 decisions=4 live_orders=0 tested_orders=0
[HEARTBEAT] events=50 decisions=4 live_orders=0 tested_orders=0
[HEARTBEAT] events=75 decisions=4 live_orders=0 tested_orders=0
[HEARTBEAT] events=100 decisions=4 live_orders=0 tested_orders=0
[HEARTBEAT] events=125 decisions=4 live_orders=0 tested_orders=0
[HEARTBEAT] events=150 decisions=4 live_orders=0 tested_orders=0
[HEARTBEAT] events=175 decisions=4 live_orders=0 tested_orders=0
[HEARTBEAT] events=200 decisions=4 live_orders=0 tested_orders=0
[HEARTBEAT] events=225 decisions=4 live_orders=0 tested_orders=0
[HEARTBEAT] events=250 decisions=4 live_orders=0 tested_orders=0
[HEARTBEAT] events=275 decisions=4 live_orders=0 tested_orders=0
[HEARTBEAT] events=300 decisions=4 live_orders=0 tested_orders=0
[HEARTBEAT] events=325 decisions=4 live_orders=0 tested_orders=0
[HEARTBEAT] events=350 decisions=4 live_orders=0 tested_orders=0
[HEARTBEAT] events=375 decisions=4 live_orders=0 tested_orders=0
[HEARTBEAT] events=400 decisions=4 live_orders=0 tested_orders=0
[HEARTBEAT] events=425 decisions=4 live_orders=0 tested_orders=0
[HEARTBEAT] events=450 decisions=4 live_orders=0 tested_orders=0
[HEARTBEAT] events=475 decisions=4 live_orders=0 tested_orders=0
[HEARTBEAT] events=500 decisions=4 live_orders=0 tested_orders=0
[HEARTBEAT] events=525 decisions=4 live_orders=0 tested_orders=0
[HEARTBEAT] events=550 decisions=4 live_orders=0 tested_orders=0
[HEARTBEAT] events=575 decisions=4 live_orders=0 tested_orders=0
[HEARTBEAT] events=600 decisions=4 live_orders=0 tested_orders=0
[HEARTBEAT] events=625 decisions=4 live_orders=0 tested_orders=0
[HEARTBEAT] events=650 decisions=4 live_orders=0 tested_orders=0
[HEARTBEAT] events=675 decisions=4 live_orders=0 tested_orders=0
[HEARTBEAT] events=700 decisions=4 live_orders=0 tested_orders=0
[HEARTBEAT] events=725 decisions=4 live_orders=0 tested_orders=0
[HEARTBEAT] events=750 decisions=4 live_orders=0 tested_orders=0
[HEARTBEAT] events=775 decisions=4 live_orders=0 tested_orders=0
[HEARTBEAT] events=800 decisions=4 live_orders=0 tested_orders=0
[HEARTBEAT] events=825 decisions=4 live_orders=0 tested_orders=0
[HEARTBEAT] events=850 decisions=4 live_orders=0 tested_orders=0
[HEARTBEAT] events=875 decisions=4 live_orders=0 tested_orders=0
[HEARTBEAT] events=900 decisions=4 live_orders=0 tested_orders=0
[HEARTBEAT] events=925 decisions=4 live_orders=0 tested_orders=0
[HEARTBEAT] events=950 decisions=4 live_orders=0 tested_orders=0
[HEARTBEAT] events=975 decisions=4 live_orders=0 tested_orders=0
[HEARTBEAT] events=1000 decisions=4 live_orders=0 tested_orders=0
[HEARTBEAT] events=1025 decisions=4 live_orders=0 tested_orders=0
[HEARTBEAT] events=1050 decisions=4 live_orders=0 tested_orders=0
[HEARTBEAT] events=1075 decisions=4 live_orders=0 tested_orders=0
[HEARTBEAT] events=1100 decisions=4 live_orders=0 tested_orders=0
[HEARTBEAT] events=1125 decisions=4 live_orders=0 tested_orders=0
[HEARTBEAT] events=1150 decisions=4 live_orders=0 tested_orders=0
[HEARTBEAT] events=1175 decisions=4 live_orders=0 tested_orders=0
[HEARTBEAT] events=1200 decisions=4 live_orders=0 tested_orders=0
[HEARTBEAT] events=1225 decisions=4 live_orders=0 tested_orders=0
[HEARTBEAT] events=1250 decisions=4 live_orders=0 tested_orders=0
[HEARTBEAT] events=1275 decisions=4 live_orders=0 tested_orders=0
[HEARTBEAT] events=1300 decisions=4 live_orders=0 tested_orders=0
[HEARTBEAT] events=1325 decisions=4 live_orders=0 tested_orders=0
[HEARTBEAT] events=1350 decisions=4 live_orders=0 tested_orders=0
[HEARTBEAT] events=1375 decisions=4 live_orders=0 tested_orders=0
[HEARTBEAT] events=1400 decisions=4 live_orders=0 tested_orders=0
[HEARTBEAT] events=1425 decisions=4 live_orders=0 tested_orders=0
[HEARTBEAT] events=1450 decisions=4 live_orders=0 tested_orders=0
[HEARTBEAT] events=1475 decisions=4 live_orders=0 tested_orders=0
[HEARTBEAT] events=1500 decisions=4 live_orders=0 tested_orders=0
[HEARTBEAT] events=1525 decisions=4 live_orders=0 tested_orders=0
[HEARTBEAT] events=1550 decisions=4 live_orders=0 tested_orders=0
[HEARTBEAT] events=1575 decisions=4 live_orders=0 tested_orders=0
[HEARTBEAT] events=1600 decisions=4 live_orders=0 tested_orders=0
[HEARTBEAT] events=1625 decisions=4 live_orders=0 tested_orders=0
[HEARTBEAT] events=1650 decisions=4 live_orders=0 tested_orders=0
[HEARTBEAT] events=1675 decisions=4 live_orders=0 tested_orders=0
[HEARTBEAT] events=1700 decisions=4 live_orders=0 tested_orders=0
[HEARTBEAT] events=1725 decisions=4 live_orders=0 tested_orders=0
[HEARTBEAT] events=1750 decisions=4 live_orders=0 tested_orders=0
[HEARTBEAT] events=1775 decisions=4 live_orders=0 tested_orders=0
[HEARTBEAT] events=1800 decisions=4 live_orders=0 tested_orders=0
[HEARTBEAT] events=1825 decisions=4 live_orders=0 tested_orders=0
[HEARTBEAT] events=1850 decisions=4 live_orders=0 tested_orders=0
[HEARTBEAT] events=1875 decisions=4 live_orders=0 tested_orders=0
[HEARTBEAT] events=1900 decisions=4 live_orders=0 tested_orders=0
[HEARTBEAT] events=1925 decisions=4 live_orders=0 tested_orders=0
[HEARTBEAT] events=1950 decisions=4 live_orders=0 tested_orders=0
[HEARTBEAT] events=1975 decisions=4 live_orders=0 tested_orders=0
[HEARTBEAT] events=2000 decisions=4 live_orders=0 tested_orders=0
[HEARTBEAT] events=2025 decisions=4 live_orders=0 tested_orders=0
[HEARTBEAT] events=2050 decisions=4 live_orders=0 tested_orders=0
[HEARTBEAT] events=2075 decisions=4 live_orders=0 tested_orders=0
[HEARTBEAT] events=2100 decisions=4 live_orders=0 tested_orders=0
[HEARTBEAT] events=2125 decisions=4 live_orders=0 tested_orders=0
[HEARTBEAT] events=2150 decisions=4 live_orders=0 tested_orders=0
[HEARTBEAT] events=2175 decisions=4 live_orders=0 tested_orders=0
[HEARTBEAT] events=2200 decisions=4 live_orders=0 tested_orders=0
[HEARTBEAT] events=2225 decisions=4 live_orders=0 tested_orders=0
[HEARTBEAT] events=2250 decisions=4 live_orders=0 tested_orders=0
[HEARTBEAT] events=2275 decisions=4 live_orders=0 tested_orders=0
[HEARTBEAT] events=2300 decisions=4 live_orders=0 tested_orders=0
[HEARTBEAT] events=2325 decisions=4 live_orders=0 tested_orders=0
[HEARTBEAT] events=2350 decisions=4 live_orders=0 tested_orders=0
[HEARTBEAT] events=2375 decisions=4 live_orders=0 tested_orders=0
[HEARTBEAT] events=2400 decisions=4 live_orders=0 tested_orders=0
[HEARTBEAT] events=2425 decisions=4 live_orders=0 tested_orders=0
[HEARTBEAT] events=2450 decisions=4 live_orders=0 tested_orders=0
[HEARTBEAT] events=2475 decisions=4 live_orders=0 tested_orders=0
[HEARTBEAT] events=2500 decisions=4 live_orders=0 tested_orders=0
[HEARTBEAT] events=2525 decisions=4 live_orders=0 tested_orders=0
[HEARTBEAT] events=2550 decisions=4 live_orders=0 tested_orders=0
[HEARTBEAT] events=2575 decisions=4 live_orders=0 tested_orders=0
[HEARTBEAT] events=2600 decisions=4 live_orders=0 tested_orders=0
[HEARTBEAT] events=2625 decisions=4 live_orders=0 tested_orders=0
[HEARTBEAT] events=2650 decisions=4 live_orders=0 tested_orders=0
[HEARTBEAT] events=2675 decisions=4 live_orders=0 tested_orders=0
[HEARTBEAT] events=2700 decisions=4 live_orders=0 tested_orders=0
[HEARTBEAT] events=2725 decisions=4 live_orders=0 tested_orders=0
[HEARTBEAT] events=2750 decisions=4 live_orders=0 tested_orders=0
[HEARTBEAT] events=2775 decisions=4 live_orders=0 tested_orders=0
[HEARTBEAT] events=2800 decisions=4 live_orders=0 tested_orders=0
[HEARTBEAT] events=2825 decisions=4 live_orders=0 tested_orders=0
[HEARTBEAT] events=2850 decisions=4 live_orders=0 tested_orders=0
[HEARTBEAT] events=2875 decisions=4 live_orders=0 tested_orders=0
[HEARTBEAT] events=2900 decisions=4 live_orders=0 tested_orders=0
[HEARTBEAT] events=2925 decisions=4 live_orders=0 tested_orders=0
[HEARTBEAT] events=2950 decisions=4 live_orders=0 tested_orders=0
[HEARTBEAT] events=2975 decisions=4 live_orders=0 tested_orders=0
[HEARTBEAT] events=3000 decisions=4 live_orders=0 tested_orders=0
[HEARTBEAT] events=3025 decisions=4 live_orders=0 tested_orders=0
[HEARTBEAT] events=3050 decisions=4 live_orders=0 tested_orders=0
[HEARTBEAT] events=3075 decisions=4 live_orders=0 tested_orders=0
[HEARTBEAT] events=3100 decisions=4 live_orders=0 tested_orders=0
[HEARTBEAT] events=3125 decisions=4 live_orders=0 tested_orders=0
[HEARTBEAT] events=3150 decisions=4 live_orders=0 tested_orders=0
[HEARTBEAT] events=3175 decisions=4 live_orders=0 tested_orders=0
[HEARTBEAT] events=3200 decisions=4 live_orders=0 tested_orders=0
[HEARTBEAT] events=3225 decisions=4 live_orders=0 tested_orders=0
[HEARTBEAT] events=3250 decisions=4 live_orders=0 tested_orders=0
[HEARTBEAT] events=3275 decisions=4 live_orders=0 tested_orders=0
[HEARTBEAT] events=3300 decisions=4 live_orders=0 tested_orders=0
[HEARTBEAT] events=3325 decisions=4 live_orders=0 tested_orders=0
[HEARTBEAT] events=3350 decisions=4 live_orders=0 tested_orders=0
[HEARTBEAT] events=3375 decisions=4 live_orders=0 tested_orders=0
[HEARTBEAT] events=3400 decisions=4 live_orders=0 tested_orders=0
[HEARTBEAT] events=3425 decisions=4 live_orders=0 tested_orders=0
[HEARTBEAT] events=3450 decisions=4 live_orders=0 tested_orders=0
[HEARTBEAT] events=3475 decisions=4 live_orders=0 tested_orders=0
[HEARTBEAT] events=3500 decisions=4 live_orders=0 tested_orders=0
[HEARTBEAT] events=3525 decisions=4 live_orders=0 tested_orders=0
[HEARTBEAT] events=3550 decisions=4 live_orders=0 tested_orders=0
[HEARTBEAT] events=3575 decisions=4 live_orders=0 tested_orders=0
[HEARTBEAT] events=3600 decisions=4 live_orders=0 tested_orders=0
[HEARTBEAT] events=3625 decisions=4 live_orders=0 tested_orders=0
[HEARTBEAT] events=3650 decisions=4 live_orders=0 tested_orders=0
[HEARTBEAT] events=3675 decisions=4 live_orders=0 tested_orders=0
[HEARTBEAT] events=3700 decisions=4 live_orders=0 tested_orders=0
[HEARTBEAT] events=3725 decisions=4 live_orders=0 tested_orders=0
[HEARTBEAT] events=3750 decisions=4 live_orders=0 tested_orders=0
[HEARTBEAT] events=3775 decisions=4 live_orders=0 tested_orders=0
[HEARTBEAT] events=3800 decisions=4 live_orders=0 tested_orders=0
[HEARTBEAT] events=3825 decisions=4 live_orders=0 tested_orders=0
[HEARTBEAT] events=3850 decisions=4 live_orders=0 tested_orders=0
[HEARTBEAT] events=3875 decisions=4 live_orders=0 tested_orders=0
[HEARTBEAT] events=3900 decisions=4 live_orders=0 tested_orders=0
[HEARTBEAT] events=3925 decisions=4 live_orders=0 tested_orders=0
[HEARTBEAT] events=3950 decisions=4 live_orders=0 tested_orders=0
[HEARTBEAT] events=3975 decisions=4 live_orders=0 tested_orders=0
[HEARTBEAT] events=4000 decisions=4 live_orders=0 tested_orders=0
[HEARTBEAT] events=4025 decisions=4 live_orders=0 tested_orders=0
[HEARTBEAT] events=4050 decisions=4 live_orders=0 tested_orders=0
[HEARTBEAT] events=4075 decisions=4 live_orders=0 tested_orders=0
[HEARTBEAT] events=4100 decisions=4 live_orders=0 tested_orders=0
[HEARTBEAT] events=4125 decisions=4 live_orders=0 tested_orders=0
[HEARTBEAT] events=4150 decisions=4 live_orders=0 tested_orders=0
[HEARTBEAT] events=4175 decisions=4 live_orders=0 tested_orders=0
[HEARTBEAT] events=4200 decisions=4 live_orders=0 tested_orders=0
[HEARTBEAT] events=4225 decisions=4 live_orders=0 tested_orders=0
[HEARTBEAT] events=4250 decisions=4 live_orders=0 tested_orders=0
[HEARTBEAT] events=4275 decisions=4 live_orders=0 tested_orders=0
[HEARTBEAT] events=4300 decisions=4 live_orders=0 tested_orders=0
[HEARTBEAT] events=4325 decisions=4 live_orders=0 tested_orders=0
[HEARTBEAT] events=4350 decisions=4 live_orders=0 tested_orders=0
[HEARTBEAT] events=4375 decisions=4 live_orders=0 tested_orders=0
[HEARTBEAT] events=4400 decisions=4 live_orders=0 tested_orders=0
[HEARTBEAT] events=4425 decisions=4 live_orders=0 tested_orders=0
[HEARTBEAT] events=4450 decisions=4 live_orders=0 tested_orders=0
[HEARTBEAT] events=4475 decisions=4 live_orders=0 tested_orders=0
[HEARTBEAT] events=4500 decisions=4 live_orders=0 tested_orders=0
[HEARTBEAT] events=4525 decisions=4 live_orders=0 tested_orders=0
[HEARTBEAT] events=4550 decisions=4 live_orders=0 tested_orders=0
[HEARTBEAT] events=4575 decisions=4 live_orders=0 tested_orders=0
[HEARTBEAT] events=4600 decisions=4 live_orders=0 tested_orders=0
[HEARTBEAT] events=4625 decisions=4 live_orders=0 tested_orders=0
[HEARTBEAT] events=4650 decisions=4 live_orders=0 tested_orders=0
[HEARTBEAT] events=4675 decisions=4 live_orders=0 tested_orders=0
[HEARTBEAT] events=4700 decisions=4 live_orders=0 tested_orders=0
[HEARTBEAT] events=4725 decisions=4 live_orders=0 tested_orders=0
[HEARTBEAT] events=4750 decisions=4 live_orders=0 tested_orders=0
[HEARTBEAT] events=4775 decisions=4 live_orders=0 tested_orders=0
[HEARTBEAT] events=4800 decisions=4 live_orders=0 tested_orders=0
[HEARTBEAT] events=4825 decisions=4 live_orders=0 tested_orders=0
[HEARTBEAT] events=4850 decisions=4 live_orders=0 tested_orders=0
[HEARTBEAT] events=4875 decisions=4 live_orders=0 tested_orders=0
[HEARTBEAT] events=4900 decisions=4 live_orders=0 tested_orders=0
[HEARTBEAT] events=4925 decisions=4 live_orders=0 tested_orders=0
[HEARTBEAT] events=4950 decisions=4 live_orders=0 tested_orders=0
[HEARTBEAT] events=4975 decisions=4 live_orders=0 tested_orders=0
[HEARTBEAT] events=5000 decisions=4 live_orders=0 tested_orders=0
[HEARTBEAT] events=5025 decisions=4 live_orders=0 tested_orders=0
[HEARTBEAT] events=5050 decisions=4 live_orders=0 tested_orders=0
[HEARTBEAT] events=5075 decisions=4 live_orders=0 tested_orders=0
[HEARTBEAT] events=5100 decisions=4 live_orders=0 tested_orders=0
[HEARTBEAT] events=5125 decisions=4 live_orders=0 tested_orders=0
[HEARTBEAT] events=5150 decisions=4 live_orders=0 tested_orders=0
[HEARTBEAT] events=5175 decisions=4 live_orders=0 tested_orders=0
[HEARTBEAT] events=5200 decisions=4 live_orders=0 tested_orders=0
[HEARTBEAT] events=5225 decisions=4 live_orders=0 tested_orders=0
[HEARTBEAT] events=5250 decisions=4 live_orders=0 tested_orders=0
[HEARTBEAT] events=5275 decisions=4 live_orders=0 tested_orders=0
[HEARTBEAT] events=5300 decisions=4 live_orders=0 tested_orders=0
[HEARTBEAT] events=5325 decisions=4 live_orders=0 tested_orders=0
[HEARTBEAT] events=5350 decisions=4 live_orders=0 tested_orders=0
[HEARTBEAT] events=5375 decisions=4 live_orders=0 tested_orders=0
[HEARTBEAT] events=5400 decisions=4 live_orders=0 tested_orders=0
[HEARTBEAT] events=5425 decisions=4 live_orders=0 tested_orders=0
[HEARTBEAT] events=5450 decisions=4 live_orders=0 tested_orders=0
[HEARTBEAT] events=5475 decisions=4 live_orders=0 tested_orders=0
[HEARTBEAT] events=5500 decisions=4 live_orders=0 tested_orders=0
[HEARTBEAT] events=5525 decisions=4 live_orders=0 tested_orders=0
[HEARTBEAT] events=5550 decisions=4 live_orders=0 tested_orders=0
[HEARTBEAT] events=5575 decisions=4 live_orders=0 tested_orders=0
[HEARTBEAT] events=5600 decisions=4 live_orders=0 tested_orders=0
[HEARTBEAT] events=5625 decisions=4 live_orders=0 tested_orders=0
[HEARTBEAT] events=5650 decisions=4 live_orders=0 tested_orders=0
[HEARTBEAT] events=5675 decisions=4 live_orders=0 tested_orders=0
[HEARTBEAT] events=5700 decisions=4 live_orders=0 tested_orders=0
[HEARTBEAT] events=5725 decisions=4 live_orders=0 tested_orders=0
[HEARTBEAT] events=5750 decisions=4 live_orders=0 tested_orders=0
[HEARTBEAT] events=5775 decisions=4 live_orders=0 tested_orders=0
[HEARTBEAT] events=5800 decisions=4 live_orders=0 tested_orders=0
[HEARTBEAT] events=5825 decisions=4 live_orders=0 tested_orders=0
[HEARTBEAT] events=5850 decisions=4 live_orders=0 tested_orders=0
[HEARTBEAT] events=5875 decisions=4 live_orders=0 tested_orders=0
[HEARTBEAT] events=5900 decisions=4 live_orders=0 tested_orders=0
[HEARTBEAT] events=5925 decisions=4 live_orders=0 tested_orders=0
[HEARTBEAT] events=5950 decisions=4 live_orders=0 tested_orders=0
[HEARTBEAT] events=5975 decisions=4 live_orders=0 tested_orders=0
[HEARTBEAT] events=6000 decisions=4 live_orders=0 tested_orders=0
[HEARTBEAT] events=6025 decisions=4 live_orders=0 tested_orders=0
[HEARTBEAT] events=6050 decisions=4 live_orders=0 tested_orders=0
[HEARTBEAT] events=6075 decisions=4 live_orders=0 tested_orders=0
[HEARTBEAT] events=6100 decisions=4 live_orders=0 tested_orders=0
[HEARTBEAT] events=6125 decisions=4 live_orders=0 tested_orders=0
[HEARTBEAT] events=6150 decisions=4 live_orders=0 tested_orders=0
[HEARTBEAT] events=6175 decisions=4 live_orders=0 tested_orders=0
[HEARTBEAT] events=6200 decisions=4 live_orders=0 tested_orders=0
[HEARTBEAT] events=6225 decisions=4 live_orders=0 tested_orders=0
[HEARTBEAT] events=6250 decisions=4 live_orders=0 tested_orders=0
[HEARTBEAT] events=6275 decisions=4 live_orders=0 tested_orders=0
[HEARTBEAT] events=6300 decisions=4 live_orders=0 tested_orders=0
[HEARTBEAT] events=6325 decisions=4 live_orders=0 tested_orders=0
[HEARTBEAT] events=6350 decisions=4 live_orders=0 tested_orders=0
[HEARTBEAT] events=6375 decisions=4 live_orders=0 tested_orders=0
[HEARTBEAT] events=6400 decisions=4 live_orders=0 tested_orders=0
[HEARTBEAT] events=6425 decisions=4 live_orders=0 tested_orders=0
[HEARTBEAT] events=6450 decisions=4 live_orders=0 tested_orders=0
[HEARTBEAT] events=6475 decisions=4 live_orders=0 tested_orders=0
[HEARTBEAT] events=6500 decisions=4 live_orders=0 tested_orders=0
[HEARTBEAT] events=6525 decisions=4 live_orders=0 tested_orders=0
[HEARTBEAT] events=6550 decisions=4 live_orders=0 tested_orders=0
[HEARTBEAT] events=6575 decisions=4 live_orders=0 tested_orders=0
[HEARTBEAT] events=6600 decisions=4 live_orders=0 tested_orders=0
[HEARTBEAT] events=6625 decisions=4 live_orders=0 tested_orders=0
[HEARTBEAT] events=6650 decisions=4 live_orders=0 tested_orders=0
[HEARTBEAT] events=6675 decisions=4 live_orders=0 tested_orders=0
[HEARTBEAT] events=6700 decisions=4 live_orders=0 tested_orders=0
[HEARTBEAT] events=6725 decisions=4 live_orders=0 tested_orders=0
[HEARTBEAT] events=6750 decisions=4 live_orders=0 tested_orders=0
[HEARTBEAT] events=6775 decisions=4 live_orders=0 tested_orders=0
[HEARTBEAT] events=6800 decisions=4 live_orders=0 tested_orders=0
[HEARTBEAT] events=6825 decisions=4 live_orders=0 tested_orders=0
[HEARTBEAT] events=6850 decisions=4 live_orders=0 tested_orders=0
[HEARTBEAT] events=6875 decisions=4 live_orders=0 tested_orders=0
[HEARTBEAT] events=6900 decisions=4 live_orders=0 tested_orders=0
[HEARTBEAT] events=6925 decisions=4 live_orders=0 tested_orders=0
[HEARTBEAT] events=6950 decisions=4 live_orders=0 tested_orders=0
[HEARTBEAT] events=6975 decisions=4 live_orders=0 tested_orders=0
[HEARTBEAT] events=7000 decisions=4 live_orders=0 tested_orders=0
[HEARTBEAT] events=7025 decisions=4 live_orders=0 tested_orders=0
[HEARTBEAT] events=7050 decisions=4 live_orders=0 tested_orders=0
[HEARTBEAT] events=7075 decisions=4 live_orders=0 tested_orders=0
[HEARTBEAT] events=7100 decisions=4 live_orders=0 tested_orders=0
[HEARTBEAT] events=7125 decisions=4 live_orders=0 tested_orders=0
[HEARTBEAT] events=7150 decisions=4 live_orders=0 tested_orders=0
[HEARTBEAT] events=7175 decisions=4 live_orders=0 tested_orders=0
[HEARTBEAT] events=7200 decisions=4 live_orders=0 tested_orders=0
[HEARTBEAT] events=7225 decisions=4 live_orders=0 tested_orders=0
[HEARTBEAT] events=7250 decisions=4 live_orders=0 tested_orders=0
[HEARTBEAT] events=7275 decisions=4 live_orders=0 tested_orders=0
[HEARTBEAT] events=7300 decisions=4 live_orders=0 tested_orders=0
[HEARTBEAT] events=7325 decisions=4 live_orders=0 tested_orders=0
[HEARTBEAT] events=7350 decisions=4 live_orders=0 tested_orders=0
[HEARTBEAT] events=7375 decisions=4 live_orders=0 tested_orders=0
[HEARTBEAT] events=7400 decisions=4 live_orders=0 tested_orders=0
[HEARTBEAT] events=7425 decisions=4 live_orders=0 tested_orders=0
[HEARTBEAT] events=7450 decisions=4 live_orders=0 tested_orders=0
[HEARTBEAT] events=7475 decisions=4 live_orders=0 tested_orders=0
[HEARTBEAT] events=7500 decisions=4 live_orders=0 tested_orders=0
[HEARTBEAT] events=7525 decisions=4 live_orders=0 tested_orders=0
[HEARTBEAT] events=7550 decisions=4 live_orders=0 tested_orders=0
[HEARTBEAT] events=7575 decisions=4 live_orders=0 tested_orders=0
[HEARTBEAT] events=7600 decisions=4 live_orders=0 tested_orders=0
[HEARTBEAT] events=7625 decisions=4 live_orders=0 tested_orders=0
[HEARTBEAT] events=7650 decisions=4 live_orders=0 tested_orders=0
[HEARTBEAT] events=7675 decisions=4 live_orders=0 tested_orders=0
[HEARTBEAT] events=7700 decisions=4 live_orders=0 tested_orders=0
[HEARTBEAT] events=7725 decisions=4 live_orders=0 tested_orders=0
[HEARTBEAT] events=7750 decisions=4 live_orders=0 tested_orders=0
[HEARTBEAT] events=7775 decisions=4 live_orders=0 tested_orders=0
[HEARTBEAT] events=7800 decisions=4 live_orders=0 tested_orders=0
[HEARTBEAT] events=7825 decisions=4 live_orders=0 tested_orders=0
[HEARTBEAT] events=7850 decisions=4 live_orders=0 tested_orders=0
[HEARTBEAT] events=7875 decisions=4 live_orders=0 tested_orders=0
[HEARTBEAT] events=7900 decisions=4 live_orders=0 tested_orders=0
[HEARTBEAT] events=7925 decisions=4 live_orders=0 tested_orders=0
[HEARTBEAT] events=7950 decisions=4 live_orders=0 tested_orders=0
[HEARTBEAT] events=7975 decisions=4 live_orders=0 tested_orders=0
[HEARTBEAT] events=8000 decisions=4 live_orders=0 tested_orders=0
[HEARTBEAT] events=8025 decisions=4 live_orders=0 tested_orders=0
[HEARTBEAT] events=8050 decisions=4 live_orders=0 tested_orders=0
[HEARTBEAT] events=8075 decisions=4 live_orders=0 tested_orders=0
[HEARTBEAT] events=8100 decisions=4 live_orders=0 tested_orders=0
[HEARTBEAT] events=8125 decisions=4 live_orders=0 tested_orders=0
[HEARTBEAT] events=8150 decisions=4 live_orders=0 tested_orders=0
[HEARTBEAT] events=8175 decisions=4 live_orders=0 tested_orders=0
[HEARTBEAT] events=8200 decisions=4 live_orders=0 tested_orders=0
[HEARTBEAT] events=8225 decisions=4 live_orders=0 tested_orders=0
[HEARTBEAT] events=8250 decisions=4 live_orders=0 tested_orders=0
[HEARTBEAT] events=8275 decisions=4 live_orders=0 tested_orders=0
[HEARTBEAT] events=8300 decisions=4 live_orders=0 tested_orders=0
[HEARTBEAT] events=8325 decisions=4 live_orders=0 tested_orders=0
[HEARTBEAT] events=8350 decisions=4 live_orders=0 tested_orders=0
[HEARTBEAT] events=8375 decisions=4 live_orders=0 tested_orders=0
[HEARTBEAT] events=8400 decisions=4 live_orders=0 tested_orders=0
[HEARTBEAT] events=8425 decisions=4 live_orders=0 tested_orders=0
[HEARTBEAT] events=8450 decisions=4 live_orders=0 tested_orders=0
[HEARTBEAT] events=8475 decisions=4 live_orders=0 tested_orders=0
[HEARTBEAT] events=8500 decisions=4 live_orders=0 tested_orders=0
[HEARTBEAT] events=8525 decisions=4 live_orders=0 tested_orders=0
[HEARTBEAT] events=8550 decisions=4 live_orders=0 tested_orders=0
[HEARTBEAT] events=8575 decisions=4 live_orders=0 tested_orders=0
[HEARTBEAT] events=8600 decisions=4 live_orders=0 tested_orders=0
[HEARTBEAT] events=8625 decisions=4 live_orders=0 tested_orders=0
[HEARTBEAT] events=8650 decisions=4 live_orders=0 tested_orders=0
[HEARTBEAT] events=8675 decisions=4 live_orders=0 tested_orders=0
[HEARTBEAT] events=8700 decisions=4 live_orders=0 tested_orders=0
[HEARTBEAT] events=8725 decisions=4 live_orders=0 tested_orders=0
[HEARTBEAT] events=8750 decisions=4 live_orders=0 tested_orders=0
[HEARTBEAT] events=8775 decisions=4 live_orders=0 tested_orders=0
[HEARTBEAT] events=8800 decisions=4 live_orders=0 tested_orders=0
[HEARTBEAT] events=8825 decisions=4 live_orders=0 tested_orders=0
[HEARTBEAT] events=8850 decisions=4 live_orders=0 tested_orders=0
[HEARTBEAT] events=8875 decisions=4 live_orders=0 tested_orders=0
[HEARTBEAT] events=8900 decisions=4 live_orders=0 tested_orders=0
[HEARTBEAT] events=8925 decisions=4 live_orders=0 tested_orders=0
[HEARTBEAT] events=8950 decisions=4 live_orders=0 tested_orders=0
[HEARTBEAT] events=8975 decisions=4 live_orders=0 tested_orders=0
[HEARTBEAT] events=9000 decisions=4 live_orders=0 tested_orders=0
[HEARTBEAT] events=9025 decisions=4 live_orders=0 tested_orders=0
[HEARTBEAT] events=9050 decisions=4 live_orders=0 tested_orders=0
[HEARTBEAT] events=9075 decisions=4 live_orders=0 tested_orders=0
[HEARTBEAT] events=9100 decisions=4 live_orders=0 tested_orders=0
[HEARTBEAT] events=9125 decisions=4 live_orders=0 tested_orders=0
[HEARTBEAT] events=9150 decisions=4 live_orders=0 tested_orders=0
[HEARTBEAT] events=9175 decisions=4 live_orders=0 tested_orders=0
[HEARTBEAT] events=9200 decisions=4 live_orders=0 tested_orders=0
[HEARTBEAT] events=9225 decisions=4 live_orders=0 tested_orders=0
[HEARTBEAT] events=9250 decisions=4 live_orders=0 tested_orders=0
[HEARTBEAT] events=9275 decisions=4 live_orders=0 tested_orders=0
[HEARTBEAT] events=9300 decisions=4 live_orders=0 tested_orders=0
[HEARTBEAT] events=9325 decisions=4 live_orders=0 tested_orders=0
[HEARTBEAT] events=9350 decisions=4 live_orders=0 tested_orders=0
[HEARTBEAT] events=9375 decisions=4 live_orders=0 tested_orders=0
[HEARTBEAT] events=9400 decisions=4 live_orders=0 tested_orders=0
[HEARTBEAT] events=9425 decisions=4 live_orders=0 tested_orders=0
[HEARTBEAT] events=9450 decisions=4 live_orders=0 tested_orders=0
[HEARTBEAT] events=9475 decisions=4 live_orders=0 tested_orders=0
[HEARTBEAT] events=9500 decisions=4 live_orders=0 tested_orders=0
[HEARTBEAT] events=9525 decisions=4 live_orders=0 tested_orders=0
[HEARTBEAT] events=9550 decisions=4 live_orders=0 tested_orders=0
[HEARTBEAT] events=9575 decisions=4 live_orders=0 tested_orders=0
[HEARTBEAT] events=9600 decisions=4 live_orders=0 tested_orders=0
[HEARTBEAT] events=9625 decisions=4 live_orders=0 tested_orders=0
[HEARTBEAT] events=9650 decisions=4 live_orders=0 tested_orders=0
[HEARTBEAT] events=9675 decisions=4 live_orders=0 tested_orders=0
[HEARTBEAT] events=9700 decisions=4 live_orders=0 tested_orders=0
[HEARTBEAT] events=9725 decisions=4 live_orders=0 tested_orders=0
[HEARTBEAT] events=9750 decisions=4 live_orders=0 tested_orders=0
[HEARTBEAT] events=9775 decisions=4 live_orders=0 tested_orders=0
[HEARTBEAT] events=9800 decisions=4 live_orders=0 tested_orders=0
[HEARTBEAT] events=9825 decisions=4 live_orders=0 tested_orders=0
[HEARTBEAT] events=9850 decisions=4 live_orders=0 tested_orders=0
[HEARTBEAT] events=9875 decisions=4 live_orders=0 tested_orders=0
[HEARTBEAT] events=9900 decisions=4 live_orders=0 tested_orders=0
[HEARTBEAT] events=9925 decisions=4 live_orders=0 tested_orders=0
[HEARTBEAT] events=9950 decisions=4 live_orders=0 tested_orders=0
[HEARTBEAT] events=9975 decisions=4 live_orders=0 tested_orders=0
[HEARTBEAT] events=10000 decisions=4 live_orders=0 tested_orders=0
[HEARTBEAT] events=10025 decisions=4 live_orders=0 tested_orders=0
[HEARTBEAT] events=10050 decisions=4 live_orders=0 tested_orders=0
[HEARTBEAT] events=10075 decisions=4 live_orders=0 tested_orders=0
[HEARTBEAT] events=10100 decisions=4 live_orders=0 tested_orders=0
[HEARTBEAT] events=10125 decisions=4 live_orders=0 tested_orders=0
[HEARTBEAT] events=10150 decisions=4 live_orders=0 tested_orders=0
[HEARTBEAT] events=10175 decisions=4 live_orders=0 tested_orders=0
[HEARTBEAT] events=10200 decisions=4 live_orders=0 tested_orders=0
[HEARTBEAT] events=10225 decisions=4 live_orders=0 tested_orders=0
[HEARTBEAT] events=10250 decisions=4 live_orders=0 tested_orders=0
[HEARTBEAT] events=10275 decisions=4 live_orders=0 tested_orders=0
[HEARTBEAT] events=10300 decisions=4 live_orders=0 tested_orders=0
[HEARTBEAT] events=10325 decisions=4 live_orders=0 tested_orders=0
[HEARTBEAT] events=10350 decisions=4 live_orders=0 tested_orders=0
[HEARTBEAT] events=10375 decisions=4 live_orders=0 tested_orders=0
[HEARTBEAT] events=10400 decisions=4 live_orders=0 tested_orders=0
[HEARTBEAT] events=10425 decisions=4 live_orders=0 tested_orders=0
[HEARTBEAT] events=10450 decisions=4 live_orders=0 tested_orders=0
[HEARTBEAT] events=10475 decisions=4 live_orders=0 tested_orders=0
[HEARTBEAT] events=10500 decisions=4 live_orders=0 tested_orders=0
[HEARTBEAT] events=10525 decisions=4 live_orders=0 tested_orders=0
[HEARTBEAT] events=10550 decisions=4 live_orders=0 tested_orders=0
[HEARTBEAT] events=10575 decisions=4 live_orders=0 tested_orders=0
[HEARTBEAT] events=10600 decisions=4 live_orders=0 tested_orders=0
[HEARTBEAT] events=10625 decisions=4 live_orders=0 tested_orders=0
[HEARTBEAT] events=10650 decisions=4 live_orders=0 tested_orders=0
[HEARTBEAT] events=10675 decisions=4 live_orders=0 tested_orders=0
[HEARTBEAT] events=10700 decisions=4 live_orders=0 tested_orders=0
[HEARTBEAT] events=10725 decisions=4 live_orders=0 tested_orders=0
[HEARTBEAT] events=10750 decisions=4 live_orders=0 tested_orders=0
[HEARTBEAT] events=10775 decisions=4 live_orders=0 tested_orders=0
[HEARTBEAT] events=10800 decisions=4 live_orders=0 tested_orders=0
[HEARTBEAT] events=10825 decisions=4 live_orders=0 tested_orders=0
[HEARTBEAT] events=10850 decisions=4 live_orders=0 tested_orders=0
[HEARTBEAT] events=10875 decisions=4 live_orders=0 tested_orders=0
[HEARTBEAT] events=10900 decisions=4 live_orders=0 tested_orders=0
[HEARTBEAT] events=10925 decisions=4 live_orders=0 tested_orders=0
[HEARTBEAT] events=10950 decisions=4 live_orders=0 tested_orders=0
[HEARTBEAT] events=10975 decisions=4 live_orders=0 tested_orders=0
[HEARTBEAT] events=11000 decisions=4 live_orders=0 tested_orders=0
[HEARTBEAT] events=11025 decisions=4 live_orders=0 tested_orders=0
[HEARTBEAT] events=11050 decisions=4 live_orders=0 tested_orders=0
[HEARTBEAT] events=11075 decisions=4 live_orders=0 tested_orders=0
[HEARTBEAT] events=11100 decisions=4 live_orders=0 tested_orders=0
[HEARTBEAT] events=11125 decisions=4 live_orders=0 tested_orders=0
[HEARTBEAT] events=11150 decisions=4 live_orders=0 tested_orders=0
[HEARTBEAT] events=11175 decisions=4 live_orders=0 tested_orders=0
[HEARTBEAT] events=11200 decisions=4 live_orders=0 tested_orders=0
[HEARTBEAT] events=11225 decisions=4 live_orders=0 tested_orders=0
[HEARTBEAT] events=11250 decisions=4 live_orders=0 tested_orders=0
[HEARTBEAT] events=11275 decisions=4 live_orders=0 tested_orders=0
[HEARTBEAT] events=11300 decisions=4 live_orders=0 tested_orders=0
[HEARTBEAT] events=11325 decisions=4 live_orders=0 tested_orders=0
[HEARTBEAT] events=11350 decisions=4 live_orders=0 tested_orders=0
[HEARTBEAT] events=11375 decisions=4 live_orders=0 tested_orders=0
[HEARTBEAT] events=11400 decisions=4 live_orders=0 tested_orders=0
[HEARTBEAT] events=11425 decisions=4 live_orders=0 tested_orders=0
[HEARTBEAT] events=11450 decisions=4 live_orders=0 tested_orders=0
[HEARTBEAT] events=11475 decisions=4 live_orders=0 tested_orders=0
[HEARTBEAT] events=11500 decisions=4 live_orders=0 tested_orders=0
[HEARTBEAT] events=11525 decisions=4 live_orders=0 tested_orders=0
[HEARTBEAT] events=11550 decisions=4 live_orders=0 tested_orders=0
[HEARTBEAT] events=11575 decisions=4 live_orders=0 tested_orders=0
[HEARTBEAT] events=11600 decisions=4 live_orders=0 tested_orders=0
[HEARTBEAT] events=11625 decisions=4 live_orders=0 tested_orders=0
[HEARTBEAT] events=11650 decisions=4 live_orders=0 tested_orders=0
[HEARTBEAT] events=11675 decisions=4 live_orders=0 tested_orders=0
[HEARTBEAT] events=11700 decisions=4 live_orders=0 tested_orders=0
[HEARTBEAT] events=11725 decisions=4 live_orders=0 tested_orders=0
[HEARTBEAT] events=11750 decisions=4 live_orders=0 tested_orders=0
[HEARTBEAT] events=11775 decisions=4 live_orders=0 tested_orders=0
[HEARTBEAT] events=11800 decisions=4 live_orders=0 tested_orders=0
[HEARTBEAT] events=11825 decisions=4 live_orders=0 tested_orders=0
[HEARTBEAT] events=11850 decisions=4 live_orders=0 tested_orders=0
[HEARTBEAT] events=11875 decisions=4 live_orders=0 tested_orders=0
[HEARTBEAT] events=11900 decisions=4 live_orders=0 tested_orders=0
[HEARTBEAT] events=11925 decisions=4 live_orders=0 tested_orders=0
[HEARTBEAT] events=11950 decisions=4 live_orders=0 tested_orders=0
[HEARTBEAT] events=11975 decisions=4 live_orders=0 tested_orders=0
[HEARTBEAT] events=12000 decisions=4 live_orders=0 tested_orders=0
[HEARTBEAT] events=12025 decisions=4 live_orders=0 tested_orders=0
[HEARTBEAT] events=12050 decisions=4 live_orders=0 tested_orders=0
[HEARTBEAT] events=12075 decisions=4 live_orders=0 tested_orders=0
[HEARTBEAT] events=12100 decisions=4 live_orders=0 tested_orders=0
[HEARTBEAT] events=12125 decisions=4 live_orders=0 tested_orders=0
[HEARTBEAT] events=12150 decisions=4 live_orders=0 tested_orders=0
[HEARTBEAT] events=12175 decisions=4 live_orders=0 tested_orders=0
[HEARTBEAT] events=12200 decisions=4 live_orders=0 tested_orders=0
[HEARTBEAT] events=12225 decisions=4 live_orders=0 tested_orders=0
[HEARTBEAT] events=12250 decisions=4 live_orders=0 tested_orders=0
[HEARTBEAT] events=12275 decisions=4 live_orders=0 tested_orders=0
[HEARTBEAT] events=12300 decisions=4 live_orders=0 tested_orders=0
[HEARTBEAT] events=12325 decisions=4 live_orders=0 tested_orders=0
[HEARTBEAT] events=12350 decisions=4 live_orders=0 tested_orders=0
[HEARTBEAT] events=12375 decisions=4 live_orders=0 tested_orders=0
[HEARTBEAT] events=12400 decisions=4 live_orders=0 tested_orders=0
[HEARTBEAT] events=12425 decisions=4 live_orders=0 tested_orders=0
[HEARTBEAT] events=12450 decisions=4 live_orders=0 tested_orders=0
[HEARTBEAT] events=12475 decisions=4 live_orders=0 tested_orders=0
[HEARTBEAT] events=12500 decisions=4 live_orders=0 tested_orders=0
[HEARTBEAT] events=12525 decisions=4 live_orders=0 tested_orders=0
[HEARTBEAT] events=12550 decisions=4 live_orders=0 tested_orders=0
[HEARTBEAT] events=12575 decisions=4 live_orders=0 tested_orders=0
[HEARTBEAT] events=12600 decisions=4 live_orders=0 tested_orders=0
[HEARTBEAT] events=12625 decisions=4 live_orders=0 tested_orders=0
[HEARTBEAT] events=12650 decisions=4 live_orders=0 tested_orders=0
[HEARTBEAT] events=12675 decisions=4 live_orders=0 tested_orders=0
[HEARTBEAT] events=12700 decisions=4 live_orders=0 tested_orders=0
[HEARTBEAT] events=12725 decisions=4 live_orders=0 tested_orders=0
[HEARTBEAT] events=12750 decisions=4 live_orders=0 tested_orders=0
[HEARTBEAT] events=12775 decisions=4 live_orders=0 tested_orders=0
[HEARTBEAT] events=12800 decisions=4 live_orders=0 tested_orders=0
[HEARTBEAT] events=12825 decisions=4 live_orders=0 tested_orders=0
[HEARTBEAT] events=12850 decisions=4 live_orders=0 tested_orders=0
[HEARTBEAT] events=12875 decisions=4 live_orders=0 tested_orders=0
[HEARTBEAT] events=12900 decisions=4 live_orders=0 tested_orders=0
[HEARTBEAT] events=12925 decisions=4 live_orders=0 tested_orders=0
[HEARTBEAT] events=12950 decisions=4 live_orders=0 tested_orders=0
[HEARTBEAT] events=12975 decisions=4 live_orders=0 tested_orders=0
[HEARTBEAT] events=13000 decisions=4 live_orders=0 tested_orders=0
[HEARTBEAT] events=13025 decisions=4 live_orders=0 tested_orders=0
[HEARTBEAT] events=13050 decisions=4 live_orders=0 tested_orders=0
[HEARTBEAT] events=13075 decisions=4 live_orders=0 tested_orders=0
[HEARTBEAT] events=13100 decisions=4 live_orders=0 tested_orders=0
[HEARTBEAT] events=13125 decisions=4 live_orders=0 tested_orders=0
[HEARTBEAT] events=13150 decisions=4 live_orders=0 tested_orders=0
[HEARTBEAT] events=13175 decisions=4 live_orders=0 tested_orders=0
[HEARTBEAT] events=13200 decisions=4 live_orders=0 tested_orders=0
[HEARTBEAT] events=13225 decisions=4 live_orders=0 tested_orders=0
[HEARTBEAT] events=13250 decisions=4 live_orders=0 tested_orders=0
[HEARTBEAT] events=13275 decisions=4 live_orders=0 tested_orders=0
[HEARTBEAT] events=13300 decisions=4 live_orders=0 tested_orders=0
[HEARTBEAT] events=13325 decisions=4 live_orders=0 tested_orders=0
[HEARTBEAT] events=13350 decisions=4 live_orders=0 tested_orders=0
[HEARTBEAT] events=13375 decisions=4 live_orders=0 tested_orders=0
[HEARTBEAT] events=13400 decisions=4 live_orders=0 tested_orders=0
[HEARTBEAT] events=13425 decisions=4 live_orders=0 tested_orders=0
[HEARTBEAT] events=13450 decisions=4 live_orders=0 tested_orders=0
[HEARTBEAT] events=13475 decisions=4 live_orders=0 tested_orders=0
[HEARTBEAT] events=13500 decisions=4 live_orders=0 tested_orders=0
[HEARTBEAT] events=13525 decisions=4 live_orders=0 tested_orders=0
[HEARTBEAT] events=13550 decisions=4 live_orders=0 tested_orders=0
[HEARTBEAT] events=13575 decisions=4 live_orders=0 tested_orders=0
[HEARTBEAT] events=13600 decisions=4 live_orders=0 tested_orders=0
[HEARTBEAT] events=13625 decisions=4 live_orders=0 tested_orders=0
[HEARTBEAT] events=13650 decisions=4 live_orders=0 tested_orders=0
[HEARTBEAT] events=13675 decisions=4 live_orders=0 tested_orders=0
[HEARTBEAT] events=13700 decisions=4 live_orders=0 tested_orders=0
[HEARTBEAT] events=13725 decisions=4 live_orders=0 tested_orders=0
[HEARTBEAT] events=13750 decisions=4 live_orders=0 tested_orders=0
[HEARTBEAT] events=13775 decisions=4 live_orders=0 tested_orders=0
[HEARTBEAT] events=13800 decisions=4 live_orders=0 tested_orders=0
[HEARTBEAT] events=13825 decisions=4 live_orders=0 tested_orders=0
[HEARTBEAT] events=13850 decisions=4 live_orders=0 tested_orders=0
[HEARTBEAT] events=13875 decisions=4 live_orders=0 tested_orders=0
[HEARTBEAT] events=13900 decisions=4 live_orders=0 tested_orders=0
[HEARTBEAT] events=13925 decisions=4 live_orders=0 tested_orders=0
[HEARTBEAT] events=13950 decisions=4 live_orders=0 tested_orders=0
[HEARTBEAT] events=13975 decisions=4 live_orders=0 tested_orders=0
[HEARTBEAT] events=14000 decisions=4 live_orders=0 tested_orders=0
[HEARTBEAT] events=14025 decisions=4 live_orders=0 tested_orders=0
[HEARTBEAT] events=14050 decisions=4 live_orders=0 tested_orders=0
[HEARTBEAT] events=14075 decisions=4 live_orders=0 tested_orders=0
[HEARTBEAT] events=14100 decisions=4 live_orders=0 tested_orders=0
[HEARTBEAT] events=14125 decisions=4 live_orders=0 tested_orders=0
[HEARTBEAT] events=14150 decisions=4 live_orders=0 tested_orders=0
[HEARTBEAT] events=14175 decisions=4 live_orders=0 tested_orders=0
[HEARTBEAT] events=14200 decisions=4 live_orders=0 tested_orders=0
[HEARTBEAT] events=14225 decisions=4 live_orders=0 tested_orders=0
[HEARTBEAT] events=14250 decisions=4 live_orders=0 tested_orders=0
[HEARTBEAT] events=14275 decisions=4 live_orders=0 tested_orders=0
[HEARTBEAT] events=14300 decisions=4 live_orders=0 tested_orders=0
[HEARTBEAT] events=14325 decisions=4 live_orders=0 tested_orders=0
[HEARTBEAT] events=14350 decisions=4 live_orders=0 tested_orders=0
[HEARTBEAT] events=14375 decisions=4 live_orders=0 tested_orders=0
[HEARTBEAT] events=14400 decisions=4 live_orders=0 tested_orders=0
[HEARTBEAT] events=14425 decisions=4 live_orders=0 tested_orders=0
[HEARTBEAT] events=14450 decisions=4 live_orders=0 tested_orders=0
[HEARTBEAT] events=14475 decisions=4 live_orders=0 tested_orders=0
[HEARTBEAT] events=14500 decisions=4 live_orders=0 tested_orders=0
[HEARTBEAT] events=14525 decisions=4 live_orders=0 tested_orders=0
[HEARTBEAT] events=14550 decisions=4 live_orders=0 tested_orders=0
[HEARTBEAT] events=14575 decisions=4 live_orders=0 tested_orders=0
[HEARTBEAT] events=14600 decisions=4 live_orders=0 tested_orders=0
[HEARTBEAT] events=14625 decisions=4 live_orders=0 tested_orders=0
[HEARTBEAT] events=14650 decisions=4 live_orders=0 tested_orders=0
[HEARTBEAT] events=14675 decisions=4 live_orders=0 tested_orders=0
[HEARTBEAT] events=14700 decisions=4 live_orders=0 tested_orders=0
[HEARTBEAT] events=14725 decisions=4 live_orders=0 tested_orders=0
[HEARTBEAT] events=14750 decisions=4 live_orders=0 tested_orders=0
[HEARTBEAT] events=14775 decisions=4 live_orders=0 tested_orders=0
[HEARTBEAT] events=14800 decisions=4 live_orders=0 tested_orders=0
[HEARTBEAT] events=14825 decisions=4 live_orders=0 tested_orders=0
[HEARTBEAT] events=14850 decisions=4 live_orders=0 tested_orders=0
[HEARTBEAT] events=14875 decisions=4 live_orders=0 tested_orders=0
[HEARTBEAT] events=14900 decisions=4 live_orders=0 tested_orders=0
[HEARTBEAT] events=14925 decisions=4 live_orders=0 tested_orders=0
[HEARTBEAT] events=14950 decisions=4 live_orders=0 tested_orders=0
[HEARTBEAT] events=14975 decisions=4 live_orders=0 tested_orders=0
[HEARTBEAT] events=15000 decisions=4 live_orders=0 tested_orders=0
[HEARTBEAT] events=15025 decisions=4 live_orders=0 tested_orders=0
[HEARTBEAT] events=15050 decisions=4 live_orders=0 tested_orders=0
[HEARTBEAT] events=15075 decisions=4 live_orders=0 tested_orders=0
[HEARTBEAT] events=15100 decisions=4 live_orders=0 tested_orders=0
[HEARTBEAT] events=15125 decisions=4 live_orders=0 tested_orders=0
[SYNC] 2026-04-20T02:58:46.235102+00:00 account/open-order snapshot refreshed
[HEARTBEAT] events=15150 decisions=4 live_orders=0 tested_orders=0
[HEARTBEAT] events=15175 decisions=4 live_orders=0 tested_orders=0
[HEARTBEAT] events=15200 decisions=4 live_orders=0 tested_orders=0
[HEARTBEAT] events=15225 decisions=4 live_orders=0 tested_orders=0
[HEARTBEAT] events=15250 decisions=4 live_orders=0 tested_orders=0
[HEARTBEAT] events=15275 decisions=4 live_orders=0 tested_orders=0
[HEARTBEAT] events=15300 decisions=4 live_orders=0 tested_orders=0
[HEARTBEAT] events=15325 decisions=4 live_orders=0 tested_orders=0
[HEARTBEAT] events=15350 decisions=4 live_orders=0 tested_orders=0
[HEARTBEAT] events=15375 decisions=4 live_orders=0 tested_orders=0
[HEARTBEAT] events=15400 decisions=4 live_orders=0 tested_orders=0
[HEARTBEAT] events=15425 decisions=4 live_orders=0 tested_orders=0
[HEARTBEAT] events=15450 decisions=4 live_orders=0 tested_orders=0
[HEARTBEAT] events=15475 decisions=4 live_orders=0 tested_orders=0
[HEARTBEAT] events=15500 decisions=4 live_orders=0 tested_orders=0
[HEARTBEAT] events=15525 decisions=4 live_orders=0 tested_orders=0
[HEARTBEAT] events=15550 decisions=4 live_orders=0 tested_orders=0
[HEARTBEAT] events=15575 decisions=4 live_orders=0 tested_orders=0
[HEARTBEAT] events=15600 decisions=4 live_orders=0 tested_orders=0
[HEARTBEAT] events=15625 decisions=4 live_orders=0 tested_orders=0
[HEARTBEAT] events=15650 decisions=4 live_orders=0 tested_orders=0
[HEARTBEAT] events=15675 decisions=4 live_orders=0 tested_orders=0
[HEARTBEAT] events=15700 decisions=4 live_orders=0 tested_orders=0
[HEARTBEAT] events=15725 decisions=4 live_orders=0 tested_orders=0
[HEARTBEAT] events=15750 decisions=4 live_orders=0 tested_orders=0
[HEARTBEAT] events=15775 decisions=4 live_orders=0 tested_orders=0
[HEARTBEAT] events=15800 decisions=4 live_orders=0 tested_orders=0
[HEARTBEAT] events=15825 decisions=4 live_orders=0 tested_orders=0
[HEARTBEAT] events=15850 decisions=4 live_orders=0 tested_orders=0
[HEARTBEAT] events=15875 decisions=4 live_orders=0 tested_orders=0
[HEARTBEAT] events=15900 decisions=4 live_orders=0 tested_orders=0
[HEARTBEAT] events=15925 decisions=4 live_orders=0 tested_orders=0
[HEARTBEAT] events=15950 decisions=4 live_orders=0 tested_orders=0
[HEARTBEAT] events=15975 decisions=4 live_orders=0 tested_orders=0
[HEARTBEAT] events=16000 decisions=4 live_orders=0 tested_orders=0
[HEARTBEAT] events=16025 decisions=4 live_orders=0 tested_orders=0
[HEARTBEAT] events=16050 decisions=4 live_orders=0 tested_orders=0
[HEARTBEAT] events=16075 decisions=4 live_orders=0 tested_orders=0
[HEARTBEAT] events=16100 decisions=4 live_orders=0 tested_orders=0
[HEARTBEAT] events=16125 decisions=4 live_orders=0 tested_orders=0
[HEARTBEAT] events=16150 decisions=4 live_orders=0 tested_orders=0
[HEARTBEAT] events=16175 decisions=4 live_orders=0 tested_orders=0
[HEARTBEAT] events=16200 decisions=4 live_orders=0 tested_orders=0
[HEARTBEAT] events=16225 decisions=4 live_orders=0 tested_orders=0
[HEARTBEAT] events=16250 decisions=4 live_orders=0 tested_orders=0
[HEARTBEAT] events=16275 decisions=4 live_orders=0 tested_orders=0
[HEARTBEAT] events=16300 decisions=4 live_orders=0 tested_orders=0
[HEARTBEAT] events=16325 decisions=4 live_orders=0 tested_orders=0
[HEARTBEAT] events=16350 decisions=4 live_orders=0 tested_orders=0
[HEARTBEAT] events=16375 decisions=4 live_orders=0 tested_orders=0
[HEARTBEAT] events=16400 decisions=4 live_orders=0 tested_orders=0
[HEARTBEAT] events=16425 decisions=4 live_orders=0 tested_orders=0
[HEARTBEAT] events=16450 decisions=4 live_orders=0 tested_orders=0
[HEARTBEAT] events=16475 decisions=4 live_orders=0 tested_orders=0
[HEARTBEAT] events=16500 decisions=4 live_orders=0 tested_orders=0
[HEARTBEAT] events=16525 decisions=4 live_orders=0 tested_orders=0
[HEARTBEAT] events=16550 decisions=4 live_orders=0 tested_orders=0
[HEARTBEAT] events=16575 decisions=4 live_orders=0 tested_orders=0
[HEARTBEAT] events=16600 decisions=4 live_orders=0 tested_orders=0
[HEARTBEAT] events=16625 decisions=4 live_orders=0 tested_orders=0
[HEARTBEAT] events=16650 decisions=4 live_orders=0 tested_orders=0
[HEARTBEAT] events=16675 decisions=4 live_orders=0 tested_orders=0
[HEARTBEAT] events=16700 decisions=4 live_orders=0 tested_orders=0
[HEARTBEAT] events=16725 decisions=4 live_orders=0 tested_orders=0
[HEARTBEAT] events=16750 decisions=4 live_orders=0 tested_orders=0
[HEARTBEAT] events=16775 decisions=4 live_orders=0 tested_orders=0
[HEARTBEAT] events=16800 decisions=4 live_orders=0 tested_orders=0
[HEARTBEAT] events=16825 decisions=4 live_orders=0 tested_orders=0
[HEARTBEAT] events=16850 decisions=4 live_orders=0 tested_orders=0
[HEARTBEAT] events=16875 decisions=4 live_orders=0 tested_orders=0
[HEARTBEAT] events=16900 decisions=4 live_orders=0 tested_orders=0
[HEARTBEAT] events=16925 decisions=4 live_orders=0 tested_orders=0
[HEARTBEAT] events=16950 decisions=4 live_orders=0 tested_orders=0
[HEARTBEAT] events=16975 decisions=4 live_orders=0 tested_orders=0
[HEARTBEAT] events=17000 decisions=4 live_orders=0 tested_orders=0
[HEARTBEAT] events=17025 decisions=4 live_orders=0 tested_orders=0
[HEARTBEAT] events=17050 decisions=4 live_orders=0 tested_orders=0
[HEARTBEAT] events=17075 decisions=4 live_orders=0 tested_orders=0
[HEARTBEAT] events=17100 decisions=4 live_orders=0 tested_orders=0
[HEARTBEAT] events=17125 decisions=4 live_orders=0 tested_orders=0
[HEARTBEAT] events=17150 decisions=4 live_orders=0 tested_orders=0
[HEARTBEAT] events=17175 decisions=4 live_orders=0 tested_orders=0
[DECISION] 2026-04-20T02:59:00+00:00 DOGEUSDT mode=futures side=long score=60.39
[SUBMISSION_GATE] DOGEUSDT allow=True can_open=True existing=no pending_external=False order_cooldown=False manual_cooldown=False live_allowed=True
[EXEC_PREFLIGHT] DOGEUSDT allow=True live_allowed=True managed=futures:129.79 prepared=cash:0.00 reasons=EXECUTIVE_OPERATING_VERDICT_ROLLBACK,LIVE_EVIDENCE_REJUDGE_WAITING
[DECISION] 2026-04-20T02:59:00+00:00 ETHUSDT mode=futures side=long score=72.28
[SUBMISSION_GATE] ETHUSDT allow=True can_open=True existing=no pending_external=False order_cooldown=False manual_cooldown=False live_allowed=True
[EXEC_PREFLIGHT] ETHUSDT allow=True live_allowed=True managed=futures:129.79 prepared=cash:0.00 reasons=EXECUTIVE_OPERATING_VERDICT_ROLLBACK,LIVE_EVIDENCE_REJUDGE_WAITING
[DECISION] 2026-04-20T02:59:00+00:00 PEPEUSDT mode=cash side=flat score=58.19
[SUBMISSION_GATE] PEPEUSDT allow=False can_open=True existing=no pending_external=False order_cooldown=False manual_cooldown=False live_allowed=True
[EXEC_PREFLIGHT] PEPEUSDT allow=False live_allowed=True managed=cash:0.00 prepared=cash:0.00 reasons=EDGE_BELOW_COST,EDGE_TOO_THIN,LIQUIDITY_TOO_WEAK,SCORE_TOO_LOW,SENTIMENT_CAUTION,SUPPORT_NOT_CONFIRMED
[DECISION] 2026-04-20T02:59:00+00:00 SOLUSDT mode=futures side=long score=61.00
[SUBMISSION_GATE] SOLUSDT allow=True can_open=True existing=no pending_external=False order_cooldown=False manual_cooldown=False live_allowed=True
[EXEC_PREFLIGHT] SOLUSDT allow=True live_allowed=True managed=futures:129.79 prepared=cash:0.00 reasons=EXECUTIVE_OPERATING_VERDICT_ROLLBACK,LIVE_EVIDENCE_REJUDGE_WAITING
[HEARTBEAT] events=17200 decisions=8 live_orders=0 tested_orders=0
[HEARTBEAT] events=17225 decisions=8 live_orders=0 tested_orders=0
[HEARTBEAT] events=17250 decisions=8 live_orders=0 tested_orders=0
[HEARTBEAT] events=17275 decisions=8 live_orders=0 tested_orders=0
[HEARTBEAT] events=17300 decisions=8 live_orders=0 tested_orders=0
[HEARTBEAT] events=17325 decisions=8 live_orders=0 tested_orders=0
[HEARTBEAT] events=17350 decisions=8 live_orders=0 tested_orders=0
[HEARTBEAT] events=17375 decisions=8 live_orders=0 tested_orders=0
[HEARTBEAT] events=17400 decisions=8 live_orders=0 tested_orders=0
[HEARTBEAT] events=17425 decisions=8 live_orders=0 tested_orders=0
[HEARTBEAT] events=17450 decisions=8 live_orders=0 tested_orders=0
[HEARTBEAT] events=17475 decisions=8 live_orders=0 tested_orders=0
[HEARTBEAT] events=17500 decisions=8 live_orders=0 tested_orders=0
[HEARTBEAT] events=17525 decisions=8 live_orders=0 tested_orders=0
[HEARTBEAT] events=17550 decisions=8 live_orders=0 tested_orders=0
[HEARTBEAT] events=17575 decisions=8 live_orders=0 tested_orders=0
[HEARTBEAT] events=17600 decisions=8 live_orders=0 tested_orders=0
[HEARTBEAT] events=17625 decisions=8 live_orders=0 tested_orders=0
[HEARTBEAT] events=17650 decisions=8 live_orders=0 tested_orders=0
[HEARTBEAT] events=17675 decisions=8 live_orders=0 tested_orders=0
[HEARTBEAT] events=17700 decisions=8 live_orders=0 tested_orders=0
[HEARTBEAT] events=17725 decisions=8 live_orders=0 tested_orders=0
[HEARTBEAT] events=17750 decisions=8 live_orders=0 tested_orders=0
[HEARTBEAT] events=17775 decisions=8 live_orders=0 tested_orders=0
[HEARTBEAT] events=17800 decisions=8 live_orders=0 tested_orders=0
[HEARTBEAT] events=17825 decisions=8 live_orders=0 tested_orders=0
[HEARTBEAT] events=17850 decisions=8 live_orders=0 tested_orders=0
[HEARTBEAT] events=17875 decisions=8 live_orders=0 tested_orders=0
[HEARTBEAT] events=17900 decisions=8 live_orders=0 tested_orders=0
[HEARTBEAT] events=17925 decisions=8 live_orders=0 tested_orders=0
[HEARTBEAT] events=17950 decisions=8 live_orders=0 tested_orders=0
[HEARTBEAT] events=17975 decisions=8 live_orders=0 tested_orders=0
[HEARTBEAT] events=18000 decisions=8 live_orders=0 tested_orders=0
[HEARTBEAT] events=18025 decisions=8 live_orders=0 tested_orders=0
[HEARTBEAT] events=18050 decisions=8 live_orders=0 tested_orders=0
[HEARTBEAT] events=18075 decisions=8 live_orders=0 tested_orders=0
[HEARTBEAT] events=18100 decisions=8 live_orders=0 tested_orders=0
[HEARTBEAT] events=18125 decisions=8 live_orders=0 tested_orders=0
[HEARTBEAT] events=18150 decisions=8 live_orders=0 tested_orders=0
[HEARTBEAT] events=18175 decisions=8 live_orders=0 tested_orders=0
[HEARTBEAT] events=18200 decisions=8 live_orders=0 tested_orders=0
[HEARTBEAT] events=18225 decisions=8 live_orders=0 tested_orders=0
[HEARTBEAT] events=18250 decisions=8 live_orders=0 tested_orders=0
[HEARTBEAT] events=18275 decisions=8 live_orders=0 tested_orders=0
[HEARTBEAT] events=18300 decisions=8 live_orders=0 tested_orders=0
[HEARTBEAT] events=18325 decisions=8 live_orders=0 tested_orders=0
[HEARTBEAT] events=18350 decisions=8 live_orders=0 tested_orders=0
[HEARTBEAT] events=18375 decisions=8 live_orders=0 tested_orders=0
[HEARTBEAT] events=18400 decisions=8 live_orders=0 tested_orders=0
[HEARTBEAT] events=18425 decisions=8 live_orders=0 tested_orders=0
[HEARTBEAT] events=18450 decisions=8 live_orders=0 tested_orders=0
[HEARTBEAT] events=18475 decisions=8 live_orders=0 tested_orders=0
[HEARTBEAT] events=18500 decisions=8 live_orders=0 tested_orders=0
[HEARTBEAT] events=18525 decisions=8 live_orders=0 tested_orders=0
[HEARTBEAT] events=18550 decisions=8 live_orders=0 tested_orders=0
[HEARTBEAT] events=18575 decisions=8 live_orders=0 tested_orders=0
[HEARTBEAT] events=18600 decisions=8 live_orders=0 tested_orders=0
[HEARTBEAT] events=18625 decisions=8 live_orders=0 tested_orders=0
[HEARTBEAT] events=18650 decisions=8 live_orders=0 tested_orders=0
[HEARTBEAT] events=18675 decisions=8 live_orders=0 tested_orders=0
[HEARTBEAT] events=18700 decisions=8 live_orders=0 tested_orders=0
[HEARTBEAT] events=18725 decisions=8 live_orders=0 tested_orders=0
[HEARTBEAT] events=18750 decisions=8 live_orders=0 tested_orders=0
[HEARTBEAT] events=18775 decisions=8 live_orders=0 tested_orders=0
[HEARTBEAT] events=18800 decisions=8 live_orders=0 tested_orders=0
[HEARTBEAT] events=18825 decisions=8 live_orders=0 tested_orders=0
[HEARTBEAT] events=18850 decisions=8 live_orders=0 tested_orders=0
[HEARTBEAT] events=18875 decisions=8 live_orders=0 tested_orders=0
[HEARTBEAT] events=18900 decisions=8 live_orders=0 tested_orders=0
[HEARTBEAT] events=18925 decisions=8 live_orders=0 tested_orders=0
[HEARTBEAT] events=18950 decisions=8 live_orders=0 tested_orders=0
[HEARTBEAT] events=18975 decisions=8 live_orders=0 tested_orders=0
[HEARTBEAT] events=19000 decisions=8 live_orders=0 tested_orders=0
[HEARTBEAT] events=19025 decisions=8 live_orders=0 tested_orders=0
[HEARTBEAT] events=19050 decisions=8 live_orders=0 tested_orders=0
[HEARTBEAT] events=19075 decisions=8 live_orders=0 tested_orders=0
[HEARTBEAT] events=19100 decisions=8 live_orders=0 tested_orders=0
[HEARTBEAT] events=19125 decisions=8 live_orders=0 tested_orders=0
[HEARTBEAT] events=19150 decisions=8 live_orders=0 tested_orders=0
[HEARTBEAT] events=19175 decisions=8 live_orders=0 tested_orders=0
[HEARTBEAT] events=19200 decisions=8 live_orders=0 tested_orders=0
[HEARTBEAT] events=19225 decisions=8 live_orders=0 tested_orders=0
[HEARTBEAT] events=19250 decisions=8 live_orders=0 tested_orders=0
[HEARTBEAT] events=19275 decisions=8 live_orders=0 tested_orders=0
[HEARTBEAT] events=19300 decisions=8 live_orders=0 tested_orders=0
[HEARTBEAT] events=19325 decisions=8 live_orders=0 tested_orders=0
[HEARTBEAT] events=19350 decisions=8 live_orders=0 tested_orders=0
[HEARTBEAT] events=19375 decisions=8 live_orders=0 tested_orders=0
[HEARTBEAT] events=19400 decisions=8 live_orders=0 tested_orders=0
[HEARTBEAT] events=19425 decisions=8 live_orders=0 tested_orders=0
[HEARTBEAT] events=19450 decisions=8 live_orders=0 tested_orders=0
[HEARTBEAT] events=19475 decisions=8 live_orders=0 tested_orders=0
[HEARTBEAT] events=19500 decisions=8 live_orders=0 tested_orders=0
[HEARTBEAT] events=19525 decisions=8 live_orders=0 tested_orders=0
[HEARTBEAT] events=19550 decisions=8 live_orders=0 tested_orders=0
[HEARTBEAT] events=19575 decisions=8 live_orders=0 tested_orders=0
[HEARTBEAT] events=19600 decisions=8 live_orders=0 tested_orders=0
[HEARTBEAT] events=19625 decisions=8 live_orders=0 tested_orders=0
[HEARTBEAT] events=19650 decisions=8 live_orders=0 tested_orders=0
[HEARTBEAT] events=19675 decisions=8 live_orders=0 tested_orders=0
[HEARTBEAT] events=19700 decisions=8 live_orders=0 tested_orders=0
[HEARTBEAT] events=19725 decisions=8 live_orders=0 tested_orders=0
[HEARTBEAT] events=19750 decisions=8 live_orders=0 tested_orders=0
[HEARTBEAT] events=19775 decisions=8 live_orders=0 tested_orders=0
[HEARTBEAT] events=19800 decisions=8 live_orders=0 tested_orders=0
[HEARTBEAT] events=19825 decisions=8 live_orders=0 tested_orders=0
[HEARTBEAT] events=19850 decisions=8 live_orders=0 tested_orders=0
[HEARTBEAT] events=19875 decisions=8 live_orders=0 tested_orders=0
[SYNC] 2026-04-20T02:59:46.463775+00:00 account/open-order snapshot refreshed
[HEARTBEAT] events=19900 decisions=8 live_orders=0 tested_orders=0
[HEARTBEAT] events=19925 decisions=8 live_orders=0 tested_orders=0
[HEARTBEAT] events=19950 decisions=8 live_orders=0 tested_orders=0
[HEARTBEAT] events=19975 decisions=8 live_orders=0 tested_orders=0
[ERROR] websocket attempt=1 error=no close frame received or sent
[RETRY] attempt=2 sleeping=1.00s
[HEARTBEAT] events=20000 decisions=8 live_orders=0 tested_orders=0
[CONNECT] websocket attempt=2
[HEARTBEAT] events=20025 decisions=8 live_orders=0 tested_orders=0
[HEARTBEAT] events=20050 decisions=8 live_orders=0 tested_orders=0
[HEARTBEAT] events=20075 decisions=8 live_orders=0 tested_orders=0
[HEARTBEAT] events=20100 decisions=8 live_orders=0 tested_orders=0
[HEARTBEAT] events=20125 decisions=8 live_orders=0 tested_orders=0
[HEARTBEAT] events=20150 decisions=8 live_orders=0 tested_orders=0
[HEARTBEAT] events=20175 decisions=8 live_orders=0 tested_orders=0
[HEARTBEAT] events=20200 decisions=8 live_orders=0 tested_orders=0
[HEARTBEAT] events=20225 decisions=8 live_orders=0 tested_orders=0
[HEARTBEAT] events=20250 decisions=8 live_orders=0 tested_orders=0
[HEARTBEAT] events=20275 decisions=8 live_orders=0 tested_orders=0
[HEARTBEAT] events=20300 decisions=8 live_orders=0 tested_orders=0
[HEARTBEAT] events=20325 decisions=8 live_orders=0 tested_orders=0
[HEARTBEAT] events=20350 decisions=8 live_orders=0 tested_orders=0
[HEARTBEAT] events=20375 decisions=8 live_orders=0 tested_orders=0
[HEARTBEAT] events=20400 decisions=8 live_orders=0 tested_orders=0
[HEARTBEAT] events=20425 decisions=8 live_orders=0 tested_orders=0
[HEARTBEAT] events=20450 decisions=8 live_orders=0 tested_orders=0
[HEARTBEAT] events=20475 decisions=8 live_orders=0 tested_orders=0
[HEARTBEAT] events=20500 decisions=8 live_orders=0 tested_orders=0
[HEARTBEAT] events=20525 decisions=8 live_orders=0 tested_orders=0
[HEARTBEAT] events=20550 decisions=8 live_orders=0 tested_orders=0
[HEARTBEAT] events=20575 decisions=8 live_orders=0 tested_orders=0
[HEARTBEAT] events=20600 decisions=8 live_orders=0 tested_orders=0
[HEARTBEAT] events=20625 decisions=8 live_orders=0 tested_orders=0
[HEARTBEAT] events=20650 decisions=8 live_orders=0 tested_orders=0
[HEARTBEAT] events=20675 decisions=8 live_orders=0 tested_orders=0
[HEARTBEAT] events=20700 decisions=8 live_orders=0 tested_orders=0
[HEARTBEAT] events=20725 decisions=8 live_orders=0 tested_orders=0
[HEARTBEAT] events=20750 decisions=8 live_orders=0 tested_orders=0
[HEARTBEAT] events=20775 decisions=8 live_orders=0 tested_orders=0
[HEARTBEAT] events=20800 decisions=8 live_orders=0 tested_orders=0
[DECISION] 2026-04-20T02:58:00+00:00 PEPEUSDT mode=futures side=long score=59.97
[SUBMISSION_GATE] PEPEUSDT allow=True can_open=True existing=no pending_external=False order_cooldown=False manual_cooldown=False live_allowed=True
[EXEC_PREFLIGHT] PEPEUSDT allow=True live_allowed=True managed=futures:129.79 prepared=cash:0.00 reasons=EXECUTIVE_OPERATING_VERDICT_ROLLBACK,LIVE_EVIDENCE_REJUDGE_WAITING
[DECISION] 2026-04-20T02:59:00+00:00 PEPEUSDT mode=cash side=flat score=47.01
[SUBMISSION_GATE] PEPEUSDT allow=False can_open=True existing=no pending_external=False order_cooldown=False manual_cooldown=False live_allowed=True
[EXEC_PREFLIGHT] PEPEUSDT allow=False live_allowed=True managed=cash:0.00 prepared=cash:0.00 reasons=DIRECTION_CONFLICT,EDGE_BELOW_COST,EDGE_TOO_THIN,LIQUIDITY_TOO_WEAK,SCORE_TOO_LOW,SENTIMENT_CAUTION,SUPPORT_NOT_CONFIRMED
[HEARTBEAT] events=20825 decisions=10 live_orders=0 tested_orders=0
[HEARTBEAT] events=20850 decisions=10 live_orders=0 tested_orders=0
[HEARTBEAT] events=20875 decisions=10 live_orders=0 tested_orders=0
[HEARTBEAT] events=20900 decisions=10 live_orders=0 tested_orders=0
[HEARTBEAT] events=20925 decisions=10 live_orders=0 tested_orders=0
[HEARTBEAT] events=20950 decisions=10 live_orders=0 tested_orders=0
[HEARTBEAT] events=20975 decisions=10 live_orders=0 tested_orders=0
[HEARTBEAT] events=21000 decisions=10 live_orders=0 tested_orders=0
[HEARTBEAT] events=21025 decisions=10 live_orders=0 tested_orders=0
[HEARTBEAT] events=21050 decisions=10 live_orders=0 tested_orders=0
[HEARTBEAT] events=21075 decisions=10 live_orders=0 tested_orders=0
[HEARTBEAT] events=21100 decisions=10 live_orders=0 tested_orders=0
[HEARTBEAT] events=21125 decisions=10 live_orders=0 tested_orders=0
[HEARTBEAT] events=21150 decisions=10 live_orders=0 tested_orders=0
[HEARTBEAT] events=21175 decisions=10 live_orders=0 tested_orders=0
[HEARTBEAT] events=21200 decisions=10 live_orders=0 tested_orders=0
[HEARTBEAT] events=21225 decisions=10 live_orders=0 tested_orders=0
[HEARTBEAT] events=21250 decisions=10 live_orders=0 tested_orders=0
[HEARTBEAT] events=21275 decisions=10 live_orders=0 tested_orders=0
[HEARTBEAT] events=21300 decisions=10 live_orders=0 tested_orders=0
[HEARTBEAT] events=21325 decisions=10 live_orders=0 tested_orders=0
[HEARTBEAT] events=21350 decisions=10 live_orders=0 tested_orders=0
[HEARTBEAT] events=21375 decisions=10 live_orders=0 tested_orders=0
[HEARTBEAT] events=21400 decisions=10 live_orders=0 tested_orders=0
[HEARTBEAT] events=21425 decisions=10 live_orders=0 tested_orders=0
[HEARTBEAT] events=21450 decisions=10 live_orders=0 tested_orders=0
[DECISION] 2026-04-20T03:00:00+00:00 DOGEUSDT mode=futures side=long score=58.95
[SUBMISSION_GATE] DOGEUSDT allow=True can_open=True existing=no pending_external=False order_cooldown=False manual_cooldown=False live_allowed=True
[EXEC_PREFLIGHT] DOGEUSDT allow=True live_allowed=True managed=futures:129.79 prepared=cash:0.00 reasons=EXECUTIVE_OPERATING_VERDICT_ROLLBACK,LIVE_EVIDENCE_REJUDGE_WAITING
[DECISION] 2026-04-20T03:00:00+00:00 ETHUSDT mode=cash side=flat score=51.41
[SUBMISSION_GATE] ETHUSDT allow=False can_open=True existing=no pending_external=False order_cooldown=False manual_cooldown=False live_allowed=True
[EXEC_PREFLIGHT] ETHUSDT allow=False live_allowed=True managed=cash:0.00 prepared=cash:0.00 reasons=DIRECTION_CONFLICT,EDGE_BELOW_COST,EDGE_TOO_THIN,LIQUIDITY_TOO_WEAK,SCORE_TOO_LOW,SENTIMENT_CAUTION
[DECISION] 2026-04-20T03:00:00+00:00 PEPEUSDT mode=cash side=flat score=44.43
[SUBMISSION_GATE] PEPEUSDT allow=False can_open=True existing=no pending_external=False order_cooldown=False manual_cooldown=False live_allowed=True
[EXEC_PREFLIGHT] PEPEUSDT allow=False live_allowed=True managed=cash:0.00 prepared=cash:0.00 reasons=DIRECTION_CONFLICT,EDGE_BELOW_COST,EDGE_TOO_THIN,LIQUIDITY_TOO_WEAK,SCORE_TOO_LOW,SENTIMENT_CAUTION,SUPPORT_NOT_CONFIRMED
[DECISION] 2026-04-20T03:00:00+00:00 SOLUSDT mode=futures side=long score=61.62
[SUBMISSION_GATE] SOLUSDT allow=True can_open=True existing=no pending_external=False order_cooldown=False manual_cooldown=False live_allowed=True
[EXEC_PREFLIGHT] SOLUSDT allow=True live_allowed=True managed=futures:129.79 prepared=cash:0.00 reasons=EXECUTIVE_OPERATING_VERDICT_ROLLBACK,LIVE_EVIDENCE_REJUDGE_WAITING
[HEARTBEAT] events=21475 decisions=14 live_orders=0 tested_orders=0
[HEARTBEAT] events=21500 decisions=14 live_orders=0 tested_orders=0
[HEARTBEAT] events=21525 decisions=14 live_orders=0 tested_orders=0
[HEARTBEAT] events=21550 decisions=14 live_orders=0 tested_orders=0
[HEARTBEAT] events=21575 decisions=14 live_orders=0 tested_orders=0
[HEARTBEAT] events=21600 decisions=14 live_orders=0 tested_orders=0
[HEARTBEAT] events=21625 decisions=14 live_orders=0 tested_orders=0
[HEARTBEAT] events=21650 decisions=14 live_orders=0 tested_orders=0
[HEARTBEAT] events=21675 decisions=14 live_orders=0 tested_orders=0
[HEARTBEAT] events=21700 decisions=14 live_orders=0 tested_orders=0
[HEARTBEAT] events=21725 decisions=14 live_orders=0 tested_orders=0
[HEARTBEAT] events=21750 decisions=14 live_orders=0 tested_orders=0
[HEARTBEAT] events=21775 decisions=14 live_orders=0 tested_orders=0
[HEARTBEAT] events=21800 decisions=14 live_orders=0 tested_orders=0
[HEARTBEAT] events=21825 decisions=14 live_orders=0 tested_orders=0
[HEARTBEAT] events=21850 decisions=14 live_orders=0 tested_orders=0
[HEARTBEAT] events=21875 decisions=14 live_orders=0 tested_orders=0
[HEARTBEAT] events=21900 decisions=14 live_orders=0 tested_orders=0
[HEARTBEAT] events=21925 decisions=14 live_orders=0 tested_orders=0
[HEARTBEAT] events=21950 decisions=14 live_orders=0 tested_orders=0
[HEARTBEAT] events=21975 decisions=14 live_orders=0 tested_orders=0
[HEARTBEAT] events=22000 decisions=14 live_orders=0 tested_orders=0
[HEARTBEAT] events=22025 decisions=14 live_orders=0 tested_orders=0
[HEARTBEAT] events=22050 decisions=14 live_orders=0 tested_orders=0
[HEARTBEAT] events=22075 decisions=14 live_orders=0 tested_orders=0
[HEARTBEAT] events=22100 decisions=14 live_orders=0 tested_orders=0
[HEARTBEAT] events=22125 decisions=14 live_orders=0 tested_orders=0
[HEARTBEAT] events=22150 decisions=14 live_orders=0 tested_orders=0
[HEARTBEAT] events=22175 decisions=14 live_orders=0 tested_orders=0
[HEARTBEAT] events=22200 decisions=14 live_orders=0 tested_orders=0
[HEARTBEAT] events=22225 decisions=14 live_orders=0 tested_orders=0
[HEARTBEAT] events=22250 decisions=14 live_orders=0 tested_orders=0
[HEARTBEAT] events=22275 decisions=14 live_orders=0 tested_orders=0
[HEARTBEAT] events=22300 decisions=14 live_orders=0 tested_orders=0
[HEARTBEAT] events=22325 decisions=14 live_orders=0 tested_orders=0
[HEARTBEAT] events=22350 decisions=14 live_orders=0 tested_orders=0
[HEARTBEAT] events=22375 decisions=14 live_orders=0 tested_orders=0
[HEARTBEAT] events=22400 decisions=14 live_orders=0 tested_orders=0
[HEARTBEAT] events=22425 decisions=14 live_orders=0 tested_orders=0
[HEARTBEAT] events=22450 decisions=14 live_orders=0 tested_orders=0
[HEARTBEAT] events=22475 decisions=14 live_orders=0 tested_orders=0
[HEARTBEAT] events=22500 decisions=14 live_orders=0 tested_orders=0
[HEARTBEAT] events=22525 decisions=14 live_orders=0 tested_orders=0
[HEARTBEAT] events=22550 decisions=14 live_orders=0 tested_orders=0
[HEARTBEAT] events=22575 decisions=14 live_orders=0 tested_orders=0
[HEARTBEAT] events=22600 decisions=14 live_orders=0 tested_orders=0
[HEARTBEAT] events=22625 decisions=14 live_orders=0 tested_orders=0
[HEARTBEAT] events=22650 decisions=14 live_orders=0 tested_orders=0
[HEARTBEAT] events=22675 decisions=14 live_orders=0 tested_orders=0
[HEARTBEAT] events=22700 decisions=14 live_orders=0 tested_orders=0
[HEARTBEAT] events=22725 decisions=14 live_orders=0 tested_orders=0
[HEARTBEAT] events=22750 decisions=14 live_orders=0 tested_orders=0
[HEARTBEAT] events=22775 decisions=14 live_orders=0 tested_orders=0
[HEARTBEAT] events=22800 decisions=14 live_orders=0 tested_orders=0
[HEARTBEAT] events=22825 decisions=14 live_orders=0 tested_orders=0
[HEARTBEAT] events=22850 decisions=14 live_orders=0 tested_orders=0
[HEARTBEAT] events=22875 decisions=14 live_orders=0 tested_orders=0
[HEARTBEAT] events=22900 decisions=14 live_orders=0 tested_orders=0
[HEARTBEAT] events=22925 decisions=14 live_orders=0 tested_orders=0
[HEARTBEAT] events=22950 decisions=14 live_orders=0 tested_orders=0
[HEARTBEAT] events=22975 decisions=14 live_orders=0 tested_orders=0
[HEARTBEAT] events=23000 decisions=14 live_orders=0 tested_orders=0
[HEARTBEAT] events=23025 decisions=14 live_orders=0 tested_orders=0
[HEARTBEAT] events=23050 decisions=14 live_orders=0 tested_orders=0
[HEARTBEAT] events=23075 decisions=14 live_orders=0 tested_orders=0
[HEARTBEAT] events=23100 decisions=14 live_orders=0 tested_orders=0
[HEARTBEAT] events=23125 decisions=14 live_orders=0 tested_orders=0
[HEARTBEAT] events=23150 decisions=14 live_orders=0 tested_orders=0
[HEARTBEAT] events=23175 decisions=14 live_orders=0 tested_orders=0
[HEARTBEAT] events=23200 decisions=14 live_orders=0 tested_orders=0
[HEARTBEAT] events=23225 decisions=14 live_orders=0 tested_orders=0
[HEARTBEAT] events=23250 decisions=14 live_orders=0 tested_orders=0
[HEARTBEAT] events=23275 decisions=14 live_orders=0 tested_orders=0
[HEARTBEAT] events=23300 decisions=14 live_orders=0 tested_orders=0
[HEARTBEAT] events=23325 decisions=14 live_orders=0 tested_orders=0
[HEARTBEAT] events=23350 decisions=14 live_orders=0 tested_orders=0
[HEARTBEAT] events=23375 decisions=14 live_orders=0 tested_orders=0
[HEARTBEAT] events=23400 decisions=14 live_orders=0 tested_orders=0
[HEARTBEAT] events=23425 decisions=14 live_orders=0 tested_orders=0
[HEARTBEAT] events=23450 decisions=14 live_orders=0 tested_orders=0
[HEARTBEAT] events=23475 decisions=14 live_orders=0 tested_orders=0
[HEARTBEAT] events=23500 decisions=14 live_orders=0 tested_orders=0
[HEARTBEAT] events=23525 decisions=14 live_orders=0 tested_orders=0
[DECISION] 2026-04-20T02:58:00+00:00 PEPEUSDT mode=cash side=flat score=46.63
[SUBMISSION_GATE] PEPEUSDT allow=False can_open=True existing=no pending_external=False order_cooldown=False manual_cooldown=False live_allowed=True
[EXEC_PREFLIGHT] PEPEUSDT allow=False live_allowed=True managed=cash:0.00 prepared=cash:0.00 reasons=DIRECTION_CONFLICT,EDGE_BELOW_COST,EDGE_TOO_THIN,LIQUIDITY_TOO_WEAK,SCORE_TOO_LOW,SENTIMENT_CAUTION,SUPPORT_NOT_CONFIRMED
[DECISION] 2026-04-20T02:59:00+00:00 PEPEUSDT mode=cash side=flat score=61.94
[SUBMISSION_GATE] PEPEUSDT allow=False can_open=True existing=no pending_external=False order_cooldown=False manual_cooldown=False live_allowed=True
[EXEC_PREFLIGHT] PEPEUSDT allow=False live_allowed=True managed=cash:0.00 prepared=cash:0.00 reasons=DIRECTION_CONFLICT,EDGE_BELOW_COST,LIQUIDITY_TOO_WEAK,SCORE_TOO_LOW,SUPPORT_NOT_CONFIRMED
[DECISION] 2026-04-20T03:00:00+00:00 PEPEUSDT mode=cash side=flat score=61.93
[SUBMISSION_GATE] PEPEUSDT allow=False can_open=True existing=no pending_external=False order_cooldown=False manual_cooldown=False live_allowed=True
[EXEC_PREFLIGHT] PEPEUSDT allow=False live_allowed=True managed=cash:0.00 prepared=cash:0.00 reasons=DIRECTION_CONFLICT,EDGE_BELOW_COST,LIQUIDITY_TOO_WEAK,SCORE_TOO_LOW,SUPPORT_NOT_CONFIRMED
[HEARTBEAT] events=23550 decisions=17 live_orders=0 tested_orders=0
[HEARTBEAT] events=23575 decisions=17 live_orders=0 tested_orders=0
[HEARTBEAT] events=23600 decisions=17 live_orders=0 tested_orders=0
[HEARTBEAT] events=23625 decisions=17 live_orders=0 tested_orders=0
[HEARTBEAT] events=23650 decisions=17 live_orders=0 tested_orders=0
[HEARTBEAT] events=23675 decisions=17 live_orders=0 tested_orders=0
[HEARTBEAT] events=23700 decisions=17 live_orders=0 tested_orders=0
[HEARTBEAT] events=23725 decisions=17 live_orders=0 tested_orders=0
[HEARTBEAT] events=23750 decisions=17 live_orders=0 tested_orders=0
[HEARTBEAT] events=23775 decisions=17 live_orders=0 tested_orders=0
[HEARTBEAT] events=23800 decisions=17 live_orders=0 tested_orders=0
[HEARTBEAT] events=23825 decisions=17 live_orders=0 tested_orders=0
[HEARTBEAT] events=23850 decisions=17 live_orders=0 tested_orders=0
[HEARTBEAT] events=23875 decisions=17 live_orders=0 tested_orders=0
[HEARTBEAT] events=23900 decisions=17 live_orders=0 tested_orders=0
[HEARTBEAT] events=23925 decisions=17 live_orders=0 tested_orders=0
[HEARTBEAT] events=23950 decisions=17 live_orders=0 tested_orders=0
[HEARTBEAT] events=23975 decisions=17 live_orders=0 tested_orders=0
[HEARTBEAT] events=24000 decisions=17 live_orders=0 tested_orders=0
[HEARTBEAT] events=24025 decisions=17 live_orders=0 tested_orders=0
[HEARTBEAT] events=24050 decisions=17 live_orders=0 tested_orders=0
[HEARTBEAT] events=24075 decisions=17 live_orders=0 tested_orders=0
[HEARTBEAT] events=24100 decisions=17 live_orders=0 tested_orders=0
[HEARTBEAT] events=24125 decisions=17 live_orders=0 tested_orders=0
[HEARTBEAT] events=24150 decisions=17 live_orders=0 tested_orders=0
[HEARTBEAT] events=24175 decisions=17 live_orders=0 tested_orders=0
[HEARTBEAT] events=24200 decisions=17 live_orders=0 tested_orders=0
[HEARTBEAT] events=24225 decisions=17 live_orders=0 tested_orders=0
[HEARTBEAT] events=24250 decisions=17 live_orders=0 tested_orders=0
[HEARTBEAT] events=24275 decisions=17 live_orders=0 tested_orders=0
[HEARTBEAT] events=24300 decisions=17 live_orders=0 tested_orders=0
[HEARTBEAT] events=24325 decisions=17 live_orders=0 tested_orders=0
[HEARTBEAT] events=24350 decisions=17 live_orders=0 tested_orders=0
[HEARTBEAT] events=24375 decisions=17 live_orders=0 tested_orders=0
[HEARTBEAT] events=24400 decisions=17 live_orders=0 tested_orders=0
[HEARTBEAT] events=24425 decisions=17 live_orders=0 tested_orders=0
[HEARTBEAT] events=24450 decisions=17 live_orders=0 tested_orders=0
[HEARTBEAT] events=24475 decisions=17 live_orders=0 tested_orders=0
[HEARTBEAT] events=24500 decisions=17 live_orders=0 tested_orders=0
[HEARTBEAT] events=24525 decisions=17 live_orders=0 tested_orders=0
[DECISION] 2026-04-20T02:58:00+00:00 DOGEUSDT mode=futures side=long score=60.37
[SUBMISSION_GATE] DOGEUSDT allow=True can_open=True existing=no pending_external=False order_cooldown=False manual_cooldown=False live_allowed=True
[EXEC_PREFLIGHT] DOGEUSDT allow=True live_allowed=True managed=futures:129.79 prepared=cash:0.00 reasons=EXECUTIVE_OPERATING_VERDICT_ROLLBACK,LIVE_EVIDENCE_REJUDGE_BLOCKED
[DECISION] 2026-04-20T02:59:00+00:00 DOGEUSDT mode=futures side=long score=60.37
[SUBMISSION_GATE] DOGEUSDT allow=True can_open=True existing=no pending_external=False order_cooldown=False manual_cooldown=False live_allowed=True
[EXEC_PREFLIGHT] DOGEUSDT allow=True live_allowed=True managed=futures:129.79 prepared=cash:0.00 reasons=EXECUTIVE_OPERATING_VERDICT_ROLLBACK,LIVE_EVIDENCE_REJUDGE_BLOCKED
[DECISION] 2026-04-20T03:00:00+00:00 DOGEUSDT mode=futures side=long score=60.37
[SUBMISSION_GATE] DOGEUSDT allow=True can_open=True existing=no pending_external=False order_cooldown=False manual_cooldown=False live_allowed=True
[EXEC_PREFLIGHT] DOGEUSDT allow=True live_allowed=True managed=futures:129.79 prepared=cash:0.00 reasons=EXECUTIVE_OPERATING_VERDICT_ROLLBACK,LIVE_EVIDENCE_REJUDGE_BLOCKED
[HEARTBEAT] events=24550 decisions=20 live_orders=0 tested_orders=0
[HEARTBEAT] events=24575 decisions=20 live_orders=0 tested_orders=0
[HEARTBEAT] events=24600 decisions=20 live_orders=0 tested_orders=0
[HEARTBEAT] events=24625 decisions=20 live_orders=0 tested_orders=0
[HEARTBEAT] events=24650 decisions=20 live_orders=0 tested_orders=0
[HEARTBEAT] events=24675 decisions=20 live_orders=0 tested_orders=0
[HEARTBEAT] events=24700 decisions=20 live_orders=0 tested_orders=0
[HEARTBEAT] events=24725 decisions=20 live_orders=0 tested_orders=0
[HEARTBEAT] events=24750 decisions=20 live_orders=0 tested_orders=0
[HEARTBEAT] events=24775 decisions=20 live_orders=0 tested_orders=0
[HEARTBEAT] events=24800 decisions=20 live_orders=0 tested_orders=0
[HEARTBEAT] events=24825 decisions=20 live_orders=0 tested_orders=0
[HEARTBEAT] events=24850 decisions=20 live_orders=0 tested_orders=0
[HEARTBEAT] events=24875 decisions=20 live_orders=0 tested_orders=0
[HEARTBEAT] events=24900 decisions=20 live_orders=0 tested_orders=0
[HEARTBEAT] events=24925 decisions=20 live_orders=0 tested_orders=0
[HEARTBEAT] events=24950 decisions=20 live_orders=0 tested_orders=0
[HEARTBEAT] events=24975 decisions=20 live_orders=0 tested_orders=0
[HEARTBEAT] events=25000 decisions=20 live_orders=0 tested_orders=0
[HEARTBEAT] events=25025 decisions=20 live_orders=0 tested_orders=0
[HEARTBEAT] events=25050 decisions=20 live_orders=0 tested_orders=0
[DECISION] 2026-04-20T02:58:00+00:00 DOGEUSDT mode=futures side=long score=60.46
[SUBMISSION_GATE] DOGEUSDT allow=True can_open=True existing=no pending_external=False order_cooldown=False manual_cooldown=False live_allowed=True
[EXEC_PREFLIGHT] DOGEUSDT allow=True live_allowed=True managed=futures:129.79 prepared=cash:0.00 reasons=EXECUTIVE_OPERATING_VERDICT_ROLLBACK,LIVE_EVIDENCE_REJUDGE_BLOCKED
[DECISION] 2026-04-20T02:59:00+00:00 DOGEUSDT mode=futures side=long score=60.46
[SUBMISSION_GATE] DOGEUSDT allow=True can_open=True existing=no pending_external=False order_cooldown=False manual_cooldown=False live_allowed=True
[EXEC_PREFLIGHT] DOGEUSDT allow=True live_allowed=True managed=futures:129.79 prepared=cash:0.00 reasons=EXECUTIVE_OPERATING_VERDICT_ROLLBACK,LIVE_EVIDENCE_REJUDGE_BLOCKED
[DECISION] 2026-04-20T03:00:00+00:00 DOGEUSDT mode=futures side=long score=60.46
[SUBMISSION_GATE] DOGEUSDT allow=True can_open=True existing=no pending_external=False order_cooldown=False manual_cooldown=False live_allowed=True
[EXEC_PREFLIGHT] DOGEUSDT allow=True live_allowed=True managed=futures:129.79 prepared=cash:0.00 reasons=EXECUTIVE_OPERATING_VERDICT_ROLLBACK,LIVE_EVIDENCE_REJUDGE_BLOCKED
[HEARTBEAT] events=25075 decisions=23 live_orders=0 tested_orders=0
[HEARTBEAT] events=25100 decisions=23 live_orders=0 tested_orders=0
[HEARTBEAT] events=25125 decisions=23 live_orders=0 tested_orders=0
[HEARTBEAT] events=25150 decisions=23 live_orders=0 tested_orders=0
[HEARTBEAT] events=25175 decisions=23 live_orders=0 tested_orders=0
[HEARTBEAT] events=25200 decisions=23 live_orders=0 tested_orders=0
[HEARTBEAT] events=25225 decisions=23 live_orders=0 tested_orders=0
[HEARTBEAT] events=25250 decisions=23 live_orders=0 tested_orders=0
[HEARTBEAT] events=25275 decisions=23 live_orders=0 tested_orders=0
[HEARTBEAT] events=25300 decisions=23 live_orders=0 tested_orders=0
[HEARTBEAT] events=25325 decisions=23 live_orders=0 tested_orders=0
[HEARTBEAT] events=25350 decisions=23 live_orders=0 tested_orders=0
[HEARTBEAT] events=25375 decisions=23 live_orders=0 tested_orders=0
[HEARTBEAT] events=25400 decisions=23 live_orders=0 tested_orders=0
[HEARTBEAT] events=25425 decisions=23 live_orders=0 tested_orders=0
[HEARTBEAT] events=25450 decisions=23 live_orders=0 tested_orders=0
[HEARTBEAT] events=25475 decisions=23 live_orders=0 tested_orders=0
[HEARTBEAT] events=25500 decisions=23 live_orders=0 tested_orders=0
[HEARTBEAT] events=25525 decisions=23 live_orders=0 tested_orders=0
[HEARTBEAT] events=25550 decisions=23 live_orders=0 tested_orders=0
[HEARTBEAT] events=25575 decisions=23 live_orders=0 tested_orders=0
[HEARTBEAT] events=25600 decisions=23 live_orders=0 tested_orders=0
[HEARTBEAT] events=25625 decisions=23 live_orders=0 tested_orders=0
[HEARTBEAT] events=25650 decisions=23 live_orders=0 tested_orders=0
[HEARTBEAT] events=25675 decisions=23 live_orders=0 tested_orders=0
[HEARTBEAT] events=25700 decisions=23 live_orders=0 tested_orders=0
[HEARTBEAT] events=25725 decisions=23 live_orders=0 tested_orders=0
[HEARTBEAT] events=25750 decisions=23 live_orders=0 tested_orders=0
[HEARTBEAT] events=25775 decisions=23 live_orders=0 tested_orders=0
[HEARTBEAT] events=25800 decisions=23 live_orders=0 tested_orders=0
[HEARTBEAT] events=25825 decisions=23 live_orders=0 tested_orders=0
[HEARTBEAT] events=25850 decisions=23 live_orders=0 tested_orders=0
[HEARTBEAT] events=25875 decisions=23 live_orders=0 tested_orders=0
[HEARTBEAT] events=25900 decisions=23 live_orders=0 tested_orders=0
[HEARTBEAT] events=25925 decisions=23 live_orders=0 tested_orders=0
[HEARTBEAT] events=25950 decisions=23 live_orders=0 tested_orders=0
[HEARTBEAT] events=25975 decisions=23 live_orders=0 tested_orders=0
[HEARTBEAT] events=26000 decisions=23 live_orders=0 tested_orders=0
[HEARTBEAT] events=26025 decisions=23 live_orders=0 tested_orders=0
[HEARTBEAT] events=26050 decisions=23 live_orders=0 tested_orders=0
[HEARTBEAT] events=26075 decisions=23 live_orders=0 tested_orders=0
[HEARTBEAT] events=26100 decisions=23 live_orders=0 tested_orders=0
[HEARTBEAT] events=26125 decisions=23 live_orders=0 tested_orders=0
[HEARTBEAT] events=26150 decisions=23 live_orders=0 tested_orders=0
[HEARTBEAT] events=26175 decisions=23 live_orders=0 tested_orders=0
[HEARTBEAT] events=26200 decisions=23 live_orders=0 tested_orders=0
[HEARTBEAT] events=26225 decisions=23 live_orders=0 tested_orders=0
[HEARTBEAT] events=26250 decisions=23 live_orders=0 tested_orders=0
[HEARTBEAT] events=26275 decisions=23 live_orders=0 tested_orders=0
[HEARTBEAT] events=26300 decisions=23 live_orders=0 tested_orders=0
[HEARTBEAT] events=26325 decisions=23 live_orders=0 tested_orders=0
[HEARTBEAT] events=26350 decisions=23 live_orders=0 tested_orders=0
[HEARTBEAT] events=26375 decisions=23 live_orders=0 tested_orders=0
[HEARTBEAT] events=26400 decisions=23 live_orders=0 tested_orders=0
[HEARTBEAT] events=26425 decisions=23 live_orders=0 tested_orders=0
[HEARTBEAT] events=26450 decisions=23 live_orders=0 tested_orders=0
[HEARTBEAT] events=26475 decisions=23 live_orders=0 tested_orders=0
[HEARTBEAT] events=26500 decisions=23 live_orders=0 tested_orders=0
[HEARTBEAT] events=26525 decisions=23 live_orders=0 tested_orders=0
[HEARTBEAT] events=26550 decisions=23 live_orders=0 tested_orders=0
[DECISION] 2026-04-20T02:58:00+00:00 SOLUSDT mode=cash side=flat score=49.19
[SUBMISSION_GATE] SOLUSDT allow=False can_open=True existing=no pending_external=False order_cooldown=False manual_cooldown=False live_allowed=True
[EXEC_PREFLIGHT] SOLUSDT allow=False live_allowed=True managed=cash:0.00 prepared=cash:0.00 reasons=EDGE_BELOW_COST,EDGE_TOO_THIN,LIQUIDITY_TOO_WEAK,SCORE_TOO_LOW,SENTIMENT_CAUTION,SUPPORT_NOT_CONFIRMED
[DECISION] 2026-04-20T02:59:00+00:00 SOLUSDT mode=cash side=flat score=49.19
[SUBMISSION_GATE] SOLUSDT allow=False can_open=True existing=no pending_external=False order_cooldown=False manual_cooldown=False live_allowed=True
[EXEC_PREFLIGHT] SOLUSDT allow=False live_allowed=True managed=cash:0.00 prepared=cash:0.00 reasons=EDGE_BELOW_COST,EDGE_TOO_THIN,LIQUIDITY_TOO_WEAK,SCORE_TOO_LOW,SENTIMENT_CAUTION,SUPPORT_NOT_CONFIRMED
[DECISION] 2026-04-20T03:00:00+00:00 SOLUSDT mode=cash side=flat score=49.24
[SUBMISSION_GATE] SOLUSDT allow=False can_open=True existing=no pending_external=False order_cooldown=False manual_cooldown=False live_allowed=True
[EXEC_PREFLIGHT] SOLUSDT allow=False live_allowed=True managed=cash:0.00 prepared=cash:0.00 reasons=DIRECTION_CONFLICT,EDGE_BELOW_COST,LIQUIDITY_TOO_WEAK,SCORE_TOO_LOW,SUPPORT_NOT_CONFIRMED
[HEARTBEAT] events=26575 decisions=26 live_orders=0 tested_orders=0
[HEARTBEAT] events=26600 decisions=26 live_orders=0 tested_orders=0
[HEARTBEAT] events=26625 decisions=26 live_orders=0 tested_orders=0
[HEARTBEAT] events=26650 decisions=26 live_orders=0 tested_orders=0
[HEARTBEAT] events=26675 decisions=26 live_orders=0 tested_orders=0
[HEARTBEAT] events=26700 decisions=26 live_orders=0 tested_orders=0
[HEARTBEAT] events=26725 decisions=26 live_orders=0 tested_orders=0
[HEARTBEAT] events=26750 decisions=26 live_orders=0 tested_orders=0
[HEARTBEAT] events=26775 decisions=26 live_orders=0 tested_orders=0
[HEARTBEAT] events=26800 decisions=26 live_orders=0 tested_orders=0
[HEARTBEAT] events=26825 decisions=26 live_orders=0 tested_orders=0
[HEARTBEAT] events=26850 decisions=26 live_orders=0 tested_orders=0
[HEARTBEAT] events=26875 decisions=26 live_orders=0 tested_orders=0
[HEARTBEAT] events=26900 decisions=26 live_orders=0 tested_orders=0
[HEARTBEAT] events=26925 decisions=26 live_orders=0 tested_orders=0
[HEARTBEAT] events=26950 decisions=26 live_orders=0 tested_orders=0
[HEARTBEAT] events=26975 decisions=26 live_orders=0 tested_orders=0
[HEARTBEAT] events=27000 decisions=26 live_orders=0 tested_orders=0
[HEARTBEAT] events=27025 decisions=26 live_orders=0 tested_orders=0
[HEARTBEAT] events=27050 decisions=26 live_orders=0 tested_orders=0
[HEARTBEAT] events=27075 decisions=26 live_orders=0 tested_orders=0
[HEARTBEAT] events=27100 decisions=26 live_orders=0 tested_orders=0
[HEARTBEAT] events=27125 decisions=26 live_orders=0 tested_orders=0
[HEARTBEAT] events=27150 decisions=26 live_orders=0 tested_orders=0
[HEARTBEAT] events=27175 decisions=26 live_orders=0 tested_orders=0
[HEARTBEAT] events=27200 decisions=26 live_orders=0 tested_orders=0
[HEARTBEAT] events=27225 decisions=26 live_orders=0 tested_orders=0
[HEARTBEAT] events=27250 decisions=26 live_orders=0 tested_orders=0
[HEARTBEAT] events=27275 decisions=26 live_orders=0 tested_orders=0
[HEARTBEAT] events=27300 decisions=26 live_orders=0 tested_orders=0
[HEARTBEAT] events=27325 decisions=26 live_orders=0 tested_orders=0
[HEARTBEAT] events=27350 decisions=26 live_orders=0 tested_orders=0
[HEARTBEAT] events=27375 decisions=26 live_orders=0 tested_orders=0
[HEARTBEAT] events=27400 decisions=26 live_orders=0 tested_orders=0
[HEARTBEAT] events=27425 decisions=26 live_orders=0 tested_orders=0
[HEARTBEAT] events=27450 decisions=26 live_orders=0 tested_orders=0
[HEARTBEAT] events=27475 decisions=26 live_orders=0 tested_orders=0
[HEARTBEAT] events=27500 decisions=26 live_orders=0 tested_orders=0
[HEARTBEAT] events=27525 decisions=26 live_orders=0 tested_orders=0
[HEARTBEAT] events=27550 decisions=26 live_orders=0 tested_orders=0
[HEARTBEAT] events=27575 decisions=26 live_orders=0 tested_orders=0
[HEARTBEAT] events=27600 decisions=26 live_orders=0 tested_orders=0
[HEARTBEAT] events=27625 decisions=26 live_orders=0 tested_orders=0
[HEARTBEAT] events=27650 decisions=26 live_orders=0 tested_orders=0
[HEARTBEAT] events=27675 decisions=26 live_orders=0 tested_orders=0
[HEARTBEAT] events=27700 decisions=26 live_orders=0 tested_orders=0
[HEARTBEAT] events=27725 decisions=26 live_orders=0 tested_orders=0
[HEARTBEAT] events=27750 decisions=26 live_orders=0 tested_orders=0
[HEARTBEAT] events=27775 decisions=26 live_orders=0 tested_orders=0
[HEARTBEAT] events=27800 decisions=26 live_orders=0 tested_orders=0
[HEARTBEAT] events=27825 decisions=26 live_orders=0 tested_orders=0
[HEARTBEAT] events=27850 decisions=26 live_orders=0 tested_orders=0
[HEARTBEAT] events=27875 decisions=26 live_orders=0 tested_orders=0
[HEARTBEAT] events=27900 decisions=26 live_orders=0 tested_orders=0
[HEARTBEAT] events=27925 decisions=26 live_orders=0 tested_orders=0
[HEARTBEAT] events=27950 decisions=26 live_orders=0 tested_orders=0
[HEARTBEAT] events=27975 decisions=26 live_orders=0 tested_orders=0
[HEARTBEAT] events=28000 decisions=26 live_orders=0 tested_orders=0
[HEARTBEAT] events=28025 decisions=26 live_orders=0 tested_orders=0
[HEARTBEAT] events=28050 decisions=26 live_orders=0 tested_orders=0
[HEARTBEAT] events=28075 decisions=26 live_orders=0 tested_orders=0
[HEARTBEAT] events=28100 decisions=26 live_orders=0 tested_orders=0
[HEARTBEAT] events=28125 decisions=26 live_orders=0 tested_orders=0
[HEARTBEAT] events=28150 decisions=26 live_orders=0 tested_orders=0
[HEARTBEAT] events=28175 decisions=26 live_orders=0 tested_orders=0
[HEARTBEAT] events=28200 decisions=26 live_orders=0 tested_orders=0
[HEARTBEAT] events=28225 decisions=26 live_orders=0 tested_orders=0
[HEARTBEAT] events=28250 decisions=26 live_orders=0 tested_orders=0
[HEARTBEAT] events=28275 decisions=26 live_orders=0 tested_orders=0
[HEARTBEAT] events=28300 decisions=26 live_orders=0 tested_orders=0
[HEARTBEAT] events=28325 decisions=26 live_orders=0 tested_orders=0
[HEARTBEAT] events=28350 decisions=26 live_orders=0 tested_orders=0
[HEARTBEAT] events=28375 decisions=26 live_orders=0 tested_orders=0
[HEARTBEAT] events=28400 decisions=26 live_orders=0 tested_orders=0
[HEARTBEAT] events=28425 decisions=26 live_orders=0 tested_orders=0
[HEARTBEAT] events=28450 decisions=26 live_orders=0 tested_orders=0
[HEARTBEAT] events=28475 decisions=26 live_orders=0 tested_orders=0
[SYNC] 2026-04-20T03:00:46.475471+00:00 account/open-order snapshot refreshed
[HEARTBEAT] events=28500 decisions=26 live_orders=0 tested_orders=0
[HEARTBEAT] events=28525 decisions=26 live_orders=0 tested_orders=0
[HEARTBEAT] events=28550 decisions=26 live_orders=0 tested_orders=0
[DECISION] 2026-04-20T02:58:00+00:00 SOLUSDT mode=cash side=flat score=49.19
[SUBMISSION_GATE] SOLUSDT allow=False can_open=True existing=no pending_external=False order_cooldown=False manual_cooldown=False live_allowed=True
[EXEC_PREFLIGHT] SOLUSDT allow=False live_allowed=True managed=cash:0.00 prepared=cash:0.00 reasons=EDGE_BELOW_COST,EDGE_TOO_THIN,LIQUIDITY_TOO_WEAK,SCORE_TOO_LOW,SENTIMENT_CAUTION,SUPPORT_NOT_CONFIRMED
[DECISION] 2026-04-20T02:59:00+00:00 SOLUSDT mode=cash side=flat score=49.19
[SUBMISSION_GATE] SOLUSDT allow=False can_open=True existing=no pending_external=False order_cooldown=False manual_cooldown=False live_allowed=True
[EXEC_PREFLIGHT] SOLUSDT allow=False live_allowed=True managed=cash:0.00 prepared=cash:0.00 reasons=EDGE_BELOW_COST,EDGE_TOO_THIN,LIQUIDITY_TOO_WEAK,SCORE_TOO_LOW,SENTIMENT_CAUTION,SUPPORT_NOT_CONFIRMED
[DECISION] 2026-04-20T03:00:00+00:00 SOLUSDT mode=cash side=flat score=49.19
[SUBMISSION_GATE] SOLUSDT allow=False can_open=True existing=no pending_external=False order_cooldown=False manual_cooldown=False live_allowed=True
[EXEC_PREFLIGHT] SOLUSDT allow=False live_allowed=True managed=cash:0.00 prepared=cash:0.00 reasons=EDGE_BELOW_COST,EDGE_TOO_THIN,LIQUIDITY_TOO_WEAK,SCORE_TOO_LOW,SENTIMENT_CAUTION,SUPPORT_NOT_CONFIRMED
[HEARTBEAT] events=28575 decisions=29 live_orders=0 tested_orders=0
[HEARTBEAT] events=28600 decisions=29 live_orders=0 tested_orders=0
[HEARTBEAT] events=28625 decisions=29 live_orders=0 tested_orders=0
[HEARTBEAT] events=28650 decisions=29 live_orders=0 tested_orders=0
[HEARTBEAT] events=28675 decisions=29 live_orders=0 tested_orders=0
[HEARTBEAT] events=28700 decisions=29 live_orders=0 tested_orders=0
[HEARTBEAT] events=28725 decisions=29 live_orders=0 tested_orders=0
[HEARTBEAT] events=28750 decisions=29 live_orders=0 tested_orders=0
[HEARTBEAT] events=28775 decisions=29 live_orders=0 tested_orders=0
[HEARTBEAT] events=28800 decisions=29 live_orders=0 tested_orders=0
[HEARTBEAT] events=28825 decisions=29 live_orders=0 tested_orders=0
[HEARTBEAT] events=28850 decisions=29 live_orders=0 tested_orders=0
[HEARTBEAT] events=28875 decisions=29 live_orders=0 tested_orders=0
[HEARTBEAT] events=28900 decisions=29 live_orders=0 tested_orders=0
[HEARTBEAT] events=28925 decisions=29 live_orders=0 tested_orders=0
[HEARTBEAT] events=28950 decisions=29 live_orders=0 tested_orders=0
[HEARTBEAT] events=28975 decisions=29 live_orders=0 tested_orders=0
[HEARTBEAT] events=29000 decisions=29 live_orders=0 tested_orders=0
[HEARTBEAT] events=29025 decisions=29 live_orders=0 tested_orders=0
[HEARTBEAT] events=29050 decisions=29 live_orders=0 tested_orders=0
[DECISION] 2026-04-20T02:58:00+00:00 ETHUSDT mode=cash side=flat score=61.64
[SUBMISSION_GATE] ETHUSDT allow=False can_open=True existing=no pending_external=False order_cooldown=False manual_cooldown=False live_allowed=True
[EXEC_PREFLIGHT] ETHUSDT allow=False live_allowed=True managed=cash:0.00 prepared=cash:0.00 reasons=DIRECTION_CONFLICT,EDGE_BELOW_COST,LIQUIDITY_TOO_WEAK,SCORE_TOO_LOW
[DECISION] 2026-04-20T02:59:00+00:00 ETHUSDT mode=cash side=flat score=43.89
[SUBMISSION_GATE] ETHUSDT allow=False can_open=True existing=no pending_external=False order_cooldown=False manual_cooldown=False live_allowed=True
[EXEC_PREFLIGHT] ETHUSDT allow=False live_allowed=True managed=cash:0.00 prepared=cash:0.00 reasons=DIRECTION_CONFLICT,EDGE_BELOW_COST,EDGE_TOO_THIN,LIQUIDITY_TOO_WEAK,SCORE_TOO_LOW,SENTIMENT_CAUTION
[DECISION] 2026-04-20T03:00:00+00:00 ETHUSDT mode=cash side=flat score=61.64
[SUBMISSION_GATE] ETHUSDT allow=False can_open=True existing=no pending_external=False order_cooldown=False manual_cooldown=False live_allowed=True
[EXEC_PREFLIGHT] ETHUSDT allow=False live_allowed=True managed=cash:0.00 prepared=cash:0.00 reasons=DIRECTION_CONFLICT,EDGE_BELOW_COST,LIQUIDITY_TOO_WEAK,SCORE_TOO_LOW
[HEARTBEAT] events=29075 decisions=32 live_orders=0 tested_orders=0
[HEARTBEAT] events=29100 decisions=32 live_orders=0 tested_orders=0
[HEARTBEAT] events=29125 decisions=32 live_orders=0 tested_orders=0
[HEARTBEAT] events=29150 decisions=32 live_orders=0 tested_orders=0
[HEARTBEAT] events=29175 decisions=32 live_orders=0 tested_orders=0
[HEARTBEAT] events=29200 decisions=32 live_orders=0 tested_orders=0
[HEARTBEAT] events=29225 decisions=32 live_orders=0 tested_orders=0
[HEARTBEAT] events=29250 decisions=32 live_orders=0 tested_orders=0
[HEARTBEAT] events=29275 decisions=32 live_orders=0 tested_orders=0
[HEARTBEAT] events=29300 decisions=32 live_orders=0 tested_orders=0
[HEARTBEAT] events=29325 decisions=32 live_orders=0 tested_orders=0
[HEARTBEAT] events=29350 decisions=32 live_orders=0 tested_orders=0
[HEARTBEAT] events=29375 decisions=32 live_orders=0 tested_orders=0
[HEARTBEAT] events=29400 decisions=32 live_orders=0 tested_orders=0
[HEARTBEAT] events=29425 decisions=32 live_orders=0 tested_orders=0
[HEARTBEAT] events=29450 decisions=32 live_orders=0 tested_orders=0
[HEARTBEAT] events=29475 decisions=32 live_orders=0 tested_orders=0
[HEARTBEAT] events=29500 decisions=32 live_orders=0 tested_orders=0
[HEARTBEAT] events=29525 decisions=32 live_orders=0 tested_orders=0
[HEARTBEAT] events=29550 decisions=32 live_orders=0 tested_orders=0
[HEARTBEAT] events=29575 decisions=32 live_orders=0 tested_orders=0
[HEARTBEAT] events=29600 decisions=32 live_orders=0 tested_orders=0
[HEARTBEAT] events=29625 decisions=32 live_orders=0 tested_orders=0
[HEARTBEAT] events=29650 decisions=32 live_orders=0 tested_orders=0
[HEARTBEAT] events=29675 decisions=32 live_orders=0 tested_orders=0
[HEARTBEAT] events=29700 decisions=32 live_orders=0 tested_orders=0
[HEARTBEAT] events=29725 decisions=32 live_orders=0 tested_orders=0
[HEARTBEAT] events=29750 decisions=32 live_orders=0 tested_orders=0
[HEARTBEAT] events=29775 decisions=32 live_orders=0 tested_orders=0
[HEARTBEAT] events=29800 decisions=32 live_orders=0 tested_orders=0
[HEARTBEAT] events=29825 decisions=32 live_orders=0 tested_orders=0
[HEARTBEAT] events=29850 decisions=32 live_orders=0 tested_orders=0
[HEARTBEAT] events=29875 decisions=32 live_orders=0 tested_orders=0
[HEARTBEAT] events=29900 decisions=32 live_orders=0 tested_orders=0
[HEARTBEAT] events=29925 decisions=32 live_orders=0 tested_orders=0
[HEARTBEAT] events=29950 decisions=32 live_orders=0 tested_orders=0
[HEARTBEAT] events=29975 decisions=32 live_orders=0 tested_orders=0
[HEARTBEAT] events=30000 decisions=32 live_orders=0 tested_orders=0
[HEARTBEAT] events=30025 decisions=32 live_orders=0 tested_orders=0
[HEARTBEAT] events=30050 decisions=32 live_orders=0 tested_orders=0
[HEARTBEAT] events=30075 decisions=32 live_orders=0 tested_orders=0
[HEARTBEAT] events=30100 decisions=32 live_orders=0 tested_orders=0
[HEARTBEAT] events=30125 decisions=32 live_orders=0 tested_orders=0
[HEARTBEAT] events=30150 decisions=32 live_orders=0 tested_orders=0
[HEARTBEAT] events=30175 decisions=32 live_orders=0 tested_orders=0
[HEARTBEAT] events=30200 decisions=32 live_orders=0 tested_orders=0
[HEARTBEAT] events=30225 decisions=32 live_orders=0 tested_orders=0
[HEARTBEAT] events=30250 decisions=32 live_orders=0 tested_orders=0
[HEARTBEAT] events=30275 decisions=32 live_orders=0 tested_orders=0
[HEARTBEAT] events=30300 decisions=32 live_orders=0 tested_orders=0
[HEARTBEAT] events=30325 decisions=32 live_orders=0 tested_orders=0
[HEARTBEAT] events=30350 decisions=32 live_orders=0 tested_orders=0
[HEARTBEAT] events=30375 decisions=32 live_orders=0 tested_orders=0
[HEARTBEAT] events=30400 decisions=32 live_orders=0 tested_orders=0
[HEARTBEAT] events=30425 decisions=32 live_orders=0 tested_orders=0
[HEARTBEAT] events=30450 decisions=32 live_orders=0 tested_orders=0
[DECISION] 2026-04-20T03:01:00+00:00 PEPEUSDT mode=cash side=flat score=64.16
[SUBMISSION_GATE] PEPEUSDT allow=False can_open=True existing=no pending_external=False order_cooldown=False manual_cooldown=False live_allowed=True
[EXEC_PREFLIGHT] PEPEUSDT allow=False live_allowed=True managed=cash:0.00 prepared=cash:0.00 reasons=DIRECTION_CONFLICT,EDGE_BELOW_COST,LIQUIDITY_TOO_WEAK,SCORE_TOO_LOW,SUPPORT_NOT_CONFIRMED
[HEARTBEAT] events=30475 decisions=33 live_orders=0 tested_orders=0
[DECISION] 2026-04-20T03:01:00+00:00 DOGEUSDT mode=cash side=flat score=65.11
[SUBMISSION_GATE] DOGEUSDT allow=False can_open=True existing=no pending_external=False order_cooldown=False manual_cooldown=False live_allowed=True
[EXEC_PREFLIGHT] DOGEUSDT allow=False live_allowed=True managed=cash:0.00 prepared=cash:0.00 reasons=DIRECTION_CONFLICT,EDGE_BELOW_COST,LIQUIDITY_TOO_WEAK,SCORE_TOO_LOW,SUPPORT_NOT_CONFIRMED
[DECISION] 2026-04-20T03:01:00+00:00 ETHUSDT mode=cash side=flat score=67.74
[SUBMISSION_GATE] ETHUSDT allow=False can_open=True existing=no pending_external=False order_cooldown=False manual_cooldown=False live_allowed=True
[EXEC_PREFLIGHT] ETHUSDT allow=False live_allowed=True managed=cash:0.00 prepared=cash:0.00 reasons=DIRECTION_CONFLICT,EDGE_BELOW_COST,LIQUIDITY_TOO_WEAK,SCORE_TOO_LOW
[HEARTBEAT] events=30500 decisions=35 live_orders=0 tested_orders=0
[DECISION] 2026-04-20T03:01:00+00:00 SOLUSDT mode=cash side=flat score=48.68
[SUBMISSION_GATE] SOLUSDT allow=False can_open=True existing=no pending_external=False order_cooldown=False manual_cooldown=False live_allowed=True
[EXEC_PREFLIGHT] SOLUSDT allow=False live_allowed=True managed=cash:0.00 prepared=cash:0.00 reasons=DIRECTION_CONFLICT,EDGE_BELOW_COST,LIQUIDITY_TOO_WEAK,SCORE_TOO_LOW,SUPPORT_NOT_CONFIRMED
[HEARTBEAT] events=30525 decisions=36 live_orders=0 tested_orders=0
[HEARTBEAT] events=30550 decisions=36 live_orders=0 tested_orders=0
[HEARTBEAT] events=30575 decisions=36 live_orders=0 tested_orders=0
[HEARTBEAT] events=30600 decisions=36 live_orders=0 tested_orders=0
[HEARTBEAT] events=30625 decisions=36 live_orders=0 tested_orders=0
[HEARTBEAT] events=30650 decisions=36 live_orders=0 tested_orders=0
[HEARTBEAT] events=30675 decisions=36 live_orders=0 tested_orders=0
[HEARTBEAT] events=30700 decisions=36 live_orders=0 tested_orders=0
[HEARTBEAT] events=30725 decisions=36 live_orders=0 tested_orders=0
[HEARTBEAT] events=30750 decisions=36 live_orders=0 tested_orders=0
[HEARTBEAT] events=30775 decisions=36 live_orders=0 tested_orders=0
[HEARTBEAT] events=30800 decisions=36 live_orders=0 tested_orders=0
[HEARTBEAT] events=30825 decisions=36 live_orders=0 tested_orders=0
[HEARTBEAT] events=30850 decisions=36 live_orders=0 tested_orders=0
[HEARTBEAT] events=30875 decisions=36 live_orders=0 tested_orders=0
[HEARTBEAT] events=30900 decisions=36 live_orders=0 tested_orders=0
[HEARTBEAT] events=30925 decisions=36 live_orders=0 tested_orders=0
[HEARTBEAT] events=30950 decisions=36 live_orders=0 tested_orders=0
[HEARTBEAT] events=30975 decisions=36 live_orders=0 tested_orders=0
[HEARTBEAT] events=31000 decisions=36 live_orders=0 tested_orders=0
[HEARTBEAT] events=31025 decisions=36 live_orders=0 tested_orders=0
[HEARTBEAT] events=31050 decisions=36 live_orders=0 tested_orders=0
[HEARTBEAT] events=31075 decisions=36 live_orders=0 tested_orders=0
[HEARTBEAT] events=31100 decisions=36 live_orders=0 tested_orders=0
[HEARTBEAT] events=31125 decisions=36 live_orders=0 tested_orders=0
[HEARTBEAT] events=31150 decisions=36 live_orders=0 tested_orders=0
[HEARTBEAT] events=31175 decisions=36 live_orders=0 tested_orders=0
[HEARTBEAT] events=31200 decisions=36 live_orders=0 tested_orders=0
[HEARTBEAT] events=31225 decisions=36 live_orders=0 tested_orders=0
[HEARTBEAT] events=31250 decisions=36 live_orders=0 tested_orders=0
[HEARTBEAT] events=31275 decisions=36 live_orders=0 tested_orders=0
[HEARTBEAT] events=31300 decisions=36 live_orders=0 tested_orders=0
[HEARTBEAT] events=31325 decisions=36 live_orders=0 tested_orders=0
[HEARTBEAT] events=31350 decisions=36 live_orders=0 tested_orders=0
[HEARTBEAT] events=31375 decisions=36 live_orders=0 tested_orders=0
[HEARTBEAT] events=31400 decisions=36 live_orders=0 tested_orders=0
[HEARTBEAT] events=31425 decisions=36 live_orders=0 tested_orders=0
[HEARTBEAT] events=31450 decisions=36 live_orders=0 tested_orders=0
[HEARTBEAT] events=31475 decisions=36 live_orders=0 tested_orders=0
[HEARTBEAT] events=31500 decisions=36 live_orders=0 tested_orders=0
[HEARTBEAT] events=31525 decisions=36 live_orders=0 tested_orders=0
[HEARTBEAT] events=31550 decisions=36 live_orders=0 tested_orders=0
[HEARTBEAT] events=31575 decisions=36 live_orders=0 tested_orders=0
[HEARTBEAT] events=31600 decisions=36 live_orders=0 tested_orders=0
[HEARTBEAT] events=31625 decisions=36 live_orders=0 tested_orders=0
[HEARTBEAT] events=31650 decisions=36 live_orders=0 tested_orders=0
[HEARTBEAT] events=31675 decisions=36 live_orders=0 tested_orders=0
[HEARTBEAT] events=31700 decisions=36 live_orders=0 tested_orders=0
[HEARTBEAT] events=31725 decisions=36 live_orders=0 tested_orders=0
[HEARTBEAT] events=31750 decisions=36 live_orders=0 tested_orders=0
[HEARTBEAT] events=31775 decisions=36 live_orders=0 tested_orders=0
[HEARTBEAT] events=31800 decisions=36 live_orders=0 tested_orders=0
[HEARTBEAT] events=31825 decisions=36 live_orders=0 tested_orders=0
[HEARTBEAT] events=31850 decisions=36 live_orders=0 tested_orders=0
[HEARTBEAT] events=31875 decisions=36 live_orders=0 tested_orders=0
[HEARTBEAT] events=31900 decisions=36 live_orders=0 tested_orders=0
[DECISION] 2026-04-20T02:58:00+00:00 ETHUSDT mode=cash side=flat score=51.45
[SUBMISSION_GATE] ETHUSDT allow=False can_open=True existing=no pending_external=False order_cooldown=False manual_cooldown=False live_allowed=True
[EXEC_PREFLIGHT] ETHUSDT allow=False live_allowed=True managed=cash:0.00 prepared=cash:0.00 reasons=DIRECTION_CONFLICT,EDGE_BELOW_COST,EDGE_TOO_THIN,LIQUIDITY_TOO_WEAK,SCORE_TOO_LOW
[DECISION] 2026-04-20T02:59:00+00:00 ETHUSDT mode=cash side=flat score=51.45
[SUBMISSION_GATE] ETHUSDT allow=False can_open=True existing=no pending_external=False order_cooldown=False manual_cooldown=False live_allowed=True
[EXEC_PREFLIGHT] ETHUSDT allow=False live_allowed=True managed=cash:0.00 prepared=cash:0.00 reasons=DIRECTION_CONFLICT,EDGE_BELOW_COST,EDGE_TOO_THIN,LIQUIDITY_TOO_WEAK,SCORE_TOO_LOW
[DECISION] 2026-04-20T03:00:00+00:00 ETHUSDT mode=cash side=flat score=69.20
[SUBMISSION_GATE] ETHUSDT allow=False can_open=True existing=no pending_external=False order_cooldown=False manual_cooldown=False live_allowed=True
[EXEC_PREFLIGHT] ETHUSDT allow=False live_allowed=True managed=cash:0.00 prepared=cash:0.00 reasons=DIRECTION_CONFLICT,EDGE_BELOW_COST,LIQUIDITY_TOO_WEAK,SCORE_TOO_LOW
[HEARTBEAT] events=31925 decisions=39 live_orders=0 tested_orders=0
[HEARTBEAT] events=31950 decisions=39 live_orders=0 tested_orders=0
[HEARTBEAT] events=31975 decisions=39 live_orders=0 tested_orders=0
[HEARTBEAT] events=32000 decisions=39 live_orders=0 tested_orders=0
[HEARTBEAT] events=32025 decisions=39 live_orders=0 tested_orders=0
[HEARTBEAT] events=32050 decisions=39 live_orders=0 tested_orders=0
[HEARTBEAT] events=32075 decisions=39 live_orders=0 tested_orders=0
[HEARTBEAT] events=32100 decisions=39 live_orders=0 tested_orders=0
[HEARTBEAT] events=32125 decisions=39 live_orders=0 tested_orders=0
[HEARTBEAT] events=32150 decisions=39 live_orders=0 tested_orders=0
[HEARTBEAT] events=32175 decisions=39 live_orders=0 tested_orders=0
[HEARTBEAT] events=32200 decisions=39 live_orders=0 tested_orders=0
[HEARTBEAT] events=32225 decisions=39 live_orders=0 tested_orders=0
[HEARTBEAT] events=32250 decisions=39 live_orders=0 tested_orders=0
[HEARTBEAT] events=32275 decisions=39 live_orders=0 tested_orders=0
[HEARTBEAT] events=32300 decisions=39 live_orders=0 tested_orders=0
[HEARTBEAT] events=32325 decisions=39 live_orders=0 tested_orders=0
[HEARTBEAT] events=32350 decisions=39 live_orders=0 tested_orders=0
[HEARTBEAT] events=32375 decisions=39 live_orders=0 tested_orders=0
[HEARTBEAT] events=32400 decisions=39 live_orders=0 tested_orders=0
[HEARTBEAT] events=32425 decisions=39 live_orders=0 tested_orders=0
[HEARTBEAT] events=32450 decisions=39 live_orders=0 tested_orders=0
[HEARTBEAT] events=32475 decisions=39 live_orders=0 tested_orders=0
[HEARTBEAT] events=32500 decisions=39 live_orders=0 tested_orders=0
[HEARTBEAT] events=32525 decisions=39 live_orders=0 tested_orders=0
[HEARTBEAT] events=32550 decisions=39 live_orders=0 tested_orders=0
[HEARTBEAT] events=32575 decisions=39 live_orders=0 tested_orders=0
[HEARTBEAT] events=32600 decisions=39 live_orders=0 tested_orders=0
[HEARTBEAT] events=32625 decisions=39 live_orders=0 tested_orders=0
[HEARTBEAT] events=32650 decisions=39 live_orders=0 tested_orders=0
[HEARTBEAT] events=32675 decisions=39 live_orders=0 tested_orders=0
[HEARTBEAT] events=32700 decisions=39 live_orders=0 tested_orders=0
[HEARTBEAT] events=32725 decisions=39 live_orders=0 tested_orders=0
[HEARTBEAT] events=32750 decisions=39 live_orders=0 tested_orders=0
[HEARTBEAT] events=32775 decisions=39 live_orders=0 tested_orders=0
[HEARTBEAT] events=32800 decisions=39 live_orders=0 tested_orders=0
[HEARTBEAT] events=32825 decisions=39 live_orders=0 tested_orders=0
[HEARTBEAT] events=32850 decisions=39 live_orders=0 tested_orders=0
[HEARTBEAT] events=32875 decisions=39 live_orders=0 tested_orders=0
[HEARTBEAT] events=32900 decisions=39 live_orders=0 tested_orders=0
[HEARTBEAT] events=32925 decisions=39 live_orders=0 tested_orders=0
[HEARTBEAT] events=32950 decisions=39 live_orders=0 tested_orders=0
[HEARTBEAT] events=32975 decisions=39 live_orders=0 tested_orders=0
[HEARTBEAT] events=33000 decisions=39 live_orders=0 tested_orders=0
[HEARTBEAT] events=33025 decisions=39 live_orders=0 tested_orders=0
[HEARTBEAT] events=33050 decisions=39 live_orders=0 tested_orders=0
[HEARTBEAT] events=33075 decisions=39 live_orders=0 tested_orders=0
[HEARTBEAT] events=33100 decisions=39 live_orders=0 tested_orders=0
[HEARTBEAT] events=33125 decisions=39 live_orders=0 tested_orders=0
[HEARTBEAT] events=33150 decisions=39 live_orders=0 tested_orders=0
[HEARTBEAT] events=33175 decisions=39 live_orders=0 tested_orders=0
[HEARTBEAT] events=33200 decisions=39 live_orders=0 tested_orders=0
[HEARTBEAT] events=33225 decisions=39 live_orders=0 tested_orders=0
[HEARTBEAT] events=33250 decisions=39 live_orders=0 tested_orders=0
[HEARTBEAT] events=33275 decisions=39 live_orders=0 tested_orders=0
[HEARTBEAT] events=33300 decisions=39 live_orders=0 tested_orders=0
[HEARTBEAT] events=33325 decisions=39 live_orders=0 tested_orders=0
[HEARTBEAT] events=33350 decisions=39 live_orders=0 tested_orders=0
[HEARTBEAT] events=33375 decisions=39 live_orders=0 tested_orders=0
[HEARTBEAT] events=33400 decisions=39 live_orders=0 tested_orders=0
[HEARTBEAT] events=33425 decisions=39 live_orders=0 tested_orders=0
[HEARTBEAT] events=33450 decisions=39 live_orders=0 tested_orders=0
[HEARTBEAT] events=33475 decisions=39 live_orders=0 tested_orders=0
[HEARTBEAT] events=33500 decisions=39 live_orders=0 tested_orders=0
[HEARTBEAT] events=33525 decisions=39 live_orders=0 tested_orders=0
[HEARTBEAT] events=33550 decisions=39 live_orders=0 tested_orders=0
[HEARTBEAT] events=33575 decisions=39 live_orders=0 tested_orders=0
[HEARTBEAT] events=33600 decisions=39 live_orders=0 tested_orders=0
[HEARTBEAT] events=33625 decisions=39 live_orders=0 tested_orders=0
[HEARTBEAT] events=33650 decisions=39 live_orders=0 tested_orders=0
[HEARTBEAT] events=33675 decisions=39 live_orders=0 tested_orders=0
[HEARTBEAT] events=33700 decisions=39 live_orders=0 tested_orders=0
[HEARTBEAT] events=33725 decisions=39 live_orders=0 tested_orders=0
[HEARTBEAT] events=33750 decisions=39 live_orders=0 tested_orders=0
[HEARTBEAT] events=33775 decisions=39 live_orders=0 tested_orders=0
[HEARTBEAT] events=33800 decisions=39 live_orders=0 tested_orders=0
[HEARTBEAT] events=33825 decisions=39 live_orders=0 tested_orders=0
[HEARTBEAT] events=33850 decisions=39 live_orders=0 tested_orders=0
[HEARTBEAT] events=33875 decisions=39 live_orders=0 tested_orders=0
[HEARTBEAT] events=33900 decisions=39 live_orders=0 tested_orders=0
[HEARTBEAT] events=33925 decisions=39 live_orders=0 tested_orders=0
[HEARTBEAT] events=33950 decisions=39 live_orders=0 tested_orders=0
[HEARTBEAT] events=33975 decisions=39 live_orders=0 tested_orders=0
[HEARTBEAT] events=34000 decisions=39 live_orders=0 tested_orders=0
[HEARTBEAT] events=34025 decisions=39 live_orders=0 tested_orders=0
[HEARTBEAT] events=34050 decisions=39 live_orders=0 tested_orders=0
[HEARTBEAT] events=34075 decisions=39 live_orders=0 tested_orders=0
[HEARTBEAT] events=34100 decisions=39 live_orders=0 tested_orders=0
[HEARTBEAT] events=34125 decisions=39 live_orders=0 tested_orders=0
[HEARTBEAT] events=34150 decisions=39 live_orders=0 tested_orders=0
[HEARTBEAT] events=34175 decisions=39 live_orders=0 tested_orders=0
[HEARTBEAT] events=34200 decisions=39 live_orders=0 tested_orders=0
[HEARTBEAT] events=34225 decisions=39 live_orders=0 tested_orders=0
[HEARTBEAT] events=34250 decisions=39 live_orders=0 tested_orders=0
[HEARTBEAT] events=34275 decisions=39 live_orders=0 tested_orders=0
[HEARTBEAT] events=34300 decisions=39 live_orders=0 tested_orders=0
[HEARTBEAT] events=34325 decisions=39 live_orders=0 tested_orders=0
[HEARTBEAT] events=34350 decisions=39 live_orders=0 tested_orders=0
[HEARTBEAT] events=34375 decisions=39 live_orders=0 tested_orders=0
[HEARTBEAT] events=34400 decisions=39 live_orders=0 tested_orders=0
[HEARTBEAT] events=34425 decisions=39 live_orders=0 tested_orders=0
[HEARTBEAT] events=34450 decisions=39 live_orders=0 tested_orders=0
[HEARTBEAT] events=34475 decisions=39 live_orders=0 tested_orders=0
[HEARTBEAT] events=34500 decisions=39 live_orders=0 tested_orders=0
[HEARTBEAT] events=34525 decisions=39 live_orders=0 tested_orders=0
[HEARTBEAT] events=34550 decisions=39 live_orders=0 tested_orders=0
[HEARTBEAT] events=34575 decisions=39 live_orders=0 tested_orders=0
[HEARTBEAT] events=34600 decisions=39 live_orders=0 tested_orders=0
[HEARTBEAT] events=34625 decisions=39 live_orders=0 tested_orders=0
[HEARTBEAT] events=34650 decisions=39 live_orders=0 tested_orders=0
[HEARTBEAT] events=34675 decisions=39 live_orders=0 tested_orders=0
[HEARTBEAT] events=34700 decisions=39 live_orders=0 tested_orders=0
[HEARTBEAT] events=34725 decisions=39 live_orders=0 tested_orders=0
[HEARTBEAT] events=34750 decisions=39 live_orders=0 tested_orders=0
[HEARTBEAT] events=34775 decisions=39 live_orders=0 tested_orders=0
[DECISION] 2026-04-20T03:01:00+00:00 ETHUSDT mode=futures side=short score=65.51
[SUBMISSION_GATE] ETHUSDT allow=True can_open=True existing=no pending_external=False order_cooldown=False manual_cooldown=False live_allowed=True
[EXEC_PREFLIGHT] ETHUSDT allow=True live_allowed=True managed=futures:129.79 prepared=cash:0.00 reasons=EXECUTIVE_OPERATING_VERDICT_ROLLBACK,LIVE_EVIDENCE_REJUDGE_BLOCKED,POLICY_BUCKET_OBSERVE_ONLY,SYMBOL_LIFECYCLE_HOLD
[HEARTBEAT] events=34800 decisions=40 live_orders=0 tested_orders=0
[HEARTBEAT] events=34825 decisions=40 live_orders=0 tested_orders=0
[HEARTBEAT] events=34850 decisions=40 live_orders=0 tested_orders=0
[HEARTBEAT] events=34875 decisions=40 live_orders=0 tested_orders=0
[HEARTBEAT] events=34900 decisions=40 live_orders=0 tested_orders=0
[HEARTBEAT] events=34925 decisions=40 live_orders=0 tested_orders=0
[HEARTBEAT] events=34950 decisions=40 live_orders=0 tested_orders=0
[HEARTBEAT] events=34975 decisions=40 live_orders=0 tested_orders=0
[HEARTBEAT] events=35000 decisions=40 live_orders=0 tested_orders=0
[HEARTBEAT] events=35025 decisions=40 live_orders=0 tested_orders=0
[HEARTBEAT] events=35050 decisions=40 live_orders=0 tested_orders=0
[HEARTBEAT] events=35075 decisions=40 live_orders=0 tested_orders=0
[HEARTBEAT] events=35100 decisions=40 live_orders=0 tested_orders=0
[HEARTBEAT] events=35125 decisions=40 live_orders=0 tested_orders=0
[HEARTBEAT] events=35150 decisions=40 live_orders=0 tested_orders=0
[HEARTBEAT] events=35175 decisions=40 live_orders=0 tested_orders=0
[HEARTBEAT] events=35200 decisions=40 live_orders=0 tested_orders=0
[HEARTBEAT] events=35225 decisions=40 live_orders=0 tested_orders=0
[HEARTBEAT] events=35250 decisions=40 live_orders=0 tested_orders=0
[HEARTBEAT] events=35275 decisions=40 live_orders=0 tested_orders=0
[HEARTBEAT] events=35300 decisions=40 live_orders=0 tested_orders=0
[HEARTBEAT] events=35325 decisions=40 live_orders=0 tested_orders=0
[HEARTBEAT] events=35350 decisions=40 live_orders=0 tested_orders=0
[HEARTBEAT] events=35375 decisions=40 live_orders=0 tested_orders=0
[HEARTBEAT] events=35400 decisions=40 live_orders=0 tested_orders=0
[HEARTBEAT] events=35425 decisions=40 live_orders=0 tested_orders=0
[HEARTBEAT] events=35450 decisions=40 live_orders=0 tested_orders=0
[HEARTBEAT] events=35475 decisions=40 live_orders=0 tested_orders=0
[HEARTBEAT] events=35500 decisions=40 live_orders=0 tested_orders=0
[HEARTBEAT] events=35525 decisions=40 live_orders=0 tested_orders=0
[HEARTBEAT] events=35550 decisions=40 live_orders=0 tested_orders=0
[HEARTBEAT] events=35575 decisions=40 live_orders=0 tested_orders=0
[HEARTBEAT] events=35600 decisions=40 live_orders=0 tested_orders=0
[HEARTBEAT] events=35625 decisions=40 live_orders=0 tested_orders=0
[HEARTBEAT] events=35650 decisions=40 live_orders=0 tested_orders=0
[HEARTBEAT] events=35675 decisions=40 live_orders=0 tested_orders=0
[HEARTBEAT] events=35700 decisions=40 live_orders=0 tested_orders=0
[HEARTBEAT] events=35725 decisions=40 live_orders=0 tested_orders=0
[HEARTBEAT] events=35750 decisions=40 live_orders=0 tested_orders=0
[HEARTBEAT] events=35775 decisions=40 live_orders=0 tested_orders=0
[HEARTBEAT] events=35800 decisions=40 live_orders=0 tested_orders=0
[HEARTBEAT] events=35825 decisions=40 live_orders=0 tested_orders=0
[HEARTBEAT] events=35850 decisions=40 live_orders=0 tested_orders=0
[HEARTBEAT] events=35875 decisions=40 live_orders=0 tested_orders=0
[HEARTBEAT] events=35900 decisions=40 live_orders=0 tested_orders=0
[HEARTBEAT] events=35925 decisions=40 live_orders=0 tested_orders=0
[HEARTBEAT] events=35950 decisions=40 live_orders=0 tested_orders=0
[HEARTBEAT] events=35975 decisions=40 live_orders=0 tested_orders=0
[HEARTBEAT] events=36000 decisions=40 live_orders=0 tested_orders=0
[HEARTBEAT] events=36025 decisions=40 live_orders=0 tested_orders=0
[HEARTBEAT] events=36050 decisions=40 live_orders=0 tested_orders=0
[HEARTBEAT] events=36075 decisions=40 live_orders=0 tested_orders=0
[HEARTBEAT] events=36100 decisions=40 live_orders=0 tested_orders=0
[HEARTBEAT] events=36125 decisions=40 live_orders=0 tested_orders=0
[HEARTBEAT] events=36150 decisions=40 live_orders=0 tested_orders=0
[HEARTBEAT] events=36175 decisions=40 live_orders=0 tested_orders=0
[HEARTBEAT] events=36200 decisions=40 live_orders=0 tested_orders=0
[HEARTBEAT] events=36225 decisions=40 live_orders=0 tested_orders=0
[HEARTBEAT] events=36250 decisions=40 live_orders=0 tested_orders=0
[HEARTBEAT] events=36275 decisions=40 live_orders=0 tested_orders=0
[HEARTBEAT] events=36300 decisions=40 live_orders=0 tested_orders=0
[HEARTBEAT] events=36325 decisions=40 live_orders=0 tested_orders=0
[HEARTBEAT] events=36350 decisions=40 live_orders=0 tested_orders=0
[HEARTBEAT] events=36375 decisions=40 live_orders=0 tested_orders=0
[HEARTBEAT] events=36400 decisions=40 live_orders=0 tested_orders=0
[HEARTBEAT] events=36425 decisions=40 live_orders=0 tested_orders=0
[HEARTBEAT] events=36450 decisions=40 live_orders=0 tested_orders=0
[HEARTBEAT] events=36475 decisions=40 live_orders=0 tested_orders=0
[HEARTBEAT] events=36500 decisions=40 live_orders=0 tested_orders=0
[HEARTBEAT] events=36525 decisions=40 live_orders=0 tested_orders=0
[HEARTBEAT] events=36550 decisions=40 live_orders=0 tested_orders=0
[HEARTBEAT] events=36575 decisions=40 live_orders=0 tested_orders=0
[HEARTBEAT] events=36600 decisions=40 live_orders=0 tested_orders=0
[HEARTBEAT] events=36625 decisions=40 live_orders=0 tested_orders=0
[HEARTBEAT] events=36650 decisions=40 live_orders=0 tested_orders=0
[HEARTBEAT] events=36675 decisions=40 live_orders=0 tested_orders=0
[HEARTBEAT] events=36700 decisions=40 live_orders=0 tested_orders=0
[HEARTBEAT] events=36725 decisions=40 live_orders=0 tested_orders=0
[HEARTBEAT] events=36750 decisions=40 live_orders=0 tested_orders=0
[HEARTBEAT] events=36775 decisions=40 live_orders=0 tested_orders=0
[HEARTBEAT] events=36800 decisions=40 live_orders=0 tested_orders=0
[HEARTBEAT] events=36825 decisions=40 live_orders=0 tested_orders=0
[HEARTBEAT] events=36850 decisions=40 live_orders=0 tested_orders=0
[HEARTBEAT] events=36875 decisions=40 live_orders=0 tested_orders=0
[HEARTBEAT] events=36900 decisions=40 live_orders=0 tested_orders=0
[HEARTBEAT] events=36925 decisions=40 live_orders=0 tested_orders=0
[HEARTBEAT] events=36950 decisions=40 live_orders=0 tested_orders=0
[HEARTBEAT] events=36975 decisions=40 live_orders=0 tested_orders=0
[HEARTBEAT] events=37000 decisions=40 live_orders=0 tested_orders=0
[HEARTBEAT] events=37025 decisions=40 live_orders=0 tested_orders=0
[HEARTBEAT] events=37050 decisions=40 live_orders=0 tested_orders=0
[HEARTBEAT] events=37075 decisions=40 live_orders=0 tested_orders=0
[HEARTBEAT] events=37100 decisions=40 live_orders=0 tested_orders=0
[HEARTBEAT] events=37125 decisions=40 live_orders=0 tested_orders=0
[HEARTBEAT] events=37150 decisions=40 live_orders=0 tested_orders=0
[HEARTBEAT] events=37175 decisions=40 live_orders=0 tested_orders=0
[HEARTBEAT] events=37200 decisions=40 live_orders=0 tested_orders=0
[HEARTBEAT] events=37225 decisions=40 live_orders=0 tested_orders=0
[HEARTBEAT] events=37250 decisions=40 live_orders=0 tested_orders=0
[HEARTBEAT] events=37275 decisions=40 live_orders=0 tested_orders=0
[HEARTBEAT] events=37300 decisions=40 live_orders=0 tested_orders=0
[HEARTBEAT] events=37325 decisions=40 live_orders=0 tested_orders=0
[HEARTBEAT] events=37350 decisions=40 live_orders=0 tested_orders=0
[HEARTBEAT] events=37375 decisions=40 live_orders=0 tested_orders=0
[HEARTBEAT] events=37400 decisions=40 live_orders=0 tested_orders=0
[HEARTBEAT] events=37425 decisions=40 live_orders=0 tested_orders=0
[HEARTBEAT] events=37450 decisions=40 live_orders=0 tested_orders=0
[HEARTBEAT] events=37475 decisions=40 live_orders=0 tested_orders=0
[HEARTBEAT] events=37500 decisions=40 live_orders=0 tested_orders=0
[HEARTBEAT] events=37525 decisions=40 live_orders=0 tested_orders=0
[HEARTBEAT] events=37550 decisions=40 live_orders=0 tested_orders=0
[HEARTBEAT] events=37575 decisions=40 live_orders=0 tested_orders=0
[HEARTBEAT] events=37600 decisions=40 live_orders=0 tested_orders=0
[HEARTBEAT] events=37625 decisions=40 live_orders=0 tested_orders=0
[HEARTBEAT] events=37650 decisions=40 live_orders=0 tested_orders=0
[HEARTBEAT] events=37675 decisions=40 live_orders=0 tested_orders=0
[HEARTBEAT] events=37700 decisions=40 live_orders=0 tested_orders=0
[HEARTBEAT] events=37725 decisions=40 live_orders=0 tested_orders=0
[HEARTBEAT] events=37750 decisions=40 live_orders=0 tested_orders=0
[HEARTBEAT] events=37775 decisions=40 live_orders=0 tested_orders=0
[HEARTBEAT] events=37800 decisions=40 live_orders=0 tested_orders=0
[HEARTBEAT] events=37825 decisions=40 live_orders=0 tested_orders=0
[HEARTBEAT] events=37850 decisions=40 live_orders=0 tested_orders=0
[HEARTBEAT] events=37875 decisions=40 live_orders=0 tested_orders=0
[HEARTBEAT] events=37900 decisions=40 live_orders=0 tested_orders=0
[HEARTBEAT] events=37925 decisions=40 live_orders=0 tested_orders=0
[HEARTBEAT] events=37950 decisions=40 live_orders=0 tested_orders=0
[HEARTBEAT] events=37975 decisions=40 live_orders=0 tested_orders=0
[HEARTBEAT] events=38000 decisions=40 live_orders=0 tested_orders=0
[HEARTBEAT] events=38025 decisions=40 live_orders=0 tested_orders=0
[HEARTBEAT] events=38050 decisions=40 live_orders=0 tested_orders=0
[HEARTBEAT] events=38075 decisions=40 live_orders=0 tested_orders=0
[HEARTBEAT] events=38100 decisions=40 live_orders=0 tested_orders=0
[HEARTBEAT] events=38125 decisions=40 live_orders=0 tested_orders=0
[HEARTBEAT] events=38150 decisions=40 live_orders=0 tested_orders=0
[HEARTBEAT] events=38175 decisions=40 live_orders=0 tested_orders=0
[HEARTBEAT] events=38200 decisions=40 live_orders=0 tested_orders=0
[HEARTBEAT] events=38225 decisions=40 live_orders=0 tested_orders=0
[HEARTBEAT] events=38250 decisions=40 live_orders=0 tested_orders=0
[HEARTBEAT] events=38275 decisions=40 live_orders=0 tested_orders=0
[HEARTBEAT] events=38300 decisions=40 live_orders=0 tested_orders=0
[HEARTBEAT] events=38325 decisions=40 live_orders=0 tested_orders=0
[HEARTBEAT] events=38350 decisions=40 live_orders=0 tested_orders=0
[HEARTBEAT] events=38375 decisions=40 live_orders=0 tested_orders=0
[HEARTBEAT] events=38400 decisions=40 live_orders=0 tested_orders=0
[HEARTBEAT] events=38425 decisions=40 live_orders=0 tested_orders=0
[HEARTBEAT] events=38450 decisions=40 live_orders=0 tested_orders=0
[HEARTBEAT] events=38475 decisions=40 live_orders=0 tested_orders=0
[HEARTBEAT] events=38500 decisions=40 live_orders=0 tested_orders=0
[HEARTBEAT] events=38525 decisions=40 live_orders=0 tested_orders=0
[HEARTBEAT] events=38550 decisions=40 live_orders=0 tested_orders=0
[HEARTBEAT] events=38575 decisions=40 live_orders=0 tested_orders=0
[HEARTBEAT] events=38600 decisions=40 live_orders=0 tested_orders=0
[HEARTBEAT] events=38625 decisions=40 live_orders=0 tested_orders=0
[HEARTBEAT] events=38650 decisions=40 live_orders=0 tested_orders=0
[HEARTBEAT] events=38675 decisions=40 live_orders=0 tested_orders=0
[HEARTBEAT] events=38700 decisions=40 live_orders=0 tested_orders=0
[HEARTBEAT] events=38725 decisions=40 live_orders=0 tested_orders=0
[HEARTBEAT] events=38750 decisions=40 live_orders=0 tested_orders=0
[HEARTBEAT] events=38775 decisions=40 live_orders=0 tested_orders=0
[HEARTBEAT] events=38800 decisions=40 live_orders=0 tested_orders=0
[HEARTBEAT] events=38825 decisions=40 live_orders=0 tested_orders=0
[HEARTBEAT] events=38850 decisions=40 live_orders=0 tested_orders=0
[HEARTBEAT] events=38875 decisions=40 live_orders=0 tested_orders=0
[HEARTBEAT] events=38900 decisions=40 live_orders=0 tested_orders=0
[HEARTBEAT] events=38925 decisions=40 live_orders=0 tested_orders=0
[HEARTBEAT] events=38950 decisions=40 live_orders=0 tested_orders=0
[HEARTBEAT] events=38975 decisions=40 live_orders=0 tested_orders=0
[HEARTBEAT] events=39000 decisions=40 live_orders=0 tested_orders=0
[HEARTBEAT] events=39025 decisions=40 live_orders=0 tested_orders=0
[HEARTBEAT] events=39050 decisions=40 live_orders=0 tested_orders=0
[HEARTBEAT] events=39075 decisions=40 live_orders=0 tested_orders=0
[HEARTBEAT] events=39100 decisions=40 live_orders=0 tested_orders=0
[HEARTBEAT] events=39125 decisions=40 live_orders=0 tested_orders=0
[HEARTBEAT] events=39150 decisions=40 live_orders=0 tested_orders=0
[HEARTBEAT] events=39175 decisions=40 live_orders=0 tested_orders=0
[HEARTBEAT] events=39200 decisions=40 live_orders=0 tested_orders=0
[HEARTBEAT] events=39225 decisions=40 live_orders=0 tested_orders=0
[HEARTBEAT] events=39250 decisions=40 live_orders=0 tested_orders=0
[HEARTBEAT] events=39275 decisions=40 live_orders=0 tested_orders=0
[HEARTBEAT] events=39300 decisions=40 live_orders=0 tested_orders=0
[HEARTBEAT] events=39325 decisions=40 live_orders=0 tested_orders=0
[HEARTBEAT] events=39350 decisions=40 live_orders=0 tested_orders=0
[HEARTBEAT] events=39375 decisions=40 live_orders=0 tested_orders=0
[HEARTBEAT] events=39400 decisions=40 live_orders=0 tested_orders=0
[HEARTBEAT] events=39425 decisions=40 live_orders=0 tested_orders=0
[HEARTBEAT] events=39450 decisions=40 live_orders=0 tested_orders=0
[HEARTBEAT] events=39475 decisions=40 live_orders=0 tested_orders=0
[HEARTBEAT] events=39500 decisions=40 live_orders=0 tested_orders=0
[HEARTBEAT] events=39525 decisions=40 live_orders=0 tested_orders=0
[HEARTBEAT] events=39550 decisions=40 live_orders=0 tested_orders=0
[HEARTBEAT] events=39575 decisions=40 live_orders=0 tested_orders=0
[SYNC] 2026-04-20T03:01:46.586140+00:00 account/open-order snapshot refreshed
[HEARTBEAT] events=39600 decisions=40 live_orders=0 tested_orders=0
[HEARTBEAT] events=39625 decisions=40 live_orders=0 tested_orders=0
[HEARTBEAT] events=39650 decisions=40 live_orders=0 tested_orders=0
[HEARTBEAT] events=39675 decisions=40 live_orders=0 tested_orders=0
[HEARTBEAT] events=39700 decisions=40 live_orders=0 tested_orders=0
[HEARTBEAT] events=39725 decisions=40 live_orders=0 tested_orders=0
[HEARTBEAT] events=39750 decisions=40 live_orders=0 tested_orders=0
[HEARTBEAT] events=39775 decisions=40 live_orders=0 tested_orders=0
[HEARTBEAT] events=39800 decisions=40 live_orders=0 tested_orders=0
[HEARTBEAT] events=39825 decisions=40 live_orders=0 tested_orders=0
[HEARTBEAT] events=39850 decisions=40 live_orders=0 tested_orders=0
[HEARTBEAT] events=39875 decisions=40 live_orders=0 tested_orders=0
[HEARTBEAT] events=39900 decisions=40 live_orders=0 tested_orders=0
[HEARTBEAT] events=39925 decisions=40 live_orders=0 tested_orders=0
[HEARTBEAT] events=39950 decisions=40 live_orders=0 tested_orders=0
[HEARTBEAT] events=39975 decisions=40 live_orders=0 tested_orders=0
[ERROR] websocket attempt=2 error=no close frame received or sent
[RETRY] attempt=3 sleeping=2.00s
[HEARTBEAT] events=40000 decisions=40 live_orders=0 tested_orders=0
[CONNECT] websocket attempt=3
[HEARTBEAT] events=40025 decisions=40 live_orders=0 tested_orders=0
[HEARTBEAT] events=40050 decisions=40 live_orders=0 tested_orders=0
[HEARTBEAT] events=40075 decisions=40 live_orders=0 tested_orders=0
[HEARTBEAT] events=40100 decisions=40 live_orders=0 tested_orders=0
[HEARTBEAT] events=40125 decisions=40 live_orders=0 tested_orders=0
[HEARTBEAT] events=40150 decisions=40 live_orders=0 tested_orders=0
[HEARTBEAT] events=40175 decisions=40 live_orders=0 tested_orders=0
[HEARTBEAT] events=40200 decisions=40 live_orders=0 tested_orders=0
[HEARTBEAT] events=40225 decisions=40 live_orders=0 tested_orders=0
[HEARTBEAT] events=40250 decisions=40 live_orders=0 tested_orders=0
[HEARTBEAT] events=40275 decisions=40 live_orders=0 tested_orders=0
[HEARTBEAT] events=40300 decisions=40 live_orders=0 tested_orders=0
[HEARTBEAT] events=40325 decisions=40 live_orders=0 tested_orders=0
[HEARTBEAT] events=40350 decisions=40 live_orders=0 tested_orders=0
[HEARTBEAT] events=40375 decisions=40 live_orders=0 tested_orders=0
[HEARTBEAT] events=40400 decisions=40 live_orders=0 tested_orders=0
[HEARTBEAT] events=40425 decisions=40 live_orders=0 tested_orders=0
[HEARTBEAT] events=40450 decisions=40 live_orders=0 tested_orders=0
[HEARTBEAT] events=40475 decisions=40 live_orders=0 tested_orders=0
[HEARTBEAT] events=40500 decisions=40 live_orders=0 tested_orders=0
[HEARTBEAT] events=40525 decisions=40 live_orders=0 tested_orders=0
[HEARTBEAT] events=40550 decisions=40 live_orders=0 tested_orders=0
[HEARTBEAT] events=40575 decisions=40 live_orders=0 tested_orders=0
[HEARTBEAT] events=40600 decisions=40 live_orders=0 tested_orders=0
[HEARTBEAT] events=40625 decisions=40 live_orders=0 tested_orders=0
[HEARTBEAT] events=40650 decisions=40 live_orders=0 tested_orders=0
[HEARTBEAT] events=40675 decisions=40 live_orders=0 tested_orders=0
[HEARTBEAT] events=40700 decisions=40 live_orders=0 tested_orders=0
[HEARTBEAT] events=40725 decisions=40 live_orders=0 tested_orders=0
[HEARTBEAT] events=40750 decisions=40 live_orders=0 tested_orders=0
[HEARTBEAT] events=40775 decisions=40 live_orders=0 tested_orders=0
[HEARTBEAT] events=40800 decisions=40 live_orders=0 tested_orders=0
[HEARTBEAT] events=40825 decisions=40 live_orders=0 tested_orders=0
[HEARTBEAT] events=40850 decisions=40 live_orders=0 tested_orders=0
[HEARTBEAT] events=40875 decisions=40 live_orders=0 tested_orders=0
[HEARTBEAT] events=40900 decisions=40 live_orders=0 tested_orders=0
[HEARTBEAT] events=40925 decisions=40 live_orders=0 tested_orders=0
[DECISION] 2026-04-20T03:02:00+00:00 ETHUSDT mode=cash side=flat score=61.53
[SUBMISSION_GATE] ETHUSDT allow=False can_open=True existing=no pending_external=False order_cooldown=False manual_cooldown=False live_allowed=True
[EXEC_PREFLIGHT] ETHUSDT allow=False live_allowed=True managed=cash:0.00 prepared=cash:0.00 reasons=DIRECTION_CONFLICT,EDGE_BELOW_COST,LIQUIDITY_TOO_WEAK,SCORE_TOO_LOW
[HEARTBEAT] events=40950 decisions=41 live_orders=0 tested_orders=0
[HEARTBEAT] events=40975 decisions=41 live_orders=0 tested_orders=0
[HEARTBEAT] events=41000 decisions=41 live_orders=0 tested_orders=0
[HEARTBEAT] events=41025 decisions=41 live_orders=0 tested_orders=0
[HEARTBEAT] events=41050 decisions=41 live_orders=0 tested_orders=0
[HEARTBEAT] events=41075 decisions=41 live_orders=0 tested_orders=0
[HEARTBEAT] events=41100 decisions=41 live_orders=0 tested_orders=0
[HEARTBEAT] events=41125 decisions=41 live_orders=0 tested_orders=0
[HEARTBEAT] events=41150 decisions=41 live_orders=0 tested_orders=0
[HEARTBEAT] events=41175 decisions=41 live_orders=0 tested_orders=0
[HEARTBEAT] events=41200 decisions=41 live_orders=0 tested_orders=0
[HEARTBEAT] events=41225 decisions=41 live_orders=0 tested_orders=0
[HEARTBEAT] events=41250 decisions=41 live_orders=0 tested_orders=0
[HEARTBEAT] events=41275 decisions=41 live_orders=0 tested_orders=0
[HEARTBEAT] events=41300 decisions=41 live_orders=0 tested_orders=0
[HEARTBEAT] events=41325 decisions=41 live_orders=0 tested_orders=0
[HEARTBEAT] events=41350 decisions=41 live_orders=0 tested_orders=0
[DECISION] 2026-04-20T02:58:00+00:00 PEPEUSDT mode=cash side=flat score=40.17
[SUBMISSION_GATE] PEPEUSDT allow=False can_open=True existing=no pending_external=False order_cooldown=False manual_cooldown=False live_allowed=True
[EXEC_PREFLIGHT] PEPEUSDT allow=False live_allowed=True managed=cash:0.00 prepared=cash:0.00 reasons=DIRECTION_CONFLICT,EDGE_BELOW_COST,EDGE_TOO_THIN,LIQUIDITY_TOO_WEAK,SCORE_TOO_LOW,SENTIMENT_CAUTION,SENTIMENT_TOO_WEAK,SUPPORT_NOT_CONFIRMED
[DECISION] 2026-04-20T02:59:00+00:00 PEPEUSDT mode=cash side=flat score=57.92
[SUBMISSION_GATE] PEPEUSDT allow=False can_open=True existing=no pending_external=False order_cooldown=False manual_cooldown=False live_allowed=True
[EXEC_PREFLIGHT] PEPEUSDT allow=False live_allowed=True managed=cash:0.00 prepared=cash:0.00 reasons=DIRECTION_CONFLICT,EDGE_BELOW_COST,EDGE_TOO_THIN,LIQUIDITY_TOO_WEAK,SCORE_TOO_LOW,SENTIMENT_CAUTION,SENTIMENT_TOO_WEAK,SUPPORT_NOT_CONFIRMED
[DECISION] 2026-04-20T03:00:00+00:00 PEPEUSDT mode=cash side=flat score=57.92
[SUBMISSION_GATE] PEPEUSDT allow=False can_open=True existing=no pending_external=False order_cooldown=False manual_cooldown=False live_allowed=True
[EXEC_PREFLIGHT] PEPEUSDT allow=False live_allowed=True managed=cash:0.00 prepared=cash:0.00 reasons=DIRECTION_CONFLICT,EDGE_BELOW_COST,EDGE_TOO_THIN,LIQUIDITY_TOO_WEAK,SCORE_TOO_LOW,SENTIMENT_CAUTION,SENTIMENT_TOO_WEAK,SUPPORT_NOT_CONFIRMED
[DECISION] 2026-04-20T03:01:00+00:00 PEPEUSDT mode=cash side=flat score=57.92
[SUBMISSION_GATE] PEPEUSDT allow=False can_open=True existing=no pending_external=False order_cooldown=False manual_cooldown=False live_allowed=True
[EXEC_PREFLIGHT] PEPEUSDT allow=False live_allowed=True managed=cash:0.00 prepared=cash:0.00 reasons=DIRECTION_CONFLICT,EDGE_BELOW_COST,EDGE_TOO_THIN,LIQUIDITY_TOO_WEAK,SCORE_TOO_LOW,SENTIMENT_CAUTION,SENTIMENT_TOO_WEAK,SUPPORT_NOT_CONFIRMED
[HEARTBEAT] events=41375 decisions=45 live_orders=0 tested_orders=0
[HEARTBEAT] events=41400 decisions=45 live_orders=0 tested_orders=0
[HEARTBEAT] events=41425 decisions=45 live_orders=0 tested_orders=0
[HEARTBEAT] events=41450 decisions=45 live_orders=0 tested_orders=0
[HEARTBEAT] events=41475 decisions=45 live_orders=0 tested_orders=0
[HEARTBEAT] events=41500 decisions=45 live_orders=0 tested_orders=0
[HEARTBEAT] events=41525 decisions=45 live_orders=0 tested_orders=0
[HEARTBEAT] events=41550 decisions=45 live_orders=0 tested_orders=0
[HEARTBEAT] events=41575 decisions=45 live_orders=0 tested_orders=0
[HEARTBEAT] events=41600 decisions=45 live_orders=0 tested_orders=0
[HEARTBEAT] events=41625 decisions=45 live_orders=0 tested_orders=0
[HEARTBEAT] events=41650 decisions=45 live_orders=0 tested_orders=0
[HEARTBEAT] events=41675 decisions=45 live_orders=0 tested_orders=0
[HEARTBEAT] events=41700 decisions=45 live_orders=0 tested_orders=0
[HEARTBEAT] events=41725 decisions=45 live_orders=0 tested_orders=0
[HEARTBEAT] events=41750 decisions=45 live_orders=0 tested_orders=0
[HEARTBEAT] events=41775 decisions=45 live_orders=0 tested_orders=0
[HEARTBEAT] events=41800 decisions=45 live_orders=0 tested_orders=0
[HEARTBEAT] events=41825 decisions=45 live_orders=0 tested_orders=0
[HEARTBEAT] events=41850 decisions=45 live_orders=0 tested_orders=0
[HEARTBEAT] events=41875 decisions=45 live_orders=0 tested_orders=0
[HEARTBEAT] events=41900 decisions=45 live_orders=0 tested_orders=0
[HEARTBEAT] events=41925 decisions=45 live_orders=0 tested_orders=0
[HEARTBEAT] events=41950 decisions=45 live_orders=0 tested_orders=0
[HEARTBEAT] events=41975 decisions=45 live_orders=0 tested_orders=0
[HEARTBEAT] events=42000 decisions=45 live_orders=0 tested_orders=0
[HEARTBEAT] events=42025 decisions=45 live_orders=0 tested_orders=0
[HEARTBEAT] events=42050 decisions=45 live_orders=0 tested_orders=0
[HEARTBEAT] events=42075 decisions=45 live_orders=0 tested_orders=0
[HEARTBEAT] events=42100 decisions=45 live_orders=0 tested_orders=0
[HEARTBEAT] events=42125 decisions=45 live_orders=0 tested_orders=0
[HEARTBEAT] events=42150 decisions=45 live_orders=0 tested_orders=0
[HEARTBEAT] events=42175 decisions=45 live_orders=0 tested_orders=0
[HEARTBEAT] events=42200 decisions=45 live_orders=0 tested_orders=0
[HEARTBEAT] events=42225 decisions=45 live_orders=0 tested_orders=0
[HEARTBEAT] events=42250 decisions=45 live_orders=0 tested_orders=0
[HEARTBEAT] events=42275 decisions=45 live_orders=0 tested_orders=0
[HEARTBEAT] events=42300 decisions=45 live_orders=0 tested_orders=0
[HEARTBEAT] events=42325 decisions=45 live_orders=0 tested_orders=0
[HEARTBEAT] events=42350 decisions=45 live_orders=0 tested_orders=0
[HEARTBEAT] events=42375 decisions=45 live_orders=0 tested_orders=0
[HEARTBEAT] events=42400 decisions=45 live_orders=0 tested_orders=0
[HEARTBEAT] events=42425 decisions=45 live_orders=0 tested_orders=0
[HEARTBEAT] events=42450 decisions=45 live_orders=0 tested_orders=0
[HEARTBEAT] events=42475 decisions=45 live_orders=0 tested_orders=0
[HEARTBEAT] events=42500 decisions=45 live_orders=0 tested_orders=0
[HEARTBEAT] events=42525 decisions=45 live_orders=0 tested_orders=0
[HEARTBEAT] events=42550 decisions=45 live_orders=0 tested_orders=0
[HEARTBEAT] events=42575 decisions=45 live_orders=0 tested_orders=0
[HEARTBEAT] events=42600 decisions=45 live_orders=0 tested_orders=0
[HEARTBEAT] events=42625 decisions=45 live_orders=0 tested_orders=0
[HEARTBEAT] events=42650 decisions=45 live_orders=0 tested_orders=0
[HEARTBEAT] events=42675 decisions=45 live_orders=0 tested_orders=0
[HEARTBEAT] events=42700 decisions=45 live_orders=0 tested_orders=0
[HEARTBEAT] events=42725 decisions=45 live_orders=0 tested_orders=0
[HEARTBEAT] events=42750 decisions=45 live_orders=0 tested_orders=0
[HEARTBEAT] events=42775 decisions=45 live_orders=0 tested_orders=0
[HEARTBEAT] events=42800 decisions=45 live_orders=0 tested_orders=0
[HEARTBEAT] events=42825 decisions=45 live_orders=0 tested_orders=0
[HEARTBEAT] events=42850 decisions=45 live_orders=0 tested_orders=0
[HEARTBEAT] events=42875 decisions=45 live_orders=0 tested_orders=0
[HEARTBEAT] events=42900 decisions=45 live_orders=0 tested_orders=0
[DECISION] 2026-04-20T02:58:00+00:00 PEPEUSDT mode=cash side=flat score=42.43
[SUBMISSION_GATE] PEPEUSDT allow=False can_open=True existing=no pending_external=False order_cooldown=False manual_cooldown=False live_allowed=True
[EXEC_PREFLIGHT] PEPEUSDT allow=False live_allowed=True managed=cash:0.00 prepared=cash:0.00 reasons=DIRECTION_CONFLICT,EDGE_BELOW_COST,EDGE_TOO_THIN,LIQUIDITY_TOO_WEAK,SCORE_TOO_LOW,SENTIMENT_CAUTION,SENTIMENT_TOO_WEAK,SUPPORT_NOT_CONFIRMED
[DECISION] 2026-04-20T02:59:00+00:00 PEPEUSDT mode=cash side=flat score=57.73
[SUBMISSION_GATE] PEPEUSDT allow=False can_open=True existing=no pending_external=False order_cooldown=False manual_cooldown=False live_allowed=True
[EXEC_PREFLIGHT] PEPEUSDT allow=False live_allowed=True managed=cash:0.00 prepared=cash:0.00 reasons=DIRECTION_CONFLICT,EDGE_BELOW_COST,EDGE_TOO_THIN,LIQUIDITY_TOO_WEAK,SCORE_TOO_LOW,SENTIMENT_CAUTION,SENTIMENT_TOO_WEAK,SUPPORT_NOT_CONFIRMED
[DECISION] 2026-04-20T03:00:00+00:00 PEPEUSDT mode=cash side=flat score=57.73
[SUBMISSION_GATE] PEPEUSDT allow=False can_open=True existing=no pending_external=False order_cooldown=False manual_cooldown=False live_allowed=True
[EXEC_PREFLIGHT] PEPEUSDT allow=False live_allowed=True managed=cash:0.00 prepared=cash:0.00 reasons=DIRECTION_CONFLICT,EDGE_BELOW_COST,EDGE_TOO_THIN,LIQUIDITY_TOO_WEAK,SCORE_TOO_LOW,SENTIMENT_CAUTION,SENTIMENT_TOO_WEAK,SUPPORT_NOT_CONFIRMED
[DECISION] 2026-04-20T03:01:00+00:00 PEPEUSDT mode=cash side=flat score=57.74
[SUBMISSION_GATE] PEPEUSDT allow=False can_open=True existing=no pending_external=False order_cooldown=False manual_cooldown=False live_allowed=True
[EXEC_PREFLIGHT] PEPEUSDT allow=False live_allowed=True managed=cash:0.00 prepared=cash:0.00 reasons=DIRECTION_CONFLICT,EDGE_BELOW_COST,EDGE_TOO_THIN,LIQUIDITY_TOO_WEAK,SCORE_TOO_LOW,SENTIMENT_CAUTION,SENTIMENT_TOO_WEAK,SUPPORT_NOT_CONFIRMED
[DECISION] 2026-04-20T03:02:00+00:00 PEPEUSDT mode=cash side=flat score=57.73
[SUBMISSION_GATE] PEPEUSDT allow=False can_open=True existing=no pending_external=False order_cooldown=False manual_cooldown=False live_allowed=True
[EXEC_PREFLIGHT] PEPEUSDT allow=False live_allowed=True managed=cash:0.00 prepared=cash:0.00 reasons=DIRECTION_CONFLICT,EDGE_BELOW_COST,EDGE_TOO_THIN,LIQUIDITY_TOO_WEAK,SCORE_TOO_LOW,SENTIMENT_CAUTION,SENTIMENT_TOO_WEAK,SUPPORT_NOT_CONFIRMED
[HEARTBEAT] events=42925 decisions=50 live_orders=0 tested_orders=0
[HEARTBEAT] events=42950 decisions=50 live_orders=0 tested_orders=0
[HEARTBEAT] events=42975 decisions=50 live_orders=0 tested_orders=0
[HEARTBEAT] events=43000 decisions=50 live_orders=0 tested_orders=0
[HEARTBEAT] events=43025 decisions=50 live_orders=0 tested_orders=0
[HEARTBEAT] events=43050 decisions=50 live_orders=0 tested_orders=0
[HEARTBEAT] events=43075 decisions=50 live_orders=0 tested_orders=0
[HEARTBEAT] events=43100 decisions=50 live_orders=0 tested_orders=0
[HEARTBEAT] events=43125 decisions=50 live_orders=0 tested_orders=0
[HEARTBEAT] events=43150 decisions=50 live_orders=0 tested_orders=0
[HEARTBEAT] events=43175 decisions=50 live_orders=0 tested_orders=0
[HEARTBEAT] events=43200 decisions=50 live_orders=0 tested_orders=0
[HEARTBEAT] events=43225 decisions=50 live_orders=0 tested_orders=0
[HEARTBEAT] events=43250 decisions=50 live_orders=0 tested_orders=0
[HEARTBEAT] events=43275 decisions=50 live_orders=0 tested_orders=0
[HEARTBEAT] events=43300 decisions=50 live_orders=0 tested_orders=0
[HEARTBEAT] events=43325 decisions=50 live_orders=0 tested_orders=0
[HEARTBEAT] events=43350 decisions=50 live_orders=0 tested_orders=0
[HEARTBEAT] events=43375 decisions=50 live_orders=0 tested_orders=0
[HEARTBEAT] events=43400 decisions=50 live_orders=0 tested_orders=0
[HEARTBEAT] events=43425 decisions=50 live_orders=0 tested_orders=0
[HEARTBEAT] events=43450 decisions=50 live_orders=0 tested_orders=0
[HEARTBEAT] events=43475 decisions=50 live_orders=0 tested_orders=0
[HEARTBEAT] events=43500 decisions=50 live_orders=0 tested_orders=0
[HEARTBEAT] events=43525 decisions=50 live_orders=0 tested_orders=0
[HEARTBEAT] events=43550 decisions=50 live_orders=0 tested_orders=0
[HEARTBEAT] events=43575 decisions=50 live_orders=0 tested_orders=0
[HEARTBEAT] events=43600 decisions=50 live_orders=0 tested_orders=0
[HEARTBEAT] events=43625 decisions=50 live_orders=0 tested_orders=0
[HEARTBEAT] events=43650 decisions=50 live_orders=0 tested_orders=0
[HEARTBEAT] events=43675 decisions=50 live_orders=0 tested_orders=0
[HEARTBEAT] events=43700 decisions=50 live_orders=0 tested_orders=0
[HEARTBEAT] events=43725 decisions=50 live_orders=0 tested_orders=0
[HEARTBEAT] events=43750 decisions=50 live_orders=0 tested_orders=0
[HEARTBEAT] events=43775 decisions=50 live_orders=0 tested_orders=0
[HEARTBEAT] events=43800 decisions=50 live_orders=0 tested_orders=0
[HEARTBEAT] events=43825 decisions=50 live_orders=0 tested_orders=0
[HEARTBEAT] events=43850 decisions=50 live_orders=0 tested_orders=0
[HEARTBEAT] events=43875 decisions=50 live_orders=0 tested_orders=0
[HEARTBEAT] events=43900 decisions=50 live_orders=0 tested_orders=0
[HEARTBEAT] events=43925 decisions=50 live_orders=0 tested_orders=0
[HEARTBEAT] events=43950 decisions=50 live_orders=0 tested_orders=0
[HEARTBEAT] events=43975 decisions=50 live_orders=0 tested_orders=0
[HEARTBEAT] events=44000 decisions=50 live_orders=0 tested_orders=0
[HEARTBEAT] events=44025 decisions=50 live_orders=0 tested_orders=0
[HEARTBEAT] events=44050 decisions=50 live_orders=0 tested_orders=0
[HEARTBEAT] events=44075 decisions=50 live_orders=0 tested_orders=0
[HEARTBEAT] events=44100 decisions=50 live_orders=0 tested_orders=0
[HEARTBEAT] events=44125 decisions=50 live_orders=0 tested_orders=0
[HEARTBEAT] events=44150 decisions=50 live_orders=0 tested_orders=0
[HEARTBEAT] events=44175 decisions=50 live_orders=0 tested_orders=0
[HEARTBEAT] events=44200 decisions=50 live_orders=0 tested_orders=0
[HEARTBEAT] events=44225 decisions=50 live_orders=0 tested_orders=0
[HEARTBEAT] events=44250 decisions=50 live_orders=0 tested_orders=0
[HEARTBEAT] events=44275 decisions=50 live_orders=0 tested_orders=0
[HEARTBEAT] events=44300 decisions=50 live_orders=0 tested_orders=0
[HEARTBEAT] events=44325 decisions=50 live_orders=0 tested_orders=0
[HEARTBEAT] events=44350 decisions=50 live_orders=0 tested_orders=0
[HEARTBEAT] events=44375 decisions=50 live_orders=0 tested_orders=0
[HEARTBEAT] events=44400 decisions=50 live_orders=0 tested_orders=0
[HEARTBEAT] events=44425 decisions=50 live_orders=0 tested_orders=0
[DECISION] 2026-04-20T02:58:00+00:00 DOGEUSDT mode=futures side=long score=57.43
[SUBMISSION_GATE] DOGEUSDT allow=True can_open=True existing=no pending_external=False order_cooldown=False manual_cooldown=False live_allowed=True
[EXEC_PREFLIGHT] DOGEUSDT allow=True live_allowed=True managed=futures:129.79 prepared=cash:0.00 reasons=EXECUTIVE_OPERATING_VERDICT_ROLLBACK,LIVE_EVIDENCE_REJUDGE_BLOCKED
[DECISION] 2026-04-20T02:59:00+00:00 DOGEUSDT mode=futures side=long score=57.43
[SUBMISSION_GATE] DOGEUSDT allow=True can_open=True existing=no pending_external=False order_cooldown=False manual_cooldown=False live_allowed=True
[EXEC_PREFLIGHT] DOGEUSDT allow=True live_allowed=True managed=futures:129.79 prepared=cash:0.00 reasons=EXECUTIVE_OPERATING_VERDICT_ROLLBACK,LIVE_EVIDENCE_REJUDGE_BLOCKED
[DECISION] 2026-04-20T03:00:00+00:00 DOGEUSDT mode=futures side=long score=57.43
[SUBMISSION_GATE] DOGEUSDT allow=True can_open=True existing=no pending_external=False order_cooldown=False manual_cooldown=False live_allowed=True
[EXEC_PREFLIGHT] DOGEUSDT allow=True live_allowed=True managed=futures:129.79 prepared=cash:0.00 reasons=EXECUTIVE_OPERATING_VERDICT_ROLLBACK,LIVE_EVIDENCE_REJUDGE_BLOCKED
[DECISION] 2026-04-20T03:01:00+00:00 DOGEUSDT mode=cash side=flat score=44.48
[SUBMISSION_GATE] DOGEUSDT allow=False can_open=True existing=no pending_external=False order_cooldown=False manual_cooldown=False live_allowed=True
[EXEC_PREFLIGHT] DOGEUSDT allow=False live_allowed=True managed=cash:0.00 prepared=cash:0.00 reasons=DIRECTION_CONFLICT,EDGE_BELOW_COST,EDGE_TOO_THIN,LIQUIDITY_TOO_WEAK,SCORE_TOO_LOW,SENTIMENT_CAUTION,SENTIMENT_TOO_WEAK,SUPPORT_NOT_CONFIRMED
[DECISION] 2026-04-20T03:02:00+00:00 DOGEUSDT mode=cash side=flat score=44.48
[SUBMISSION_GATE] DOGEUSDT allow=False can_open=True existing=no pending_external=False order_cooldown=False manual_cooldown=False live_allowed=True
[EXEC_PREFLIGHT] DOGEUSDT allow=False live_allowed=True managed=cash:0.00 prepared=cash:0.00 reasons=DIRECTION_CONFLICT,EDGE_BELOW_COST,EDGE_TOO_THIN,LIQUIDITY_TOO_WEAK,SCORE_TOO_LOW,SENTIMENT_CAUTION,SENTIMENT_TOO_WEAK,SUPPORT_NOT_CONFIRMED
[HEARTBEAT] events=44450 decisions=55 live_orders=0 tested_orders=0
[HEARTBEAT] events=44475 decisions=55 live_orders=0 tested_orders=0
[HEARTBEAT] events=44500 decisions=55 live_orders=0 tested_orders=0
[HEARTBEAT] events=44525 decisions=55 live_orders=0 tested_orders=0
[HEARTBEAT] events=44550 decisions=55 live_orders=0 tested_orders=0
[HEARTBEAT] events=44575 decisions=55 live_orders=0 tested_orders=0
[HEARTBEAT] events=44600 decisions=55 live_orders=0 tested_orders=0
[HEARTBEAT] events=44625 decisions=55 live_orders=0 tested_orders=0
[HEARTBEAT] events=44650 decisions=55 live_orders=0 tested_orders=0
[HEARTBEAT] events=44675 decisions=55 live_orders=0 tested_orders=0
[HEARTBEAT] events=44700 decisions=55 live_orders=0 tested_orders=0
[HEARTBEAT] events=44725 decisions=55 live_orders=0 tested_orders=0
[HEARTBEAT] events=44750 decisions=55 live_orders=0 tested_orders=0
[HEARTBEAT] events=44775 decisions=55 live_orders=0 tested_orders=0
[HEARTBEAT] events=44800 decisions=55 live_orders=0 tested_orders=0
[HEARTBEAT] events=44825 decisions=55 live_orders=0 tested_orders=0
[HEARTBEAT] events=44850 decisions=55 live_orders=0 tested_orders=0
[HEARTBEAT] events=44875 decisions=55 live_orders=0 tested_orders=0
[HEARTBEAT] events=44900 decisions=55 live_orders=0 tested_orders=0
[HEARTBEAT] events=44925 decisions=55 live_orders=0 tested_orders=0
[DECISION] 2026-04-20T02:58:00+00:00 DOGEUSDT mode=futures side=long score=57.43
[SUBMISSION_GATE] DOGEUSDT allow=True can_open=True existing=no pending_external=False order_cooldown=False manual_cooldown=False live_allowed=True
[EXEC_PREFLIGHT] DOGEUSDT allow=True live_allowed=True managed=futures:129.79 prepared=cash:0.00 reasons=EXECUTIVE_OPERATING_VERDICT_ROLLBACK,LIVE_EVIDENCE_REJUDGE_BLOCKED,POLICY_BUCKET_OBSERVE_ONLY,SYMBOL_LIFECYCLE_HOLD
[DECISION] 2026-04-20T02:59:00+00:00 DOGEUSDT mode=futures side=long score=57.43
[SUBMISSION_GATE] DOGEUSDT allow=True can_open=True existing=no pending_external=False order_cooldown=False manual_cooldown=False live_allowed=True
[EXEC_PREFLIGHT] DOGEUSDT allow=True live_allowed=True managed=futures:129.79 prepared=cash:0.00 reasons=EXECUTIVE_OPERATING_VERDICT_ROLLBACK,LIVE_EVIDENCE_REJUDGE_BLOCKED,POLICY_BUCKET_OBSERVE_ONLY,SYMBOL_LIFECYCLE_HOLD
[DECISION] 2026-04-20T03:00:00+00:00 DOGEUSDT mode=futures side=long score=57.43
[SUBMISSION_GATE] DOGEUSDT allow=True can_open=True existing=no pending_external=False order_cooldown=False manual_cooldown=False live_allowed=True
[EXEC_PREFLIGHT] DOGEUSDT allow=True live_allowed=True managed=futures:129.79 prepared=cash:0.00 reasons=EXECUTIVE_OPERATING_VERDICT_ROLLBACK,LIVE_EVIDENCE_REJUDGE_BLOCKED,POLICY_BUCKET_OBSERVE_ONLY,SYMBOL_LIFECYCLE_HOLD
[DECISION] 2026-04-20T03:01:00+00:00 DOGEUSDT mode=cash side=flat score=44.48
[SUBMISSION_GATE] DOGEUSDT allow=False can_open=True existing=no pending_external=False order_cooldown=False manual_cooldown=False live_allowed=True
[EXEC_PREFLIGHT] DOGEUSDT allow=False live_allowed=True managed=cash:0.00 prepared=cash:0.00 reasons=DIRECTION_CONFLICT,EDGE_BELOW_COST,EDGE_TOO_THIN,LIQUIDITY_TOO_WEAK,SCORE_TOO_LOW,SENTIMENT_CAUTION,SENTIMENT_TOO_WEAK,SUPPORT_NOT_CONFIRMED
[DECISION] 2026-04-20T03:02:00+00:00 DOGEUSDT mode=cash side=flat score=44.48
[SUBMISSION_GATE] DOGEUSDT allow=False can_open=True existing=no pending_external=False order_cooldown=False manual_cooldown=False live_allowed=True
[EXEC_PREFLIGHT] DOGEUSDT allow=False live_allowed=True managed=cash:0.00 prepared=cash:0.00 reasons=DIRECTION_CONFLICT,EDGE_BELOW_COST,EDGE_TOO_THIN,LIQUIDITY_TOO_WEAK,SCORE_TOO_LOW,SENTIMENT_CAUTION,SENTIMENT_TOO_WEAK,SUPPORT_NOT_CONFIRMED
[HEARTBEAT] events=44950 decisions=60 live_orders=0 tested_orders=0
[HEARTBEAT] events=44975 decisions=60 live_orders=0 tested_orders=0
[HEARTBEAT] events=45000 decisions=60 live_orders=0 tested_orders=0
[HEARTBEAT] events=45025 decisions=60 live_orders=0 tested_orders=0
[HEARTBEAT] events=45050 decisions=60 live_orders=0 tested_orders=0
[HEARTBEAT] events=45075 decisions=60 live_orders=0 tested_orders=0
[HEARTBEAT] events=45100 decisions=60 live_orders=0 tested_orders=0
[HEARTBEAT] events=45125 decisions=60 live_orders=0 tested_orders=0
[HEARTBEAT] events=45150 decisions=60 live_orders=0 tested_orders=0
[HEARTBEAT] events=45175 decisions=60 live_orders=0 tested_orders=0
[HEARTBEAT] events=45200 decisions=60 live_orders=0 tested_orders=0
[HEARTBEAT] events=45225 decisions=60 live_orders=0 tested_orders=0
[HEARTBEAT] events=45250 decisions=60 live_orders=0 tested_orders=0
[HEARTBEAT] events=45275 decisions=60 live_orders=0 tested_orders=0
[HEARTBEAT] events=45300 decisions=60 live_orders=0 tested_orders=0
[HEARTBEAT] events=45325 decisions=60 live_orders=0 tested_orders=0
[HEARTBEAT] events=45350 decisions=60 live_orders=0 tested_orders=0
[HEARTBEAT] events=45375 decisions=60 live_orders=0 tested_orders=0
[HEARTBEAT] events=45400 decisions=60 live_orders=0 tested_orders=0
[HEARTBEAT] events=45425 decisions=60 live_orders=0 tested_orders=0
[HEARTBEAT] events=45450 decisions=60 live_orders=0 tested_orders=0
[HEARTBEAT] events=45475 decisions=60 live_orders=0 tested_orders=0
[HEARTBEAT] events=45500 decisions=60 live_orders=0 tested_orders=0
[HEARTBEAT] events=45525 decisions=60 live_orders=0 tested_orders=0
[HEARTBEAT] events=45550 decisions=60 live_orders=0 tested_orders=0
[HEARTBEAT] events=45575 decisions=60 live_orders=0 tested_orders=0
[SYNC] 2026-04-20T03:02:46.590533+00:00 account/open-order snapshot refreshed
[HEARTBEAT] events=45600 decisions=60 live_orders=0 tested_orders=0
[HEARTBEAT] events=45625 decisions=60 live_orders=0 tested_orders=0
[HEARTBEAT] events=45650 decisions=60 live_orders=0 tested_orders=0
[HEARTBEAT] events=45675 decisions=60 live_orders=0 tested_orders=0
[HEARTBEAT] events=45700 decisions=60 live_orders=0 tested_orders=0
[HEARTBEAT] events=45725 decisions=60 live_orders=0 tested_orders=0
[HEARTBEAT] events=45750 decisions=60 live_orders=0 tested_orders=0
[HEARTBEAT] events=45775 decisions=60 live_orders=0 tested_orders=0
[HEARTBEAT] events=45800 decisions=60 live_orders=0 tested_orders=0
[HEARTBEAT] events=45825 decisions=60 live_orders=0 tested_orders=0
[HEARTBEAT] events=45850 decisions=60 live_orders=0 tested_orders=0
[HEARTBEAT] events=45875 decisions=60 live_orders=0 tested_orders=0
[HEARTBEAT] events=45900 decisions=60 live_orders=0 tested_orders=0
[HEARTBEAT] events=45925 decisions=60 live_orders=0 tested_orders=0
[DECISION] 2026-04-20T02:58:00+00:00 SOLUSDT mode=cash side=flat score=49.08
[SUBMISSION_GATE] SOLUSDT allow=False can_open=True existing=no pending_external=False order_cooldown=False manual_cooldown=False live_allowed=True
[EXEC_PREFLIGHT] SOLUSDT allow=False live_allowed=True managed=cash:0.00 prepared=cash:0.00 reasons=EDGE_TOO_THIN,LIQUIDITY_TOO_WEAK,SCORE_TOO_LOW,SENTIMENT_CAUTION,SUPPORT_NOT_CONFIRMED
[DECISION] 2026-04-20T02:59:00+00:00 SOLUSDT mode=cash side=flat score=49.08
[SUBMISSION_GATE] SOLUSDT allow=False can_open=True existing=no pending_external=False order_cooldown=False manual_cooldown=False live_allowed=True
[EXEC_PREFLIGHT] SOLUSDT allow=False live_allowed=True managed=cash:0.00 prepared=cash:0.00 reasons=EDGE_TOO_THIN,LIQUIDITY_TOO_WEAK,SCORE_TOO_LOW,SENTIMENT_CAUTION,SUPPORT_NOT_CONFIRMED
[DECISION] 2026-04-20T03:00:00+00:00 SOLUSDT mode=cash side=flat score=56.27
[SUBMISSION_GATE] SOLUSDT allow=False can_open=True existing=no pending_external=False order_cooldown=False manual_cooldown=False live_allowed=True
[EXEC_PREFLIGHT] SOLUSDT allow=False live_allowed=True managed=cash:0.00 prepared=cash:0.00 reasons=DIRECTION_CONFLICT,EDGE_BELOW_COST,LIQUIDITY_TOO_WEAK,SCORE_TOO_LOW,SUPPORT_NOT_CONFIRMED
[DECISION] 2026-04-20T03:01:00+00:00 SOLUSDT mode=cash side=flat score=56.27
[SUBMISSION_GATE] SOLUSDT allow=False can_open=True existing=no pending_external=False order_cooldown=False manual_cooldown=False live_allowed=True
[EXEC_PREFLIGHT] SOLUSDT allow=False live_allowed=True managed=cash:0.00 prepared=cash:0.00 reasons=DIRECTION_CONFLICT,EDGE_BELOW_COST,LIQUIDITY_TOO_WEAK,SCORE_TOO_LOW,SUPPORT_NOT_CONFIRMED
[DECISION] 2026-04-20T03:02:00+00:00 SOLUSDT mode=cash side=flat score=56.27
[SUBMISSION_GATE] SOLUSDT allow=False can_open=True existing=no pending_external=False order_cooldown=False manual_cooldown=False live_allowed=True
[EXEC_PREFLIGHT] SOLUSDT allow=False live_allowed=True managed=cash:0.00 prepared=cash:0.00 reasons=DIRECTION_CONFLICT,EDGE_BELOW_COST,LIQUIDITY_TOO_WEAK,SCORE_TOO_LOW,SUPPORT_NOT_CONFIRMED
[HEARTBEAT] events=45950 decisions=65 live_orders=0 tested_orders=0
[HEARTBEAT] events=45975 decisions=65 live_orders=0 tested_orders=0
[HEARTBEAT] events=46000 decisions=65 live_orders=0 tested_orders=0
[HEARTBEAT] events=46025 decisions=65 live_orders=0 tested_orders=0
[HEARTBEAT] events=46050 decisions=65 live_orders=0 tested_orders=0
[HEARTBEAT] events=46075 decisions=65 live_orders=0 tested_orders=0
[HEARTBEAT] events=46100 decisions=65 live_orders=0 tested_orders=0
[HEARTBEAT] events=46125 decisions=65 live_orders=0 tested_orders=0
[HEARTBEAT] events=46150 decisions=65 live_orders=0 tested_orders=0
[HEARTBEAT] events=46175 decisions=65 live_orders=0 tested_orders=0
[HEARTBEAT] events=46200 decisions=65 live_orders=0 tested_orders=0
[HEARTBEAT] events=46225 decisions=65 live_orders=0 tested_orders=0
[HEARTBEAT] events=46250 decisions=65 live_orders=0 tested_orders=0
[HEARTBEAT] events=46275 decisions=65 live_orders=0 tested_orders=0
[HEARTBEAT] events=46300 decisions=65 live_orders=0 tested_orders=0
[HEARTBEAT] events=46325 decisions=65 live_orders=0 tested_orders=0
[HEARTBEAT] events=46350 decisions=65 live_orders=0 tested_orders=0
[HEARTBEAT] events=46375 decisions=65 live_orders=0 tested_orders=0
[HEARTBEAT] events=46400 decisions=65 live_orders=0 tested_orders=0
[HEARTBEAT] events=46425 decisions=65 live_orders=0 tested_orders=0
[HEARTBEAT] events=46450 decisions=65 live_orders=0 tested_orders=0
[HEARTBEAT] events=46475 decisions=65 live_orders=0 tested_orders=0
[HEARTBEAT] events=46500 decisions=65 live_orders=0 tested_orders=0
[HEARTBEAT] events=46525 decisions=65 live_orders=0 tested_orders=0
[HEARTBEAT] events=46550 decisions=65 live_orders=0 tested_orders=0
[HEARTBEAT] events=46575 decisions=65 live_orders=0 tested_orders=0
[HEARTBEAT] events=46600 decisions=65 live_orders=0 tested_orders=0
[HEARTBEAT] events=46625 decisions=65 live_orders=0 tested_orders=0
[HEARTBEAT] events=46650 decisions=65 live_orders=0 tested_orders=0
[HEARTBEAT] events=46675 decisions=65 live_orders=0 tested_orders=0
[HEARTBEAT] events=46700 decisions=65 live_orders=0 tested_orders=0
[HEARTBEAT] events=46725 decisions=65 live_orders=0 tested_orders=0
[HEARTBEAT] events=46750 decisions=65 live_orders=0 tested_orders=0
[HEARTBEAT] events=46775 decisions=65 live_orders=0 tested_orders=0
[HEARTBEAT] events=46800 decisions=65 live_orders=0 tested_orders=0
[HEARTBEAT] events=46825 decisions=65 live_orders=0 tested_orders=0
[HEARTBEAT] events=46850 decisions=65 live_orders=0 tested_orders=0
[HEARTBEAT] events=46875 decisions=65 live_orders=0 tested_orders=0
[HEARTBEAT] events=46900 decisions=65 live_orders=0 tested_orders=0
[HEARTBEAT] events=46925 decisions=65 live_orders=0 tested_orders=0
[HEARTBEAT] events=46950 decisions=65 live_orders=0 tested_orders=0
[HEARTBEAT] events=46975 decisions=65 live_orders=0 tested_orders=0
[HEARTBEAT] events=47000 decisions=65 live_orders=0 tested_orders=0
[HEARTBEAT] events=47025 decisions=65 live_orders=0 tested_orders=0
[HEARTBEAT] events=47050 decisions=65 live_orders=0 tested_orders=0
[HEARTBEAT] events=47075 decisions=65 live_orders=0 tested_orders=0
[HEARTBEAT] events=47100 decisions=65 live_orders=0 tested_orders=0
[HEARTBEAT] events=47125 decisions=65 live_orders=0 tested_orders=0
[HEARTBEAT] events=47150 decisions=65 live_orders=0 tested_orders=0
[HEARTBEAT] events=47175 decisions=65 live_orders=0 tested_orders=0
[HEARTBEAT] events=47200 decisions=65 live_orders=0 tested_orders=0
[HEARTBEAT] events=47225 decisions=65 live_orders=0 tested_orders=0
[HEARTBEAT] events=47250 decisions=65 live_orders=0 tested_orders=0
[HEARTBEAT] events=47275 decisions=65 live_orders=0 tested_orders=0
[HEARTBEAT] events=47300 decisions=65 live_orders=0 tested_orders=0
[HEARTBEAT] events=47325 decisions=65 live_orders=0 tested_orders=0
[HEARTBEAT] events=47350 decisions=65 live_orders=0 tested_orders=0
[HEARTBEAT] events=47375 decisions=65 live_orders=0 tested_orders=0
[HEARTBEAT] events=47400 decisions=65 live_orders=0 tested_orders=0
[HEARTBEAT] events=47425 decisions=65 live_orders=0 tested_orders=0
[HEARTBEAT] events=47450 decisions=65 live_orders=0 tested_orders=0
[DECISION] 2026-04-20T03:03:00+00:00 DOGEUSDT mode=cash side=flat score=44.74
[SUBMISSION_GATE] DOGEUSDT allow=False can_open=True existing=no pending_external=False order_cooldown=False manual_cooldown=False live_allowed=True
[EXEC_PREFLIGHT] DOGEUSDT allow=False live_allowed=True managed=cash:0.00 prepared=cash:0.00 reasons=DIRECTION_CONFLICT,EDGE_BELOW_COST,EDGE_TOO_THIN,LIQUIDITY_TOO_WEAK,SCORE_TOO_LOW,SENTIMENT_CAUTION,SENTIMENT_TOO_WEAK,SUPPORT_NOT_CONFIRMED
[HEARTBEAT] events=47475 decisions=66 live_orders=0 tested_orders=0
[HEARTBEAT] events=47500 decisions=66 live_orders=0 tested_orders=0
[HEARTBEAT] events=47525 decisions=66 live_orders=0 tested_orders=0
[HEARTBEAT] events=47550 decisions=66 live_orders=0 tested_orders=0
[HEARTBEAT] events=47575 decisions=66 live_orders=0 tested_orders=0
[HEARTBEAT] events=47600 decisions=66 live_orders=0 tested_orders=0
[HEARTBEAT] events=47625 decisions=66 live_orders=0 tested_orders=0
[HEARTBEAT] events=47650 decisions=66 live_orders=0 tested_orders=0
[HEARTBEAT] events=47675 decisions=66 live_orders=0 tested_orders=0
[HEARTBEAT] events=47700 decisions=66 live_orders=0 tested_orders=0
[HEARTBEAT] events=47725 decisions=66 live_orders=0 tested_orders=0
[HEARTBEAT] events=47750 decisions=66 live_orders=0 tested_orders=0
[HEARTBEAT] events=47775 decisions=66 live_orders=0 tested_orders=0
[HEARTBEAT] events=47800 decisions=66 live_orders=0 tested_orders=0
[HEARTBEAT] events=47825 decisions=66 live_orders=0 tested_orders=0
[HEARTBEAT] events=47850 decisions=66 live_orders=0 tested_orders=0
[HEARTBEAT] events=47875 decisions=66 live_orders=0 tested_orders=0
[HEARTBEAT] events=47900 decisions=66 live_orders=0 tested_orders=0
[HEARTBEAT] events=47925 decisions=66 live_orders=0 tested_orders=0
[HEARTBEAT] events=47950 decisions=66 live_orders=0 tested_orders=0
[DECISION] 2026-04-20T02:58:00+00:00 ETHUSDT mode=cash side=flat score=61.47
[SUBMISSION_GATE] ETHUSDT allow=False can_open=True existing=no pending_external=False order_cooldown=False manual_cooldown=False live_allowed=True
[EXEC_PREFLIGHT] ETHUSDT allow=False live_allowed=True managed=cash:0.00 prepared=cash:0.00 reasons=DIRECTION_CONFLICT,EDGE_BELOW_COST,LIQUIDITY_TOO_WEAK,SCORE_TOO_LOW
[DECISION] 2026-04-20T02:59:00+00:00 ETHUSDT mode=cash side=flat score=43.72
[SUBMISSION_GATE] ETHUSDT allow=False can_open=True existing=no pending_external=False order_cooldown=False manual_cooldown=False live_allowed=True
[EXEC_PREFLIGHT] ETHUSDT allow=False live_allowed=True managed=cash:0.00 prepared=cash:0.00 reasons=DIRECTION_CONFLICT,EDGE_BELOW_COST,LIQUIDITY_TOO_WEAK,SCORE_TOO_LOW,SENTIMENT_CAUTION
[DECISION] 2026-04-20T03:00:00+00:00 ETHUSDT mode=cash side=flat score=61.47
[SUBMISSION_GATE] ETHUSDT allow=False can_open=True existing=no pending_external=False order_cooldown=False manual_cooldown=False live_allowed=True
[EXEC_PREFLIGHT] ETHUSDT allow=False live_allowed=True managed=cash:0.00 prepared=cash:0.00 reasons=DIRECTION_CONFLICT,EDGE_BELOW_COST,LIQUIDITY_TOO_WEAK,SCORE_TOO_LOW
[DECISION] 2026-04-20T03:01:00+00:00 ETHUSDT mode=cash side=flat score=61.47
[SUBMISSION_GATE] ETHUSDT allow=False can_open=True existing=no pending_external=False order_cooldown=False manual_cooldown=False live_allowed=True
[EXEC_PREFLIGHT] ETHUSDT allow=False live_allowed=True managed=cash:0.00 prepared=cash:0.00 reasons=DIRECTION_CONFLICT,EDGE_BELOW_COST,LIQUIDITY_TOO_WEAK,SCORE_TOO_LOW
[DECISION] 2026-04-20T03:02:00+00:00 ETHUSDT mode=cash side=flat score=61.47
[SUBMISSION_GATE] ETHUSDT allow=False can_open=True existing=no pending_external=False order_cooldown=False manual_cooldown=False live_allowed=True
[EXEC_PREFLIGHT] ETHUSDT allow=False live_allowed=True managed=cash:0.00 prepared=cash:0.00 reasons=DIRECTION_CONFLICT,EDGE_BELOW_COST,LIQUIDITY_TOO_WEAK,SCORE_TOO_LOW
[HEARTBEAT] events=47975 decisions=71 live_orders=0 tested_orders=0
[HEARTBEAT] events=48000 decisions=71 live_orders=0 tested_orders=0
[HEARTBEAT] events=48025 decisions=71 live_orders=0 tested_orders=0
[HEARTBEAT] events=48050 decisions=71 live_orders=0 tested_orders=0
[HEARTBEAT] events=48075 decisions=71 live_orders=0 tested_orders=0
[HEARTBEAT] events=48100 decisions=71 live_orders=0 tested_orders=0
[DECISION] 2026-04-20T03:03:00+00:00 PEPEUSDT mode=cash side=flat score=62.02
[SUBMISSION_GATE] PEPEUSDT allow=False can_open=True existing=no pending_external=False order_cooldown=False manual_cooldown=False live_allowed=True
[EXEC_PREFLIGHT] PEPEUSDT allow=False live_allowed=True managed=cash:0.00 prepared=cash:0.00 reasons=DIRECTION_CONFLICT,EDGE_BELOW_COST,LIQUIDITY_TOO_WEAK,SCORE_TOO_LOW,SENTIMENT_TOO_WEAK,SUPPORT_NOT_CONFIRMED
[HEARTBEAT] events=48125 decisions=72 live_orders=0 tested_orders=0
[DECISION] 2026-04-20T03:03:00+00:00 SOLUSDT mode=cash side=flat score=55.56
[SUBMISSION_GATE] SOLUSDT allow=False can_open=True existing=no pending_external=False order_cooldown=False manual_cooldown=False live_allowed=True
[EXEC_PREFLIGHT] SOLUSDT allow=False live_allowed=True managed=cash:0.00 prepared=cash:0.00 reasons=DIRECTION_CONFLICT,EDGE_BELOW_COST,LIQUIDITY_TOO_WEAK,SCORE_TOO_LOW,SUPPORT_NOT_CONFIRMED
[DECISION] 2026-04-20T03:03:00+00:00 ETHUSDT mode=cash side=flat score=67.21
[SUBMISSION_GATE] ETHUSDT allow=False can_open=True existing=no pending_external=False order_cooldown=False manual_cooldown=False live_allowed=True
[EXEC_PREFLIGHT] ETHUSDT allow=False live_allowed=True managed=cash:0.00 prepared=cash:0.00 reasons=DIRECTION_CONFLICT,EDGE_BELOW_COST,LIQUIDITY_TOO_WEAK,SCORE_TOO_LOW
[HEARTBEAT] events=48150 decisions=74 live_orders=0 tested_orders=0
[HEARTBEAT] events=48175 decisions=74 live_orders=0 tested_orders=0
[HEARTBEAT] events=48200 decisions=74 live_orders=0 tested_orders=0
[HEARTBEAT] events=48225 decisions=74 live_orders=0 tested_orders=0
[HEARTBEAT] events=48250 decisions=74 live_orders=0 tested_orders=0
[HEARTBEAT] events=48275 decisions=74 live_orders=0 tested_orders=0
[HEARTBEAT] events=48300 decisions=74 live_orders=0 tested_orders=0
[HEARTBEAT] events=48325 decisions=74 live_orders=0 tested_orders=0
[HEARTBEAT] events=48350 decisions=74 live_orders=0 tested_orders=0
[HEARTBEAT] events=48375 decisions=74 live_orders=0 tested_orders=0
[HEARTBEAT] events=48400 decisions=74 live_orders=0 tested_orders=0
[HEARTBEAT] events=48425 decisions=74 live_orders=0 tested_orders=0
[HEARTBEAT] events=48450 decisions=74 live_orders=0 tested_orders=0
[HEARTBEAT] events=48475 decisions=74 live_orders=0 tested_orders=0
[HEARTBEAT] events=48500 decisions=74 live_orders=0 tested_orders=0
[HEARTBEAT] events=48525 decisions=74 live_orders=0 tested_orders=0
[HEARTBEAT] events=48550 decisions=74 live_orders=0 tested_orders=0
[HEARTBEAT] events=48575 decisions=74 live_orders=0 tested_orders=0
[HEARTBEAT] events=48600 decisions=74 live_orders=0 tested_orders=0
[HEARTBEAT] events=48625 decisions=74 live_orders=0 tested_orders=0
[HEARTBEAT] events=48650 decisions=74 live_orders=0 tested_orders=0
[HEARTBEAT] events=48675 decisions=74 live_orders=0 tested_orders=0
[HEARTBEAT] events=48700 decisions=74 live_orders=0 tested_orders=0
[HEARTBEAT] events=48725 decisions=74 live_orders=0 tested_orders=0
[HEARTBEAT] events=48750 decisions=74 live_orders=0 tested_orders=0
[HEARTBEAT] events=48775 decisions=74 live_orders=0 tested_orders=0
[HEARTBEAT] events=48800 decisions=74 live_orders=0 tested_orders=0
[HEARTBEAT] events=48825 decisions=74 live_orders=0 tested_orders=0
[HEARTBEAT] events=48850 decisions=74 live_orders=0 tested_orders=0
[HEARTBEAT] events=48875 decisions=74 live_orders=0 tested_orders=0
[HEARTBEAT] events=48900 decisions=74 live_orders=0 tested_orders=0
[HEARTBEAT] events=48925 decisions=74 live_orders=0 tested_orders=0
[HEARTBEAT] events=48950 decisions=74 live_orders=0 tested_orders=0
[HEARTBEAT] events=48975 decisions=74 live_orders=0 tested_orders=0
[HEARTBEAT] events=49000 decisions=74 live_orders=0 tested_orders=0
[HEARTBEAT] events=49025 decisions=74 live_orders=0 tested_orders=0
[HEARTBEAT] events=49050 decisions=74 live_orders=0 tested_orders=0
[HEARTBEAT] events=49075 decisions=74 live_orders=0 tested_orders=0
[HEARTBEAT] events=49100 decisions=74 live_orders=0 tested_orders=0
[HEARTBEAT] events=49125 decisions=74 live_orders=0 tested_orders=0
[HEARTBEAT] events=49150 decisions=74 live_orders=0 tested_orders=0
[HEARTBEAT] events=49175 decisions=74 live_orders=0 tested_orders=0
[HEARTBEAT] events=49200 decisions=74 live_orders=0 tested_orders=0
[HEARTBEAT] events=49225 decisions=74 live_orders=0 tested_orders=0
[DECISION] 2026-04-20T02:58:00+00:00 SOLUSDT mode=cash side=flat score=48.30
[SUBMISSION_GATE] SOLUSDT allow=False can_open=True existing=no pending_external=False order_cooldown=False manual_cooldown=False live_allowed=True
[EXEC_PREFLIGHT] SOLUSDT allow=False live_allowed=True managed=cash:0.00 prepared=cash:0.00 reasons=EDGE_BELOW_COST,EDGE_TOO_THIN,LIQUIDITY_TOO_WEAK,SCORE_TOO_LOW,SENTIMENT_CAUTION,SENTIMENT_TOO_WEAK,SUPPORT_NOT_CONFIRMED
[DECISION] 2026-04-20T02:59:00+00:00 SOLUSDT mode=cash side=flat score=48.30
[SUBMISSION_GATE] SOLUSDT allow=False can_open=True existing=no pending_external=False order_cooldown=False manual_cooldown=False live_allowed=True
[EXEC_PREFLIGHT] SOLUSDT allow=False live_allowed=True managed=cash:0.00 prepared=cash:0.00 reasons=EDGE_BELOW_COST,EDGE_TOO_THIN,LIQUIDITY_TOO_WEAK,SCORE_TOO_LOW,SENTIMENT_CAUTION,SENTIMENT_TOO_WEAK,SUPPORT_NOT_CONFIRMED
[HEARTBEAT] events=49250 decisions=76 live_orders=0 tested_orders=0
[DECISION] 2026-04-20T03:00:00+00:00 SOLUSDT mode=cash side=flat score=48.30
[SUBMISSION_GATE] SOLUSDT allow=False can_open=True existing=no pending_external=False order_cooldown=False manual_cooldown=False live_allowed=True
[EXEC_PREFLIGHT] SOLUSDT allow=False live_allowed=True managed=cash:0.00 prepared=cash:0.00 reasons=EDGE_BELOW_COST,EDGE_TOO_THIN,LIQUIDITY_TOO_WEAK,SCORE_TOO_LOW,SENTIMENT_CAUTION,SENTIMENT_TOO_WEAK,SUPPORT_NOT_CONFIRMED
[DECISION] 2026-04-20T03:01:00+00:00 SOLUSDT mode=cash side=flat score=55.48
[SUBMISSION_GATE] SOLUSDT allow=False can_open=True existing=no pending_external=False order_cooldown=False manual_cooldown=False live_allowed=True
[EXEC_PREFLIGHT] SOLUSDT allow=False live_allowed=True managed=cash:0.00 prepared=cash:0.00 reasons=DIRECTION_CONFLICT,EDGE_BELOW_COST,LIQUIDITY_TOO_WEAK,SCORE_TOO_LOW,SENTIMENT_TOO_WEAK,SUPPORT_NOT_CONFIRMED
[DECISION] 2026-04-20T03:02:00+00:00 SOLUSDT mode=cash side=flat score=55.48
[SUBMISSION_GATE] SOLUSDT allow=False can_open=True existing=no pending_external=False order_cooldown=False manual_cooldown=False live_allowed=True
[EXEC_PREFLIGHT] SOLUSDT allow=False live_allowed=True managed=cash:0.00 prepared=cash:0.00 reasons=DIRECTION_CONFLICT,EDGE_BELOW_COST,LIQUIDITY_TOO_WEAK,SCORE_TOO_LOW,SENTIMENT_TOO_WEAK,SUPPORT_NOT_CONFIRMED
[HEARTBEAT] events=49275 decisions=79 live_orders=0 tested_orders=0
[HEARTBEAT] events=49300 decisions=79 live_orders=0 tested_orders=0
[HEARTBEAT] events=49325 decisions=79 live_orders=0 tested_orders=0
[HEARTBEAT] events=49350 decisions=79 live_orders=0 tested_orders=0
[HEARTBEAT] events=49375 decisions=79 live_orders=0 tested_orders=0
[HEARTBEAT] events=49400 decisions=79 live_orders=0 tested_orders=0
[HEARTBEAT] events=49425 decisions=79 live_orders=0 tested_orders=0
[HEARTBEAT] events=49450 decisions=79 live_orders=0 tested_orders=0
[HEARTBEAT] events=49475 decisions=79 live_orders=0 tested_orders=0
[HEARTBEAT] events=49500 decisions=79 live_orders=0 tested_orders=0
[HEARTBEAT] events=49525 decisions=79 live_orders=0 tested_orders=0
[HEARTBEAT] events=49550 decisions=79 live_orders=0 tested_orders=0
[HEARTBEAT] events=49575 decisions=79 live_orders=0 tested_orders=0
[HEARTBEAT] events=49600 decisions=79 live_orders=0 tested_orders=0
[HEARTBEAT] events=49625 decisions=79 live_orders=0 tested_orders=0
[HEARTBEAT] events=49650 decisions=79 live_orders=0 tested_orders=0
[HEARTBEAT] events=49675 decisions=79 live_orders=0 tested_orders=0
[HEARTBEAT] events=49700 decisions=79 live_orders=0 tested_orders=0
[HEARTBEAT] events=49725 decisions=79 live_orders=0 tested_orders=0
[HEARTBEAT] events=49750 decisions=79 live_orders=0 tested_orders=0
[HEARTBEAT] events=49775 decisions=79 live_orders=0 tested_orders=0
[HEARTBEAT] events=49800 decisions=79 live_orders=0 tested_orders=0
[HEARTBEAT] events=49825 decisions=79 live_orders=0 tested_orders=0
[HEARTBEAT] events=49850 decisions=79 live_orders=0 tested_orders=0
[HEARTBEAT] events=49875 decisions=79 live_orders=0 tested_orders=0
[HEARTBEAT] events=49900 decisions=79 live_orders=0 tested_orders=0
[HEARTBEAT] events=49925 decisions=79 live_orders=0 tested_orders=0
[HEARTBEAT] events=49950 decisions=79 live_orders=0 tested_orders=0
[HEARTBEAT] events=49975 decisions=79 live_orders=0 tested_orders=0
[HEARTBEAT] events=50000 decisions=79 live_orders=0 tested_orders=0
[HEARTBEAT] events=50025 decisions=79 live_orders=0 tested_orders=0
[HEARTBEAT] events=50050 decisions=79 live_orders=0 tested_orders=0
[HEARTBEAT] events=50075 decisions=79 live_orders=0 tested_orders=0
[HEARTBEAT] events=50100 decisions=79 live_orders=0 tested_orders=0
[HEARTBEAT] events=50125 decisions=79 live_orders=0 tested_orders=0
[HEARTBEAT] events=50150 decisions=79 live_orders=0 tested_orders=0
[HEARTBEAT] events=50175 decisions=79 live_orders=0 tested_orders=0
[HEARTBEAT] events=50200 decisions=79 live_orders=0 tested_orders=0
[HEARTBEAT] events=50225 decisions=79 live_orders=0 tested_orders=0
[HEARTBEAT] events=50250 decisions=79 live_orders=0 tested_orders=0
[HEARTBEAT] events=50275 decisions=79 live_orders=0 tested_orders=0
[HEARTBEAT] events=50300 decisions=79 live_orders=0 tested_orders=0
[HEARTBEAT] events=50325 decisions=79 live_orders=0 tested_orders=0
[HEARTBEAT] events=50350 decisions=79 live_orders=0 tested_orders=0
[HEARTBEAT] events=50375 decisions=79 live_orders=0 tested_orders=0
[HEARTBEAT] events=50400 decisions=79 live_orders=0 tested_orders=0
[HEARTBEAT] events=50425 decisions=79 live_orders=0 tested_orders=0
[HEARTBEAT] events=50450 decisions=79 live_orders=0 tested_orders=0
[HEARTBEAT] events=50475 decisions=79 live_orders=0 tested_orders=0
[HEARTBEAT] events=50500 decisions=79 live_orders=0 tested_orders=0
[HEARTBEAT] events=50525 decisions=79 live_orders=0 tested_orders=0
[HEARTBEAT] events=50550 decisions=79 live_orders=0 tested_orders=0
[HEARTBEAT] events=50575 decisions=79 live_orders=0 tested_orders=0
[HEARTBEAT] events=50600 decisions=79 live_orders=0 tested_orders=0
[HEARTBEAT] events=50625 decisions=79 live_orders=0 tested_orders=0
[HEARTBEAT] events=50650 decisions=79 live_orders=0 tested_orders=0
[HEARTBEAT] events=50675 decisions=79 live_orders=0 tested_orders=0
[HEARTBEAT] events=50700 decisions=79 live_orders=0 tested_orders=0
[HEARTBEAT] events=50725 decisions=79 live_orders=0 tested_orders=0
[HEARTBEAT] events=50750 decisions=79 live_orders=0 tested_orders=0
[HEARTBEAT] events=50775 decisions=79 live_orders=0 tested_orders=0
[HEARTBEAT] events=50800 decisions=79 live_orders=0 tested_orders=0
[HEARTBEAT] events=50825 decisions=79 live_orders=0 tested_orders=0
[HEARTBEAT] events=50850 decisions=79 live_orders=0 tested_orders=0
[HEARTBEAT] events=50875 decisions=79 live_orders=0 tested_orders=0
[HEARTBEAT] events=50900 decisions=79 live_orders=0 tested_orders=0
[HEARTBEAT] events=50925 decisions=79 live_orders=0 tested_orders=0
[HEARTBEAT] events=50950 decisions=79 live_orders=0 tested_orders=0
[HEARTBEAT] events=50975 decisions=79 live_orders=0 tested_orders=0
[HEARTBEAT] events=51000 decisions=79 live_orders=0 tested_orders=0
[HEARTBEAT] events=51025 decisions=79 live_orders=0 tested_orders=0
[HEARTBEAT] events=51050 decisions=79 live_orders=0 tested_orders=0
[HEARTBEAT] events=51075 decisions=79 live_orders=0 tested_orders=0
[HEARTBEAT] events=51100 decisions=79 live_orders=0 tested_orders=0
[HEARTBEAT] events=51125 decisions=79 live_orders=0 tested_orders=0
[HEARTBEAT] events=51150 decisions=79 live_orders=0 tested_orders=0
[HEARTBEAT] events=51175 decisions=79 live_orders=0 tested_orders=0
[HEARTBEAT] events=51200 decisions=79 live_orders=0 tested_orders=0
[HEARTBEAT] events=51225 decisions=79 live_orders=0 tested_orders=0
[HEARTBEAT] events=51250 decisions=79 live_orders=0 tested_orders=0
[HEARTBEAT] events=51275 decisions=79 live_orders=0 tested_orders=0
[HEARTBEAT] events=51300 decisions=79 live_orders=0 tested_orders=0
[HEARTBEAT] events=51325 decisions=79 live_orders=0 tested_orders=0
[HEARTBEAT] events=51350 decisions=79 live_orders=0 tested_orders=0
[HEARTBEAT] events=51375 decisions=79 live_orders=0 tested_orders=0
[HEARTBEAT] events=51400 decisions=79 live_orders=0 tested_orders=0
[HEARTBEAT] events=51425 decisions=79 live_orders=0 tested_orders=0
[HEARTBEAT] events=51450 decisions=79 live_orders=0 tested_orders=0
[HEARTBEAT] events=51475 decisions=79 live_orders=0 tested_orders=0
[HEARTBEAT] events=51500 decisions=79 live_orders=0 tested_orders=0
[HEARTBEAT] events=51525 decisions=79 live_orders=0 tested_orders=0
[HEARTBEAT] events=51550 decisions=79 live_orders=0 tested_orders=0
[DECISION] 2026-04-20T02:58:00+00:00 ETHUSDT mode=cash side=flat score=48.99
[SUBMISSION_GATE] ETHUSDT allow=False can_open=True existing=no pending_external=False order_cooldown=False manual_cooldown=False live_allowed=True
[EXEC_PREFLIGHT] ETHUSDT allow=False live_allowed=True managed=cash:0.00 prepared=cash:0.00 reasons=DIRECTION_CONFLICT,EDGE_BELOW_COST,LIQUIDITY_TOO_WEAK,SCORE_TOO_LOW,SENTIMENT_CAUTION
[DECISION] 2026-04-20T02:59:00+00:00 ETHUSDT mode=cash side=flat score=48.99
[SUBMISSION_GATE] ETHUSDT allow=False can_open=True existing=no pending_external=False order_cooldown=False manual_cooldown=False live_allowed=True
[EXEC_PREFLIGHT] ETHUSDT allow=False live_allowed=True managed=cash:0.00 prepared=cash:0.00 reasons=DIRECTION_CONFLICT,EDGE_BELOW_COST,LIQUIDITY_TOO_WEAK,SCORE_TOO_LOW,SENTIMENT_CAUTION
[DECISION] 2026-04-20T03:00:00+00:00 ETHUSDT mode=cash side=flat score=66.74
[SUBMISSION_GATE] ETHUSDT allow=False can_open=True existing=no pending_external=False order_cooldown=False manual_cooldown=False live_allowed=True
[EXEC_PREFLIGHT] ETHUSDT allow=False live_allowed=True managed=cash:0.00 prepared=cash:0.00 reasons=DIRECTION_CONFLICT,EDGE_BELOW_COST,LIQUIDITY_TOO_WEAK,SCORE_TOO_LOW
[DECISION] 2026-04-20T03:01:00+00:00 ETHUSDT mode=cash side=flat score=66.74
[SUBMISSION_GATE] ETHUSDT allow=False can_open=True existing=no pending_external=False order_cooldown=False manual_cooldown=False live_allowed=True
[EXEC_PREFLIGHT] ETHUSDT allow=False live_allowed=True managed=cash:0.00 prepared=cash:0.00 reasons=DIRECTION_CONFLICT,EDGE_BELOW_COST,LIQUIDITY_TOO_WEAK,SCORE_TOO_LOW
[DECISION] 2026-04-20T03:02:00+00:00 ETHUSDT mode=cash side=flat score=66.74
[SUBMISSION_GATE] ETHUSDT allow=False can_open=True existing=no pending_external=False order_cooldown=False manual_cooldown=False live_allowed=True
[EXEC_PREFLIGHT] ETHUSDT allow=False live_allowed=True managed=cash:0.00 prepared=cash:0.00 reasons=DIRECTION_CONFLICT,EDGE_BELOW_COST,LIQUIDITY_TOO_WEAK,SCORE_TOO_LOW
[HEARTBEAT] events=51575 decisions=84 live_orders=0 tested_orders=0
[HEARTBEAT] events=51600 decisions=84 live_orders=0 tested_orders=0
[HEARTBEAT] events=51625 decisions=84 live_orders=0 tested_orders=0
[HEARTBEAT] events=51650 decisions=84 live_orders=0 tested_orders=0
[HEARTBEAT] events=51675 decisions=84 live_orders=0 tested_orders=0
[HEARTBEAT] events=51700 decisions=84 live_orders=0 tested_orders=0
[HEARTBEAT] events=51725 decisions=84 live_orders=0 tested_orders=0
[HEARTBEAT] events=51750 decisions=84 live_orders=0 tested_orders=0
[HEARTBEAT] events=51775 decisions=84 live_orders=0 tested_orders=0
[HEARTBEAT] events=51800 decisions=84 live_orders=0 tested_orders=0
[HEARTBEAT] events=51825 decisions=84 live_orders=0 tested_orders=0
[HEARTBEAT] events=51850 decisions=84 live_orders=0 tested_orders=0
[HEARTBEAT] events=51875 decisions=84 live_orders=0 tested_orders=0
[HEARTBEAT] events=51900 decisions=84 live_orders=0 tested_orders=0
[HEARTBEAT] events=51925 decisions=84 live_orders=0 tested_orders=0
[HEARTBEAT] events=51950 decisions=84 live_orders=0 tested_orders=0
[HEARTBEAT] events=51975 decisions=84 live_orders=0 tested_orders=0
[HEARTBEAT] events=52000 decisions=84 live_orders=0 tested_orders=0
[HEARTBEAT] events=52025 decisions=84 live_orders=0 tested_orders=0
[HEARTBEAT] events=52050 decisions=84 live_orders=0 tested_orders=0
[HEARTBEAT] events=52075 decisions=84 live_orders=0 tested_orders=0
[HEARTBEAT] events=52100 decisions=84 live_orders=0 tested_orders=0
[HEARTBEAT] events=52125 decisions=84 live_orders=0 tested_orders=0
[HEARTBEAT] events=52150 decisions=84 live_orders=0 tested_orders=0
[HEARTBEAT] events=52175 decisions=84 live_orders=0 tested_orders=0
[HEARTBEAT] events=52200 decisions=84 live_orders=0 tested_orders=0
[HEARTBEAT] events=52225 decisions=84 live_orders=0 tested_orders=0
[HEARTBEAT] events=52250 decisions=84 live_orders=0 tested_orders=0
[HEARTBEAT] events=52275 decisions=84 live_orders=0 tested_orders=0
[HEARTBEAT] events=52300 decisions=84 live_orders=0 tested_orders=0
[HEARTBEAT] events=52325 decisions=84 live_orders=0 tested_orders=0
[HEARTBEAT] events=52350 decisions=84 live_orders=0 tested_orders=0
[HEARTBEAT] events=52375 decisions=84 live_orders=0 tested_orders=0
[HEARTBEAT] events=52400 decisions=84 live_orders=0 tested_orders=0
[HEARTBEAT] events=52425 decisions=84 live_orders=0 tested_orders=0
[HEARTBEAT] events=52450 decisions=84 live_orders=0 tested_orders=0
[HEARTBEAT] events=52475 decisions=84 live_orders=0 tested_orders=0
[HEARTBEAT] events=52500 decisions=84 live_orders=0 tested_orders=0
[HEARTBEAT] events=52525 decisions=84 live_orders=0 tested_orders=0
[HEARTBEAT] events=52550 decisions=84 live_orders=0 tested_orders=0
[HEARTBEAT] events=52575 decisions=84 live_orders=0 tested_orders=0
[HEARTBEAT] events=52600 decisions=84 live_orders=0 tested_orders=0
[HEARTBEAT] events=52625 decisions=84 live_orders=0 tested_orders=0
[HEARTBEAT] events=52650 decisions=84 live_orders=0 tested_orders=0
[HEARTBEAT] events=52675 decisions=84 live_orders=0 tested_orders=0
[HEARTBEAT] events=52700 decisions=84 live_orders=0 tested_orders=0
[HEARTBEAT] events=52725 decisions=84 live_orders=0 tested_orders=0
[HEARTBEAT] events=52750 decisions=84 live_orders=0 tested_orders=0
[HEARTBEAT] events=52775 decisions=84 live_orders=0 tested_orders=0
[HEARTBEAT] events=52800 decisions=84 live_orders=0 tested_orders=0
[HEARTBEAT] events=52825 decisions=84 live_orders=0 tested_orders=0
[HEARTBEAT] events=52850 decisions=84 live_orders=0 tested_orders=0
[HEARTBEAT] events=52875 decisions=84 live_orders=0 tested_orders=0
[HEARTBEAT] events=52900 decisions=84 live_orders=0 tested_orders=0
[HEARTBEAT] events=52925 decisions=84 live_orders=0 tested_orders=0
[HEARTBEAT] events=52950 decisions=84 live_orders=0 tested_orders=0
[HEARTBEAT] events=52975 decisions=84 live_orders=0 tested_orders=0
[HEARTBEAT] events=53000 decisions=84 live_orders=0 tested_orders=0
[HEARTBEAT] events=53025 decisions=84 live_orders=0 tested_orders=0
[HEARTBEAT] events=53050 decisions=84 live_orders=0 tested_orders=0
[HEARTBEAT] events=53075 decisions=84 live_orders=0 tested_orders=0
[HEARTBEAT] events=53100 decisions=84 live_orders=0 tested_orders=0
[HEARTBEAT] events=53125 decisions=84 live_orders=0 tested_orders=0
[HEARTBEAT] events=53150 decisions=84 live_orders=0 tested_orders=0
[HEARTBEAT] events=53175 decisions=84 live_orders=0 tested_orders=0
[HEARTBEAT] events=53200 decisions=84 live_orders=0 tested_orders=0
[HEARTBEAT] events=53225 decisions=84 live_orders=0 tested_orders=0
[HEARTBEAT] events=53250 decisions=84 live_orders=0 tested_orders=0
[HEARTBEAT] events=53275 decisions=84 live_orders=0 tested_orders=0
[HEARTBEAT] events=53300 decisions=84 live_orders=0 tested_orders=0
[HEARTBEAT] events=53325 decisions=84 live_orders=0 tested_orders=0
[HEARTBEAT] events=53350 decisions=84 live_orders=0 tested_orders=0
[HEARTBEAT] events=53375 decisions=84 live_orders=0 tested_orders=0
[HEARTBEAT] events=53400 decisions=84 live_orders=0 tested_orders=0
[HEARTBEAT] events=53425 decisions=84 live_orders=0 tested_orders=0
[HEARTBEAT] events=53450 decisions=84 live_orders=0 tested_orders=0
[HEARTBEAT] events=53475 decisions=84 live_orders=0 tested_orders=0
[HEARTBEAT] events=53500 decisions=84 live_orders=0 tested_orders=0
[HEARTBEAT] events=53525 decisions=84 live_orders=0 tested_orders=0
[HEARTBEAT] events=53550 decisions=84 live_orders=0 tested_orders=0
[HEARTBEAT] events=53575 decisions=84 live_orders=0 tested_orders=0
[HEARTBEAT] events=53600 decisions=84 live_orders=0 tested_orders=0
[HEARTBEAT] events=53625 decisions=84 live_orders=0 tested_orders=0
[HEARTBEAT] events=53650 decisions=84 live_orders=0 tested_orders=0
[HEARTBEAT] events=53675 decisions=84 live_orders=0 tested_orders=0
[HEARTBEAT] events=53700 decisions=84 live_orders=0 tested_orders=0
[HEARTBEAT] events=53725 decisions=84 live_orders=0 tested_orders=0
[HEARTBEAT] events=53750 decisions=84 live_orders=0 tested_orders=0
[HEARTBEAT] events=53775 decisions=84 live_orders=0 tested_orders=0
[HEARTBEAT] events=53800 decisions=84 live_orders=0 tested_orders=0
[HEARTBEAT] events=53825 decisions=84 live_orders=0 tested_orders=0
[HEARTBEAT] events=53850 decisions=84 live_orders=0 tested_orders=0
[HEARTBEAT] events=53875 decisions=84 live_orders=0 tested_orders=0
[HEARTBEAT] events=53900 decisions=84 live_orders=0 tested_orders=0
[HEARTBEAT] events=53925 decisions=84 live_orders=0 tested_orders=0
[HEARTBEAT] events=53950 decisions=84 live_orders=0 tested_orders=0
[HEARTBEAT] events=53975 decisions=84 live_orders=0 tested_orders=0
[HEARTBEAT] events=54000 decisions=84 live_orders=0 tested_orders=0
[HEARTBEAT] events=54025 decisions=84 live_orders=0 tested_orders=0
[HEARTBEAT] events=54050 decisions=84 live_orders=0 tested_orders=0
[HEARTBEAT] events=54075 decisions=84 live_orders=0 tested_orders=0
[HEARTBEAT] events=54100 decisions=84 live_orders=0 tested_orders=0
[HEARTBEAT] events=54125 decisions=84 live_orders=0 tested_orders=0
[HEARTBEAT] events=54150 decisions=84 live_orders=0 tested_orders=0
[HEARTBEAT] events=54175 decisions=84 live_orders=0 tested_orders=0
[HEARTBEAT] events=54200 decisions=84 live_orders=0 tested_orders=0
[SYNC] 2026-04-20T03:03:46.590660+00:00 account/open-order snapshot refreshed
[HEARTBEAT] events=54225 decisions=84 live_orders=0 tested_orders=0
[HEARTBEAT] events=54250 decisions=84 live_orders=0 tested_orders=0
[HEARTBEAT] events=54275 decisions=84 live_orders=0 tested_orders=0
[HEARTBEAT] events=54300 decisions=84 live_orders=0 tested_orders=0
[HEARTBEAT] events=54325 decisions=84 live_orders=0 tested_orders=0
[DECISION] 2026-04-20T03:03:00+00:00 SOLUSDT mode=cash side=flat score=46.60
[SUBMISSION_GATE] SOLUSDT allow=False can_open=True existing=no pending_external=False order_cooldown=False manual_cooldown=False live_allowed=True
[EXEC_PREFLIGHT] SOLUSDT allow=False live_allowed=True managed=cash:0.00 prepared=cash:0.00 reasons=DIRECTION_CONFLICT,EDGE_BELOW_COST,EDGE_TOO_THIN,LIQUIDITY_TOO_WEAK,SCORE_TOO_LOW,SENTIMENT_CAUTION,SENTIMENT_TOO_WEAK,SUPPORT_NOT_CONFIRMED
[DECISION] 2026-04-20T03:03:00+00:00 ETHUSDT mode=futures side=short score=65.01
[SUBMISSION_GATE] ETHUSDT allow=True can_open=True existing=no pending_external=False order_cooldown=False manual_cooldown=False live_allowed=True
[EXEC_PREFLIGHT] ETHUSDT allow=True live_allowed=True managed=futures:129.79 prepared=cash:0.00 reasons=EXECUTIVE_OPERATING_VERDICT_ROLLBACK,LIVE_EVIDENCE_REJUDGE_BLOCKED,POLICY_BUCKET_OBSERVE_ONLY,SYMBOL_LIFECYCLE_HOLD
[HEARTBEAT] events=54350 decisions=86 live_orders=0 tested_orders=0
[HEARTBEAT] events=54375 decisions=86 live_orders=0 tested_orders=0
[HEARTBEAT] events=54400 decisions=86 live_orders=0 tested_orders=0
[HEARTBEAT] events=54425 decisions=86 live_orders=0 tested_orders=0
[HEARTBEAT] events=54450 decisions=86 live_orders=0 tested_orders=0
[HEARTBEAT] events=54475 decisions=86 live_orders=0 tested_orders=0
[HEARTBEAT] events=54500 decisions=86 live_orders=0 tested_orders=0
[HEARTBEAT] events=54525 decisions=86 live_orders=0 tested_orders=0
[HEARTBEAT] events=54550 decisions=86 live_orders=0 tested_orders=0
[HEARTBEAT] events=54575 decisions=86 live_orders=0 tested_orders=0
[HEARTBEAT] events=54600 decisions=86 live_orders=0 tested_orders=0
[HEARTBEAT] events=54625 decisions=86 live_orders=0 tested_orders=0
[HEARTBEAT] events=54650 decisions=86 live_orders=0 tested_orders=0
[HEARTBEAT] events=54675 decisions=86 live_orders=0 tested_orders=0
[HEARTBEAT] events=54700 decisions=86 live_orders=0 tested_orders=0
[HEARTBEAT] events=54725 decisions=86 live_orders=0 tested_orders=0
[HEARTBEAT] events=54750 decisions=86 live_orders=0 tested_orders=0
[HEARTBEAT] events=54775 decisions=86 live_orders=0 tested_orders=0
[HEARTBEAT] events=54800 decisions=86 live_orders=0 tested_orders=0
[HEARTBEAT] events=54825 decisions=86 live_orders=0 tested_orders=0
[HEARTBEAT] events=54850 decisions=86 live_orders=0 tested_orders=0
[HEARTBEAT] events=54875 decisions=86 live_orders=0 tested_orders=0
[HEARTBEAT] events=54900 decisions=86 live_orders=0 tested_orders=0
[HEARTBEAT] events=54925 decisions=86 live_orders=0 tested_orders=0
[HEARTBEAT] events=54950 decisions=86 live_orders=0 tested_orders=0
[HEARTBEAT] events=54975 decisions=86 live_orders=0 tested_orders=0
[HEARTBEAT] events=55000 decisions=86 live_orders=0 tested_orders=0
[HEARTBEAT] events=55025 decisions=86 live_orders=0 tested_orders=0
[HEARTBEAT] events=55050 decisions=86 live_orders=0 tested_orders=0
[HEARTBEAT] events=55075 decisions=86 live_orders=0 tested_orders=0
[HEARTBEAT] events=55100 decisions=86 live_orders=0 tested_orders=0
[HEARTBEAT] events=55125 decisions=86 live_orders=0 tested_orders=0
[HEARTBEAT] events=55150 decisions=86 live_orders=0 tested_orders=0
[HEARTBEAT] events=55175 decisions=86 live_orders=0 tested_orders=0
[HEARTBEAT] events=55200 decisions=86 live_orders=0 tested_orders=0
[HEARTBEAT] events=55225 decisions=86 live_orders=0 tested_orders=0
[HEARTBEAT] events=55250 decisions=86 live_orders=0 tested_orders=0
[HEARTBEAT] events=55275 decisions=86 live_orders=0 tested_orders=0
[HEARTBEAT] events=55300 decisions=86 live_orders=0 tested_orders=0
[HEARTBEAT] events=55325 decisions=86 live_orders=0 tested_orders=0
[HEARTBEAT] events=55350 decisions=86 live_orders=0 tested_orders=0
[HEARTBEAT] events=55375 decisions=86 live_orders=0 tested_orders=0
[HEARTBEAT] events=55400 decisions=86 live_orders=0 tested_orders=0
[HEARTBEAT] events=55425 decisions=86 live_orders=0 tested_orders=0
[HEARTBEAT] events=55450 decisions=86 live_orders=0 tested_orders=0
[HEARTBEAT] events=55475 decisions=86 live_orders=0 tested_orders=0
[HEARTBEAT] events=55500 decisions=86 live_orders=0 tested_orders=0
[HEARTBEAT] events=55525 decisions=86 live_orders=0 tested_orders=0
[HEARTBEAT] events=55550 decisions=86 live_orders=0 tested_orders=0
[HEARTBEAT] events=55575 decisions=86 live_orders=0 tested_orders=0
[HEARTBEAT] events=55600 decisions=86 live_orders=0 tested_orders=0
[HEARTBEAT] events=55625 decisions=86 live_orders=0 tested_orders=0
[HEARTBEAT] events=55650 decisions=86 live_orders=0 tested_orders=0
[HEARTBEAT] events=55675 decisions=86 live_orders=0 tested_orders=0
[HEARTBEAT] events=55700 decisions=86 live_orders=0 tested_orders=0
[HEARTBEAT] events=55725 decisions=86 live_orders=0 tested_orders=0
[HEARTBEAT] events=55750 decisions=86 live_orders=0 tested_orders=0
[HEARTBEAT] events=55775 decisions=86 live_orders=0 tested_orders=0
[HEARTBEAT] events=55800 decisions=86 live_orders=0 tested_orders=0
[HEARTBEAT] events=55825 decisions=86 live_orders=0 tested_orders=0
[HEARTBEAT] events=55850 decisions=86 live_orders=0 tested_orders=0
[HEARTBEAT] events=55875 decisions=86 live_orders=0 tested_orders=0
[HEARTBEAT] events=55900 decisions=86 live_orders=0 tested_orders=0
[HEARTBEAT] events=55925 decisions=86 live_orders=0 tested_orders=0
[HEARTBEAT] events=55950 decisions=86 live_orders=0 tested_orders=0
[HEARTBEAT] events=55975 decisions=86 live_orders=0 tested_orders=0
[HEARTBEAT] events=56000 decisions=86 live_orders=0 tested_orders=0
[HEARTBEAT] events=56025 decisions=86 live_orders=0 tested_orders=0
[HEARTBEAT] events=56050 decisions=86 live_orders=0 tested_orders=0
[HEARTBEAT] events=56075 decisions=86 live_orders=0 tested_orders=0
[HEARTBEAT] events=56100 decisions=86 live_orders=0 tested_orders=0
[HEARTBEAT] events=56125 decisions=86 live_orders=0 tested_orders=0
[HEARTBEAT] events=56150 decisions=86 live_orders=0 tested_orders=0
[HEARTBEAT] events=56175 decisions=86 live_orders=0 tested_orders=0
[HEARTBEAT] events=56200 decisions=86 live_orders=0 tested_orders=0
[HEARTBEAT] events=56225 decisions=86 live_orders=0 tested_orders=0
[HEARTBEAT] events=56250 decisions=86 live_orders=0 tested_orders=0
[HEARTBEAT] events=56275 decisions=86 live_orders=0 tested_orders=0
[HEARTBEAT] events=56300 decisions=86 live_orders=0 tested_orders=0
[HEARTBEAT] events=56325 decisions=86 live_orders=0 tested_orders=0
[HEARTBEAT] events=56350 decisions=86 live_orders=0 tested_orders=0
[HEARTBEAT] events=56375 decisions=86 live_orders=0 tested_orders=0
[HEARTBEAT] events=56400 decisions=86 live_orders=0 tested_orders=0
[HEARTBEAT] events=56425 decisions=86 live_orders=0 tested_orders=0
[HEARTBEAT] events=56450 decisions=86 live_orders=0 tested_orders=0
[HEARTBEAT] events=56475 decisions=86 live_orders=0 tested_orders=0
[HEARTBEAT] events=56500 decisions=86 live_orders=0 tested_orders=0
[HEARTBEAT] events=56525 decisions=86 live_orders=0 tested_orders=0
[HEARTBEAT] events=56550 decisions=86 live_orders=0 tested_orders=0
[HEARTBEAT] events=56575 decisions=86 live_orders=0 tested_orders=0
[HEARTBEAT] events=56600 decisions=86 live_orders=0 tested_orders=0
[HEARTBEAT] events=56625 decisions=86 live_orders=0 tested_orders=0
[HEARTBEAT] events=56650 decisions=86 live_orders=0 tested_orders=0
[HEARTBEAT] events=56675 decisions=86 live_orders=0 tested_orders=0
[HEARTBEAT] events=56700 decisions=86 live_orders=0 tested_orders=0
[HEARTBEAT] events=56725 decisions=86 live_orders=0 tested_orders=0
[HEARTBEAT] events=56750 decisions=86 live_orders=0 tested_orders=0
[HEARTBEAT] events=56775 decisions=86 live_orders=0 tested_orders=0
[HEARTBEAT] events=56800 decisions=86 live_orders=0 tested_orders=0
[HEARTBEAT] events=56825 decisions=86 live_orders=0 tested_orders=0
[HEARTBEAT] events=56850 decisions=86 live_orders=0 tested_orders=0
[HEARTBEAT] events=56875 decisions=86 live_orders=0 tested_orders=0
[HEARTBEAT] events=56900 decisions=86 live_orders=0 tested_orders=0
[HEARTBEAT] events=56925 decisions=86 live_orders=0 tested_orders=0
[HEARTBEAT] events=56950 decisions=86 live_orders=0 tested_orders=0
[HEARTBEAT] events=56975 decisions=86 live_orders=0 tested_orders=0
[HEARTBEAT] events=57000 decisions=86 live_orders=0 tested_orders=0
[HEARTBEAT] events=57025 decisions=86 live_orders=0 tested_orders=0
[HEARTBEAT] events=57050 decisions=86 live_orders=0 tested_orders=0
[HEARTBEAT] events=57075 decisions=86 live_orders=0 tested_orders=0
[HEARTBEAT] events=57100 decisions=86 live_orders=0 tested_orders=0
[HEARTBEAT] events=57125 decisions=86 live_orders=0 tested_orders=0
[HEARTBEAT] events=57150 decisions=86 live_orders=0 tested_orders=0
[HEARTBEAT] events=57175 decisions=86 live_orders=0 tested_orders=0
[HEARTBEAT] events=57200 decisions=86 live_orders=0 tested_orders=0
[HEARTBEAT] events=57225 decisions=86 live_orders=0 tested_orders=0
[HEARTBEAT] events=57250 decisions=86 live_orders=0 tested_orders=0
[HEARTBEAT] events=57275 decisions=86 live_orders=0 tested_orders=0
[HEARTBEAT] events=57300 decisions=86 live_orders=0 tested_orders=0
[HEARTBEAT] events=57325 decisions=86 live_orders=0 tested_orders=0
[HEARTBEAT] events=57350 decisions=86 live_orders=0 tested_orders=0
[HEARTBEAT] events=57375 decisions=86 live_orders=0 tested_orders=0
[HEARTBEAT] events=57400 decisions=86 live_orders=0 tested_orders=0
[HEARTBEAT] events=57425 decisions=86 live_orders=0 tested_orders=0
[HEARTBEAT] events=57450 decisions=86 live_orders=0 tested_orders=0
[HEARTBEAT] events=57475 decisions=86 live_orders=0 tested_orders=0
[HEARTBEAT] events=57500 decisions=86 live_orders=0 tested_orders=0
[HEARTBEAT] events=57525 decisions=86 live_orders=0 tested_orders=0
[HEARTBEAT] events=57550 decisions=86 live_orders=0 tested_orders=0
[HEARTBEAT] events=57575 decisions=86 live_orders=0 tested_orders=0
[HEARTBEAT] events=57600 decisions=86 live_orders=0 tested_orders=0
[HEARTBEAT] events=57625 decisions=86 live_orders=0 tested_orders=0
[HEARTBEAT] events=57650 decisions=86 live_orders=0 tested_orders=0
[HEARTBEAT] events=57675 decisions=86 live_orders=0 tested_orders=0
[HEARTBEAT] events=57700 decisions=86 live_orders=0 tested_orders=0
[HEARTBEAT] events=57725 decisions=86 live_orders=0 tested_orders=0
[HEARTBEAT] events=57750 decisions=86 live_orders=0 tested_orders=0
[HEARTBEAT] events=57775 decisions=86 live_orders=0 tested_orders=0
[HEARTBEAT] events=57800 decisions=86 live_orders=0 tested_orders=0
[HEARTBEAT] events=57825 decisions=86 live_orders=0 tested_orders=0
[HEARTBEAT] events=57850 decisions=86 live_orders=0 tested_orders=0
[HEARTBEAT] events=57875 decisions=86 live_orders=0 tested_orders=0
[HEARTBEAT] events=57900 decisions=86 live_orders=0 tested_orders=0
[HEARTBEAT] events=57925 decisions=86 live_orders=0 tested_orders=0
[HEARTBEAT] events=57950 decisions=86 live_orders=0 tested_orders=0
[HEARTBEAT] events=57975 decisions=86 live_orders=0 tested_orders=0
[HEARTBEAT] events=58000 decisions=86 live_orders=0 tested_orders=0
[HEARTBEAT] events=58025 decisions=86 live_orders=0 tested_orders=0
[HEARTBEAT] events=58050 decisions=86 live_orders=0 tested_orders=0
[HEARTBEAT] events=58075 decisions=86 live_orders=0 tested_orders=0
[HEARTBEAT] events=58100 decisions=86 live_orders=0 tested_orders=0
[HEARTBEAT] events=58125 decisions=86 live_orders=0 tested_orders=0
[HEARTBEAT] events=58150 decisions=86 live_orders=0 tested_orders=0
[HEARTBEAT] events=58175 decisions=86 live_orders=0 tested_orders=0
[HEARTBEAT] events=58200 decisions=86 live_orders=0 tested_orders=0
[HEARTBEAT] events=58225 decisions=86 live_orders=0 tested_orders=0
[HEARTBEAT] events=58250 decisions=86 live_orders=0 tested_orders=0
[HEARTBEAT] events=58275 decisions=86 live_orders=0 tested_orders=0
[HEARTBEAT] events=58300 decisions=86 live_orders=0 tested_orders=0
[HEARTBEAT] events=58325 decisions=86 live_orders=0 tested_orders=0
[HEARTBEAT] events=58350 decisions=86 live_orders=0 tested_orders=0
[HEARTBEAT] events=58375 decisions=86 live_orders=0 tested_orders=0
[HEARTBEAT] events=58400 decisions=86 live_orders=0 tested_orders=0
[HEARTBEAT] events=58425 decisions=86 live_orders=0 tested_orders=0
[HEARTBEAT] events=58450 decisions=86 live_orders=0 tested_orders=0
[HEARTBEAT] events=58475 decisions=86 live_orders=0 tested_orders=0
[HEARTBEAT] events=58500 decisions=86 live_orders=0 tested_orders=0
[HEARTBEAT] events=58525 decisions=86 live_orders=0 tested_orders=0
[HEARTBEAT] events=58550 decisions=86 live_orders=0 tested_orders=0
[HEARTBEAT] events=58575 decisions=86 live_orders=0 tested_orders=0
[HEARTBEAT] events=58600 decisions=86 live_orders=0 tested_orders=0
[HEARTBEAT] events=58625 decisions=86 live_orders=0 tested_orders=0
[HEARTBEAT] events=58650 decisions=86 live_orders=0 tested_orders=0
[HEARTBEAT] events=58675 decisions=86 live_orders=0 tested_orders=0
[HEARTBEAT] events=58700 decisions=86 live_orders=0 tested_orders=0
[HEARTBEAT] events=58725 decisions=86 live_orders=0 tested_orders=0
[HEARTBEAT] events=58750 decisions=86 live_orders=0 tested_orders=0
[HEARTBEAT] events=58775 decisions=86 live_orders=0 tested_orders=0
[HEARTBEAT] events=58800 decisions=86 live_orders=0 tested_orders=0
[HEARTBEAT] events=58825 decisions=86 live_orders=0 tested_orders=0
[HEARTBEAT] events=58850 decisions=86 live_orders=0 tested_orders=0
[HEARTBEAT] events=58875 decisions=86 live_orders=0 tested_orders=0
[HEARTBEAT] events=58900 decisions=86 live_orders=0 tested_orders=0
[HEARTBEAT] events=58925 decisions=86 live_orders=0 tested_orders=0
[HEARTBEAT] events=58950 decisions=86 live_orders=0 tested_orders=0
[DECISION] 2026-04-20T03:04:00+00:00 ETHUSDT mode=cash side=flat score=43.93
[SUBMISSION_GATE] ETHUSDT allow=False can_open=True existing=no pending_external=False order_cooldown=False manual_cooldown=False live_allowed=True
[EXEC_PREFLIGHT] ETHUSDT allow=False live_allowed=True managed=cash:0.00 prepared=cash:0.00 reasons=DIRECTION_CONFLICT,EDGE_BELOW_COST,EDGE_TOO_THIN,LIQUIDITY_TOO_WEAK,SCORE_TOO_LOW,SENTIMENT_CAUTION
[HEARTBEAT] events=58975 decisions=87 live_orders=0 tested_orders=0
[HEARTBEAT] events=59000 decisions=87 live_orders=0 tested_orders=0
[HEARTBEAT] events=59025 decisions=87 live_orders=0 tested_orders=0
[HEARTBEAT] events=59050 decisions=87 live_orders=0 tested_orders=0
[HEARTBEAT] events=59075 decisions=87 live_orders=0 tested_orders=0
[HEARTBEAT] events=59100 decisions=87 live_orders=0 tested_orders=0
[DECISION] 2026-04-20T03:04:00+00:00 PEPEUSDT mode=cash side=flat score=54.59
[SUBMISSION_GATE] PEPEUSDT allow=False can_open=True existing=no pending_external=False order_cooldown=False manual_cooldown=False live_allowed=True
[EXEC_PREFLIGHT] PEPEUSDT allow=False live_allowed=True managed=cash:0.00 prepared=cash:0.00 reasons=EDGE_BELOW_COST,EDGE_TOO_THIN,LIQUIDITY_TOO_WEAK,SCORE_TOO_LOW,SENTIMENT_CAUTION,SENTIMENT_TOO_WEAK,SUPPORT_NOT_CONFIRMED
[HEARTBEAT] events=59125 decisions=88 live_orders=0 tested_orders=0
[HEARTBEAT] events=59150 decisions=88 live_orders=0 tested_orders=0
[HEARTBEAT] events=59175 decisions=88 live_orders=0 tested_orders=0
[HEARTBEAT] events=59200 decisions=88 live_orders=0 tested_orders=0
[HEARTBEAT] events=59225 decisions=88 live_orders=0 tested_orders=0
[DECISION] 2026-04-20T03:04:00+00:00 DOGEUSDT mode=futures side=long score=58.42
[SUBMISSION_GATE] DOGEUSDT allow=True can_open=True existing=no pending_external=False order_cooldown=False manual_cooldown=False live_allowed=True
[EXEC_PREFLIGHT] DOGEUSDT allow=True live_allowed=True managed=futures:129.79 prepared=cash:0.00 reasons=EXECUTIVE_OPERATING_VERDICT_ROLLBACK,LIVE_EVIDENCE_REJUDGE_BLOCKED,POLICY_BUCKET_OBSERVE_ONLY,SYMBOL_LIFECYCLE_HOLD
[DECISION] 2026-04-20T03:04:00+00:00 SOLUSDT mode=cash side=flat score=51.57
[SUBMISSION_GATE] SOLUSDT allow=False can_open=True existing=no pending_external=False order_cooldown=False manual_cooldown=False live_allowed=True
[EXEC_PREFLIGHT] SOLUSDT allow=False live_allowed=True managed=cash:0.00 prepared=cash:0.00 reasons=DIRECTION_CONFLICT,EDGE_BELOW_COST,EDGE_TOO_THIN,LIQUIDITY_TOO_WEAK,SCORE_TOO_LOW,SUPPORT_NOT_CONFIRMED
[HEARTBEAT] events=59250 decisions=90 live_orders=0 tested_orders=0
[HEARTBEAT] events=59275 decisions=90 live_orders=0 tested_orders=0
[HEARTBEAT] events=59300 decisions=90 live_orders=0 tested_orders=0
[HEARTBEAT] events=59325 decisions=90 live_orders=0 tested_orders=0
[HEARTBEAT] events=59350 decisions=90 live_orders=0 tested_orders=0
[HEARTBEAT] events=59375 decisions=90 live_orders=0 tested_orders=0
[HEARTBEAT] events=59400 decisions=90 live_orders=0 tested_orders=0
[HEARTBEAT] events=59425 decisions=90 live_orders=0 tested_orders=0
[HEARTBEAT] events=59450 decisions=90 live_orders=0 tested_orders=0
[HEARTBEAT] events=59475 decisions=90 live_orders=0 tested_orders=0
[HEARTBEAT] events=59500 decisions=90 live_orders=0 tested_orders=0
[HEARTBEAT] events=59525 decisions=90 live_orders=0 tested_orders=0
[HEARTBEAT] events=59550 decisions=90 live_orders=0 tested_orders=0
[HEARTBEAT] events=59575 decisions=90 live_orders=0 tested_orders=0
[HEARTBEAT] events=59600 decisions=90 live_orders=0 tested_orders=0
[HEARTBEAT] events=59625 decisions=90 live_orders=0 tested_orders=0
[HEARTBEAT] events=59650 decisions=90 live_orders=0 tested_orders=0
[HEARTBEAT] events=59675 decisions=90 live_orders=0 tested_orders=0
[HEARTBEAT] events=59700 decisions=90 live_orders=0 tested_orders=0
[HEARTBEAT] events=59725 decisions=90 live_orders=0 tested_orders=0
[HEARTBEAT] events=59750 decisions=90 live_orders=0 tested_orders=0
[HEARTBEAT] events=59775 decisions=90 live_orders=0 tested_orders=0
[HEARTBEAT] events=59800 decisions=90 live_orders=0 tested_orders=0
[HEARTBEAT] events=59825 decisions=90 live_orders=0 tested_orders=0
[HEARTBEAT] events=59850 decisions=90 live_orders=0 tested_orders=0
[HEARTBEAT] events=59875 decisions=90 live_orders=0 tested_orders=0
[HEARTBEAT] events=59900 decisions=90 live_orders=0 tested_orders=0
[HEARTBEAT] events=59925 decisions=90 live_orders=0 tested_orders=0
[HEARTBEAT] events=59950 decisions=90 live_orders=0 tested_orders=0
[HEARTBEAT] events=59975 decisions=90 live_orders=0 tested_orders=0
[HEARTBEAT] events=60000 decisions=90 live_orders=0 tested_orders=0
[HEARTBEAT] events=60025 decisions=90 live_orders=0 tested_orders=0
[HEARTBEAT] events=60050 decisions=90 live_orders=0 tested_orders=0
[HEARTBEAT] events=60075 decisions=90 live_orders=0 tested_orders=0
[HEARTBEAT] events=60100 decisions=90 live_orders=0 tested_orders=0
[HEARTBEAT] events=60125 decisions=90 live_orders=0 tested_orders=0
[HEARTBEAT] events=60150 decisions=90 live_orders=0 tested_orders=0
[HEARTBEAT] events=60175 decisions=90 live_orders=0 tested_orders=0
[HEARTBEAT] events=60200 decisions=90 live_orders=0 tested_orders=0
[HEARTBEAT] events=60225 decisions=90 live_orders=0 tested_orders=0
[HEARTBEAT] events=60250 decisions=90 live_orders=0 tested_orders=0
[HEARTBEAT] events=60275 decisions=90 live_orders=0 tested_orders=0
[HEARTBEAT] events=60300 decisions=90 live_orders=0 tested_orders=0
[HEARTBEAT] events=60325 decisions=90 live_orders=0 tested_orders=0
[HEARTBEAT] events=60350 decisions=90 live_orders=0 tested_orders=0
[HEARTBEAT] events=60375 decisions=90 live_orders=0 tested_orders=0
[HEARTBEAT] events=60400 decisions=90 live_orders=0 tested_orders=0
[HEARTBEAT] events=60425 decisions=90 live_orders=0 tested_orders=0
[HEARTBEAT] events=60450 decisions=90 live_orders=0 tested_orders=0
[HEARTBEAT] events=60475 decisions=90 live_orders=0 tested_orders=0
[HEARTBEAT] events=60500 decisions=90 live_orders=0 tested_orders=0
[HEARTBEAT] events=60525 decisions=90 live_orders=0 tested_orders=0
[HEARTBEAT] events=60550 decisions=90 live_orders=0 tested_orders=0
[HEARTBEAT] events=60575 decisions=90 live_orders=0 tested_orders=0
[HEARTBEAT] events=60600 decisions=90 live_orders=0 tested_orders=0
[HEARTBEAT] events=60625 decisions=90 live_orders=0 tested_orders=0
[HEARTBEAT] events=60650 decisions=90 live_orders=0 tested_orders=0
[ERROR] websocket attempt=3 error=no close frame received or sent
[RETRY] attempt=4 sleeping=4.00s
[HEARTBEAT] events=60675 decisions=90 live_orders=0 tested_orders=0
[HEARTBEAT] events=60700 decisions=90 live_orders=0 tested_orders=0
[HEARTBEAT] events=60725 decisions=90 live_orders=0 tested_orders=0
[CONNECT] websocket attempt=4
[HEARTBEAT] events=60750 decisions=90 live_orders=0 tested_orders=0
[HEARTBEAT] events=60775 decisions=90 live_orders=0 tested_orders=0
[HEARTBEAT] events=60800 decisions=90 live_orders=0 tested_orders=0
[HEARTBEAT] events=60825 decisions=90 live_orders=0 tested_orders=0
[HEARTBEAT] events=60850 decisions=90 live_orders=0 tested_orders=0
[HEARTBEAT] events=60875 decisions=90 live_orders=0 tested_orders=0
[HEARTBEAT] events=60900 decisions=90 live_orders=0 tested_orders=0
[HEARTBEAT] events=60925 decisions=90 live_orders=0 tested_orders=0
[HEARTBEAT] events=60950 decisions=90 live_orders=0 tested_orders=0
[HEARTBEAT] events=60975 decisions=90 live_orders=0 tested_orders=0
[HEARTBEAT] events=61000 decisions=90 live_orders=0 tested_orders=0
[HEARTBEAT] events=61025 decisions=90 live_orders=0 tested_orders=0
[HEARTBEAT] events=61050 decisions=90 live_orders=0 tested_orders=0
[HEARTBEAT] events=61075 decisions=90 live_orders=0 tested_orders=0
[HEARTBEAT] events=61100 decisions=90 live_orders=0 tested_orders=0
[HEARTBEAT] events=61125 decisions=90 live_orders=0 tested_orders=0
[HEARTBEAT] events=61150 decisions=90 live_orders=0 tested_orders=0
[HEARTBEAT] events=61175 decisions=90 live_orders=0 tested_orders=0
[HEARTBEAT] events=61200 decisions=90 live_orders=0 tested_orders=0
[HEARTBEAT] events=61225 decisions=90 live_orders=0 tested_orders=0
[HEARTBEAT] events=61250 decisions=90 live_orders=0 tested_orders=0
[HEARTBEAT] events=61275 decisions=90 live_orders=0 tested_orders=0
[HEARTBEAT] events=61300 decisions=90 live_orders=0 tested_orders=0
[HEARTBEAT] events=61325 decisions=90 live_orders=0 tested_orders=0
[HEARTBEAT] events=61350 decisions=90 live_orders=0 tested_orders=0
[HEARTBEAT] events=61375 decisions=90 live_orders=0 tested_orders=0
[HEARTBEAT] events=61400 decisions=90 live_orders=0 tested_orders=0
[HEARTBEAT] events=61425 decisions=90 live_orders=0 tested_orders=0
[HEARTBEAT] events=61450 decisions=90 live_orders=0 tested_orders=0
[HEARTBEAT] events=61475 decisions=90 live_orders=0 tested_orders=0
[HEARTBEAT] events=61500 decisions=90 live_orders=0 tested_orders=0
[HEARTBEAT] events=61525 decisions=90 live_orders=0 tested_orders=0
[HEARTBEAT] events=61550 decisions=90 live_orders=0 tested_orders=0
[HEARTBEAT] events=61575 decisions=90 live_orders=0 tested_orders=0
[HEARTBEAT] events=61600 decisions=90 live_orders=0 tested_orders=0
[HEARTBEAT] events=61625 decisions=90 live_orders=0 tested_orders=0
[DECISION] 2026-04-20T02:58:00+00:00 PEPEUSDT mode=cash side=flat score=40.83
[SUBMISSION_GATE] PEPEUSDT allow=False can_open=True existing=no pending_external=False order_cooldown=False manual_cooldown=False live_allowed=True
[EXEC_PREFLIGHT] PEPEUSDT allow=False live_allowed=True managed=cash:0.00 prepared=cash:0.00 reasons=DIRECTION_CONFLICT,EDGE_BELOW_COST,EDGE_TOO_THIN,LIQUIDITY_TOO_WEAK,SCORE_TOO_LOW,SENTIMENT_CAUTION,SENTIMENT_TOO_WEAK,SUPPORT_NOT_CONFIRMED
[DECISION] 2026-04-20T02:59:00+00:00 PEPEUSDT mode=cash side=flat score=58.58
[SUBMISSION_GATE] PEPEUSDT allow=False can_open=True existing=no pending_external=False order_cooldown=False manual_cooldown=False live_allowed=True
[EXEC_PREFLIGHT] PEPEUSDT allow=False live_allowed=True managed=cash:0.00 prepared=cash:0.00 reasons=DIRECTION_CONFLICT,EDGE_BELOW_COST,EDGE_TOO_THIN,LIQUIDITY_TOO_WEAK,SCORE_TOO_LOW,SENTIMENT_CAUTION,SENTIMENT_TOO_WEAK,SUPPORT_NOT_CONFIRMED
[DECISION] 2026-04-20T03:00:00+00:00 PEPEUSDT mode=cash side=flat score=58.58
[SUBMISSION_GATE] PEPEUSDT allow=False can_open=True existing=no pending_external=False order_cooldown=False manual_cooldown=False live_allowed=True
[EXEC_PREFLIGHT] PEPEUSDT allow=False live_allowed=True managed=cash:0.00 prepared=cash:0.00 reasons=DIRECTION_CONFLICT,EDGE_BELOW_COST,EDGE_TOO_THIN,LIQUIDITY_TOO_WEAK,SCORE_TOO_LOW,SENTIMENT_CAUTION,SENTIMENT_TOO_WEAK,SUPPORT_NOT_CONFIRMED
[DECISION] 2026-04-20T03:01:00+00:00 PEPEUSDT mode=cash side=flat score=58.58
[SUBMISSION_GATE] PEPEUSDT allow=False can_open=True existing=no pending_external=False order_cooldown=False manual_cooldown=False live_allowed=True
[EXEC_PREFLIGHT] PEPEUSDT allow=False live_allowed=True managed=cash:0.00 prepared=cash:0.00 reasons=DIRECTION_CONFLICT,EDGE_BELOW_COST,EDGE_TOO_THIN,LIQUIDITY_TOO_WEAK,SCORE_TOO_LOW,SENTIMENT_CAUTION,SENTIMENT_TOO_WEAK,SUPPORT_NOT_CONFIRMED
[DECISION] 2026-04-20T03:02:00+00:00 PEPEUSDT mode=cash side=flat score=58.58
[SUBMISSION_GATE] PEPEUSDT allow=False can_open=True existing=no pending_external=False order_cooldown=False manual_cooldown=False live_allowed=True
[EXEC_PREFLIGHT] PEPEUSDT allow=False live_allowed=True managed=cash:0.00 prepared=cash:0.00 reasons=DIRECTION_CONFLICT,EDGE_BELOW_COST,EDGE_TOO_THIN,LIQUIDITY_TOO_WEAK,SCORE_TOO_LOW,SENTIMENT_CAUTION,SENTIMENT_TOO_WEAK,SUPPORT_NOT_CONFIRMED
[DECISION] 2026-04-20T03:03:00+00:00 PEPEUSDT mode=cash side=flat score=58.58
[SUBMISSION_GATE] PEPEUSDT allow=False can_open=True existing=no pending_external=False order_cooldown=False manual_cooldown=False live_allowed=True
[EXEC_PREFLIGHT] PEPEUSDT allow=False live_allowed=True managed=cash:0.00 prepared=cash:0.00 reasons=DIRECTION_CONFLICT,EDGE_BELOW_COST,EDGE_TOO_THIN,LIQUIDITY_TOO_WEAK,SCORE_TOO_LOW,SENTIMENT_CAUTION,SENTIMENT_TOO_WEAK,SUPPORT_NOT_CONFIRMED
[DECISION] 2026-04-20T03:04:00+00:00 PEPEUSDT mode=cash side=flat score=40.84
[SUBMISSION_GATE] PEPEUSDT allow=False can_open=True existing=no pending_external=False order_cooldown=False manual_cooldown=False live_allowed=True
[EXEC_PREFLIGHT] PEPEUSDT allow=False live_allowed=True managed=cash:0.00 prepared=cash:0.00 reasons=DIRECTION_CONFLICT,EDGE_BELOW_COST,EDGE_TOO_THIN,LIQUIDITY_TOO_WEAK,SCORE_TOO_LOW,SENTIMENT_CAUTION,SENTIMENT_TOO_WEAK,SUPPORT_NOT_CONFIRMED
[HEARTBEAT] events=61650 decisions=97 live_orders=0 tested_orders=0
[HEARTBEAT] events=61675 decisions=97 live_orders=0 tested_orders=0
[HEARTBEAT] events=61700 decisions=97 live_orders=0 tested_orders=0
[HEARTBEAT] events=61725 decisions=97 live_orders=0 tested_orders=0
[HEARTBEAT] events=61750 decisions=97 live_orders=0 tested_orders=0
[HEARTBEAT] events=61775 decisions=97 live_orders=0 tested_orders=0
[HEARTBEAT] events=61800 decisions=97 live_orders=0 tested_orders=0
[HEARTBEAT] events=61825 decisions=97 live_orders=0 tested_orders=0
[HEARTBEAT] events=61850 decisions=97 live_orders=0 tested_orders=0
[HEARTBEAT] events=61875 decisions=97 live_orders=0 tested_orders=0
[HEARTBEAT] events=61900 decisions=97 live_orders=0 tested_orders=0
[HEARTBEAT] events=61925 decisions=97 live_orders=0 tested_orders=0
[HEARTBEAT] events=61950 decisions=97 live_orders=0 tested_orders=0
[HEARTBEAT] events=61975 decisions=97 live_orders=0 tested_orders=0
[HEARTBEAT] events=62000 decisions=97 live_orders=0 tested_orders=0
[HEARTBEAT] events=62025 decisions=97 live_orders=0 tested_orders=0
[HEARTBEAT] events=62050 decisions=97 live_orders=0 tested_orders=0
[HEARTBEAT] events=62075 decisions=97 live_orders=0 tested_orders=0
[HEARTBEAT] events=62100 decisions=97 live_orders=0 tested_orders=0
[HEARTBEAT] events=62125 decisions=97 live_orders=0 tested_orders=0
[HEARTBEAT] events=62150 decisions=97 live_orders=0 tested_orders=0
[HEARTBEAT] events=62175 decisions=97 live_orders=0 tested_orders=0
[HEARTBEAT] events=62200 decisions=97 live_orders=0 tested_orders=0
[HEARTBEAT] events=62225 decisions=97 live_orders=0 tested_orders=0
[HEARTBEAT] events=62250 decisions=97 live_orders=0 tested_orders=0
[HEARTBEAT] events=62275 decisions=97 live_orders=0 tested_orders=0
[HEARTBEAT] events=62300 decisions=97 live_orders=0 tested_orders=0
[HEARTBEAT] events=62325 decisions=97 live_orders=0 tested_orders=0
[HEARTBEAT] events=62350 decisions=97 live_orders=0 tested_orders=0
[HEARTBEAT] events=62375 decisions=97 live_orders=0 tested_orders=0
[HEARTBEAT] events=62400 decisions=97 live_orders=0 tested_orders=0
[HEARTBEAT] events=62425 decisions=97 live_orders=0 tested_orders=0
[HEARTBEAT] events=62450 decisions=97 live_orders=0 tested_orders=0
[HEARTBEAT] events=62475 decisions=97 live_orders=0 tested_orders=0
[HEARTBEAT] events=62500 decisions=97 live_orders=0 tested_orders=0
[HEARTBEAT] events=62525 decisions=97 live_orders=0 tested_orders=0
[HEARTBEAT] events=62550 decisions=97 live_orders=0 tested_orders=0
[HEARTBEAT] events=62575 decisions=97 live_orders=0 tested_orders=0
[HEARTBEAT] events=62600 decisions=97 live_orders=0 tested_orders=0
[HEARTBEAT] events=62625 decisions=97 live_orders=0 tested_orders=0
[HEARTBEAT] events=62650 decisions=97 live_orders=0 tested_orders=0
[HEARTBEAT] events=62675 decisions=97 live_orders=0 tested_orders=0
[HEARTBEAT] events=62700 decisions=97 live_orders=0 tested_orders=0
[HEARTBEAT] events=62725 decisions=97 live_orders=0 tested_orders=0
[HEARTBEAT] events=62750 decisions=97 live_orders=0 tested_orders=0
[HEARTBEAT] events=62775 decisions=97 live_orders=0 tested_orders=0
[HEARTBEAT] events=62800 decisions=97 live_orders=0 tested_orders=0
[HEARTBEAT] events=62825 decisions=97 live_orders=0 tested_orders=0
[HEARTBEAT] events=62850 decisions=97 live_orders=0 tested_orders=0
[HEARTBEAT] events=62875 decisions=97 live_orders=0 tested_orders=0
[HEARTBEAT] events=62900 decisions=97 live_orders=0 tested_orders=0
[HEARTBEAT] events=62925 decisions=97 live_orders=0 tested_orders=0
[HEARTBEAT] events=62950 decisions=97 live_orders=0 tested_orders=0
[HEARTBEAT] events=62975 decisions=97 live_orders=0 tested_orders=0
[HEARTBEAT] events=63000 decisions=97 live_orders=0 tested_orders=0
[HEARTBEAT] events=63025 decisions=97 live_orders=0 tested_orders=0
[HEARTBEAT] events=63050 decisions=97 live_orders=0 tested_orders=0
[HEARTBEAT] events=63075 decisions=97 live_orders=0 tested_orders=0
[HEARTBEAT] events=63100 decisions=97 live_orders=0 tested_orders=0
[SYNC] 2026-04-20T03:04:46.601476+00:00 account/open-order snapshot refreshed
[HEARTBEAT] events=63125 decisions=97 live_orders=0 tested_orders=0
[DECISION] 2026-04-20T02:58:00+00:00 PEPEUSDT mode=cash side=flat score=43.45
[SUBMISSION_GATE] PEPEUSDT allow=False can_open=True existing=no pending_external=False order_cooldown=False manual_cooldown=False live_allowed=True
[EXEC_PREFLIGHT] PEPEUSDT allow=False live_allowed=True managed=cash:0.00 prepared=cash:0.00 reasons=DIRECTION_CONFLICT,EDGE_BELOW_COST,EDGE_TOO_THIN,LIQUIDITY_TOO_WEAK,SCORE_TOO_LOW,SENTIMENT_CAUTION,SENTIMENT_TOO_WEAK,SUPPORT_NOT_CONFIRMED
[DECISION] 2026-04-20T02:59:00+00:00 PEPEUSDT mode=cash side=flat score=58.75
[SUBMISSION_GATE] PEPEUSDT allow=False can_open=True existing=no pending_external=False order_cooldown=False manual_cooldown=False live_allowed=True
[EXEC_PREFLIGHT] PEPEUSDT allow=False live_allowed=True managed=cash:0.00 prepared=cash:0.00 reasons=DIRECTION_CONFLICT,EDGE_BELOW_COST,EDGE_TOO_THIN,LIQUIDITY_TOO_WEAK,SCORE_TOO_LOW,SENTIMENT_CAUTION,SENTIMENT_TOO_WEAK,SUPPORT_NOT_CONFIRMED
[DECISION] 2026-04-20T03:00:00+00:00 PEPEUSDT mode=cash side=flat score=58.75
[SUBMISSION_GATE] PEPEUSDT allow=False can_open=True existing=no pending_external=False order_cooldown=False manual_cooldown=False live_allowed=True
[EXEC_PREFLIGHT] PEPEUSDT allow=False live_allowed=True managed=cash:0.00 prepared=cash:0.00 reasons=DIRECTION_CONFLICT,EDGE_BELOW_COST,EDGE_TOO_THIN,LIQUIDITY_TOO_WEAK,SCORE_TOO_LOW,SENTIMENT_CAUTION,SENTIMENT_TOO_WEAK,SUPPORT_NOT_CONFIRMED
[DECISION] 2026-04-20T03:01:00+00:00 PEPEUSDT mode=cash side=flat score=58.75
[SUBMISSION_GATE] PEPEUSDT allow=False can_open=True existing=no pending_external=False order_cooldown=False manual_cooldown=False live_allowed=True
[EXEC_PREFLIGHT] PEPEUSDT allow=False live_allowed=True managed=cash:0.00 prepared=cash:0.00 reasons=DIRECTION_CONFLICT,EDGE_BELOW_COST,EDGE_TOO_THIN,LIQUIDITY_TOO_WEAK,SCORE_TOO_LOW,SENTIMENT_CAUTION,SENTIMENT_TOO_WEAK,SUPPORT_NOT_CONFIRMED
[DECISION] 2026-04-20T03:02:00+00:00 PEPEUSDT mode=cash side=flat score=58.75
[SUBMISSION_GATE] PEPEUSDT allow=False can_open=True existing=no pending_external=False order_cooldown=False manual_cooldown=False live_allowed=True
[EXEC_PREFLIGHT] PEPEUSDT allow=False live_allowed=True managed=cash:0.00 prepared=cash:0.00 reasons=DIRECTION_CONFLICT,EDGE_BELOW_COST,EDGE_TOO_THIN,LIQUIDITY_TOO_WEAK,SCORE_TOO_LOW,SENTIMENT_CAUTION,SENTIMENT_TOO_WEAK,SUPPORT_NOT_CONFIRMED
[DECISION] 2026-04-20T03:03:00+00:00 PEPEUSDT mode=cash side=flat score=58.76
[SUBMISSION_GATE] PEPEUSDT allow=False can_open=True existing=no pending_external=False order_cooldown=False manual_cooldown=False live_allowed=True
[EXEC_PREFLIGHT] PEPEUSDT allow=False live_allowed=True managed=cash:0.00 prepared=cash:0.00 reasons=DIRECTION_CONFLICT,EDGE_BELOW_COST,EDGE_TOO_THIN,LIQUIDITY_TOO_WEAK,SCORE_TOO_LOW,SENTIMENT_CAUTION,SENTIMENT_TOO_WEAK,SUPPORT_NOT_CONFIRMED
[DECISION] 2026-04-20T03:04:00+00:00 PEPEUSDT mode=cash side=flat score=41.01
[SUBMISSION_GATE] PEPEUSDT allow=False can_open=True existing=no pending_external=False order_cooldown=False manual_cooldown=False live_allowed=True
[EXEC_PREFLIGHT] PEPEUSDT allow=False live_allowed=True managed=cash:0.00 prepared=cash:0.00 reasons=DIRECTION_CONFLICT,EDGE_BELOW_COST,EDGE_TOO_THIN,LIQUIDITY_TOO_WEAK,SCORE_TOO_LOW,SENTIMENT_CAUTION,SENTIMENT_TOO_WEAK,SUPPORT_NOT_CONFIRMED
[HEARTBEAT] events=63150 decisions=104 live_orders=0 tested_orders=0
[HEARTBEAT] events=63175 decisions=104 live_orders=0 tested_orders=0
[HEARTBEAT] events=63200 decisions=104 live_orders=0 tested_orders=0
[HEARTBEAT] events=63225 decisions=104 live_orders=0 tested_orders=0
[HEARTBEAT] events=63250 decisions=104 live_orders=0 tested_orders=0
[HEARTBEAT] events=63275 decisions=104 live_orders=0 tested_orders=0
[HEARTBEAT] events=63300 decisions=104 live_orders=0 tested_orders=0
[HEARTBEAT] events=63325 decisions=104 live_orders=0 tested_orders=0
[HEARTBEAT] events=63350 decisions=104 live_orders=0 tested_orders=0
[HEARTBEAT] events=63375 decisions=104 live_orders=0 tested_orders=0
[HEARTBEAT] events=63400 decisions=104 live_orders=0 tested_orders=0
[HEARTBEAT] events=63425 decisions=104 live_orders=0 tested_orders=0
[HEARTBEAT] events=63450 decisions=104 live_orders=0 tested_orders=0
[HEARTBEAT] events=63475 decisions=104 live_orders=0 tested_orders=0
[HEARTBEAT] events=63500 decisions=104 live_orders=0 tested_orders=0
[HEARTBEAT] events=63525 decisions=104 live_orders=0 tested_orders=0
[HEARTBEAT] events=63550 decisions=104 live_orders=0 tested_orders=0
[HEARTBEAT] events=63575 decisions=104 live_orders=0 tested_orders=0
[HEARTBEAT] events=63600 decisions=104 live_orders=0 tested_orders=0
[HEARTBEAT] events=63625 decisions=104 live_orders=0 tested_orders=0
[HEARTBEAT] events=63650 decisions=104 live_orders=0 tested_orders=0
[HEARTBEAT] events=63675 decisions=104 live_orders=0 tested_orders=0
[HEARTBEAT] events=63700 decisions=104 live_orders=0 tested_orders=0
[HEARTBEAT] events=63725 decisions=104 live_orders=0 tested_orders=0
[HEARTBEAT] events=63750 decisions=104 live_orders=0 tested_orders=0
[HEARTBEAT] events=63775 decisions=104 live_orders=0 tested_orders=0
[HEARTBEAT] events=63800 decisions=104 live_orders=0 tested_orders=0
[HEARTBEAT] events=63825 decisions=104 live_orders=0 tested_orders=0
[HEARTBEAT] events=63850 decisions=104 live_orders=0 tested_orders=0
[HEARTBEAT] events=63875 decisions=104 live_orders=0 tested_orders=0
[HEARTBEAT] events=63900 decisions=104 live_orders=0 tested_orders=0
[HEARTBEAT] events=63925 decisions=104 live_orders=0 tested_orders=0
[HEARTBEAT] events=63950 decisions=104 live_orders=0 tested_orders=0
[HEARTBEAT] events=63975 decisions=104 live_orders=0 tested_orders=0
[HEARTBEAT] events=64000 decisions=104 live_orders=0 tested_orders=0
[HEARTBEAT] events=64025 decisions=104 live_orders=0 tested_orders=0
[HEARTBEAT] events=64050 decisions=104 live_orders=0 tested_orders=0
[HEARTBEAT] events=64075 decisions=104 live_orders=0 tested_orders=0
[HEARTBEAT] events=64100 decisions=104 live_orders=0 tested_orders=0
[HEARTBEAT] events=64125 decisions=104 live_orders=0 tested_orders=0
[HEARTBEAT] events=64150 decisions=104 live_orders=0 tested_orders=0
[HEARTBEAT] events=64175 decisions=104 live_orders=0 tested_orders=0
[HEARTBEAT] events=64200 decisions=104 live_orders=0 tested_orders=0
[HEARTBEAT] events=64225 decisions=104 live_orders=0 tested_orders=0
[HEARTBEAT] events=64250 decisions=104 live_orders=0 tested_orders=0
[HEARTBEAT] events=64275 decisions=104 live_orders=0 tested_orders=0
[HEARTBEAT] events=64300 decisions=104 live_orders=0 tested_orders=0
[HEARTBEAT] events=64325 decisions=104 live_orders=0 tested_orders=0
[HEARTBEAT] events=64350 decisions=104 live_orders=0 tested_orders=0
[HEARTBEAT] events=64375 decisions=104 live_orders=0 tested_orders=0
[HEARTBEAT] events=64400 decisions=104 live_orders=0 tested_orders=0
[HEARTBEAT] events=64425 decisions=104 live_orders=0 tested_orders=0
[HEARTBEAT] events=64450 decisions=104 live_orders=0 tested_orders=0
[HEARTBEAT] events=64475 decisions=104 live_orders=0 tested_orders=0
[HEARTBEAT] events=64500 decisions=104 live_orders=0 tested_orders=0
[HEARTBEAT] events=64525 decisions=104 live_orders=0 tested_orders=0
[HEARTBEAT] events=64550 decisions=104 live_orders=0 tested_orders=0
[HEARTBEAT] events=64575 decisions=104 live_orders=0 tested_orders=0
[HEARTBEAT] events=64600 decisions=104 live_orders=0 tested_orders=0
[HEARTBEAT] events=64625 decisions=104 live_orders=0 tested_orders=0
[HEARTBEAT] events=64650 decisions=104 live_orders=0 tested_orders=0
[HEARTBEAT] events=64675 decisions=104 live_orders=0 tested_orders=0
[HEARTBEAT] events=64700 decisions=104 live_orders=0 tested_orders=0
[HEARTBEAT] events=64725 decisions=104 live_orders=0 tested_orders=0
[HEARTBEAT] events=64750 decisions=104 live_orders=0 tested_orders=0
[HEARTBEAT] events=64775 decisions=104 live_orders=0 tested_orders=0
[HEARTBEAT] events=64800 decisions=104 live_orders=0 tested_orders=0
[HEARTBEAT] events=64825 decisions=104 live_orders=0 tested_orders=0
[HEARTBEAT] events=64850 decisions=104 live_orders=0 tested_orders=0
[HEARTBEAT] events=64875 decisions=104 live_orders=0 tested_orders=0
[HEARTBEAT] events=64900 decisions=104 live_orders=0 tested_orders=0
[HEARTBEAT] events=64925 decisions=104 live_orders=0 tested_orders=0
[DECISION] 2026-04-20T03:05:00+00:00 PEPEUSDT mode=cash side=flat score=41.01
[SUBMISSION_GATE] PEPEUSDT allow=False can_open=True existing=no pending_external=False order_cooldown=False manual_cooldown=False live_allowed=True
[EXEC_PREFLIGHT] PEPEUSDT allow=False live_allowed=True managed=cash:0.00 prepared=cash:0.00 reasons=DIRECTION_CONFLICT,EDGE_BELOW_COST,EDGE_TOO_THIN,LIQUIDITY_TOO_WEAK,SCORE_TOO_LOW,SENTIMENT_CAUTION,SENTIMENT_TOO_WEAK,SUPPORT_NOT_CONFIRMED
[HEARTBEAT] events=64950 decisions=105 live_orders=0 tested_orders=0
[HEARTBEAT] events=64975 decisions=105 live_orders=0 tested_orders=0
[HEARTBEAT] events=65000 decisions=105 live_orders=0 tested_orders=0
[HEARTBEAT] events=65025 decisions=105 live_orders=0 tested_orders=0
[HEARTBEAT] events=65050 decisions=105 live_orders=0 tested_orders=0
[HEARTBEAT] events=65075 decisions=105 live_orders=0 tested_orders=0
[HEARTBEAT] events=65100 decisions=105 live_orders=0 tested_orders=0
[HEARTBEAT] events=65125 decisions=105 live_orders=0 tested_orders=0
[DECISION] 2026-04-20T02:58:00+00:00 DOGEUSDT mode=futures side=long score=59.23
[SUBMISSION_GATE] DOGEUSDT allow=True can_open=True existing=no pending_external=False order_cooldown=False manual_cooldown=False live_allowed=True
[EXEC_PREFLIGHT] DOGEUSDT allow=True live_allowed=True managed=futures:129.79 prepared=cash:0.00 reasons=EXECUTIVE_OPERATING_VERDICT_ROLLBACK,LIVE_EVIDENCE_REJUDGE_BLOCKED,POLICY_BUCKET_OBSERVE_ONLY,SYMBOL_LIFECYCLE_HOLD
[DECISION] 2026-04-20T02:59:00+00:00 DOGEUSDT mode=futures side=long score=59.23
[SUBMISSION_GATE] DOGEUSDT allow=True can_open=True existing=no pending_external=False order_cooldown=False manual_cooldown=False live_allowed=True
[EXEC_PREFLIGHT] DOGEUSDT allow=True live_allowed=True managed=futures:129.79 prepared=cash:0.00 reasons=EXECUTIVE_OPERATING_VERDICT_ROLLBACK,LIVE_EVIDENCE_REJUDGE_BLOCKED,POLICY_BUCKET_OBSERVE_ONLY,SYMBOL_LIFECYCLE_HOLD
[DECISION] 2026-04-20T03:00:00+00:00 DOGEUSDT mode=futures side=long score=59.23
[SUBMISSION_GATE] DOGEUSDT allow=True can_open=True existing=no pending_external=False order_cooldown=False manual_cooldown=False live_allowed=True
[EXEC_PREFLIGHT] DOGEUSDT allow=True live_allowed=True managed=futures:129.79 prepared=cash:0.00 reasons=EXECUTIVE_OPERATING_VERDICT_ROLLBACK,LIVE_EVIDENCE_REJUDGE_BLOCKED,POLICY_BUCKET_OBSERVE_ONLY,SYMBOL_LIFECYCLE_HOLD
[DECISION] 2026-04-20T03:01:00+00:00 DOGEUSDT mode=cash side=flat score=46.28
[SUBMISSION_GATE] DOGEUSDT allow=False can_open=True existing=no pending_external=False order_cooldown=False manual_cooldown=False live_allowed=True
[EXEC_PREFLIGHT] DOGEUSDT allow=False live_allowed=True managed=cash:0.00 prepared=cash:0.00 reasons=DIRECTION_CONFLICT,EDGE_BELOW_COST,EDGE_TOO_THIN,LIQUIDITY_TOO_WEAK,SCORE_TOO_LOW,SUPPORT_NOT_CONFIRMED
[DECISION] 2026-04-20T03:02:00+00:00 DOGEUSDT mode=cash side=flat score=46.28
[SUBMISSION_GATE] DOGEUSDT allow=False can_open=True existing=no pending_external=False order_cooldown=False manual_cooldown=False live_allowed=True
[EXEC_PREFLIGHT] DOGEUSDT allow=False live_allowed=True managed=cash:0.00 prepared=cash:0.00 reasons=DIRECTION_CONFLICT,EDGE_BELOW_COST,EDGE_TOO_THIN,LIQUIDITY_TOO_WEAK,SCORE_TOO_LOW,SUPPORT_NOT_CONFIRMED
[DECISION] 2026-04-20T03:03:00+00:00 DOGEUSDT mode=cash side=flat score=46.28
[SUBMISSION_GATE] DOGEUSDT allow=False can_open=True existing=no pending_external=False order_cooldown=False manual_cooldown=False live_allowed=True
[EXEC_PREFLIGHT] DOGEUSDT allow=False live_allowed=True managed=cash:0.00 prepared=cash:0.00 reasons=DIRECTION_CONFLICT,EDGE_BELOW_COST,EDGE_TOO_THIN,LIQUIDITY_TOO_WEAK,SCORE_TOO_LOW,SUPPORT_NOT_CONFIRMED
[DECISION] 2026-04-20T03:04:00+00:00 DOGEUSDT mode=futures side=long score=59.23
[SUBMISSION_GATE] DOGEUSDT allow=True can_open=True existing=no pending_external=False order_cooldown=False manual_cooldown=False live_allowed=True
[EXEC_PREFLIGHT] DOGEUSDT allow=True live_allowed=True managed=futures:129.79 prepared=cash:0.00 reasons=EXECUTIVE_OPERATING_VERDICT_ROLLBACK,LIVE_EVIDENCE_REJUDGE_BLOCKED,POLICY_BUCKET_OBSERVE_ONLY,SYMBOL_LIFECYCLE_HOLD
[DECISION] 2026-04-20T03:05:00+00:00 DOGEUSDT mode=futures side=long score=58.94
[SUBMISSION_GATE] DOGEUSDT allow=True can_open=True existing=no pending_external=False order_cooldown=False manual_cooldown=False live_allowed=True
[EXEC_PREFLIGHT] DOGEUSDT allow=True live_allowed=True managed=futures:129.79 prepared=cash:0.00 reasons=EXECUTIVE_OPERATING_VERDICT_ROLLBACK,LIVE_EVIDENCE_REJUDGE_BLOCKED,POLICY_BUCKET_OBSERVE_ONLY,SYMBOL_LIFECYCLE_HOLD
[HEARTBEAT] events=65150 decisions=113 live_orders=0 tested_orders=0
[HEARTBEAT] events=65175 decisions=113 live_orders=0 tested_orders=0
[DECISION] 2026-04-20T03:05:00+00:00 ETHUSDT mode=cash side=flat score=59.27
[SUBMISSION_GATE] ETHUSDT allow=False can_open=True existing=no pending_external=False order_cooldown=False manual_cooldown=False live_allowed=True
[EXEC_PREFLIGHT] ETHUSDT allow=False live_allowed=True managed=cash:0.00 prepared=cash:0.00 reasons=DIRECTION_CONFLICT,EDGE_BELOW_COST,LIQUIDITY_TOO_WEAK,SCORE_TOO_LOW
[HEARTBEAT] events=65200 decisions=114 live_orders=0 tested_orders=0
[HEARTBEAT] events=65225 decisions=114 live_orders=0 tested_orders=0
[HEARTBEAT] events=65250 decisions=114 live_orders=0 tested_orders=0
[HEARTBEAT] events=65275 decisions=114 live_orders=0 tested_orders=0
[HEARTBEAT] events=65300 decisions=114 live_orders=0 tested_orders=0
[HEARTBEAT] events=65325 decisions=114 live_orders=0 tested_orders=0
[HEARTBEAT] events=65350 decisions=114 live_orders=0 tested_orders=0
[HEARTBEAT] events=65375 decisions=114 live_orders=0 tested_orders=0
[HEARTBEAT] events=65400 decisions=114 live_orders=0 tested_orders=0
[HEARTBEAT] events=65425 decisions=114 live_orders=0 tested_orders=0
[HEARTBEAT] events=65450 decisions=114 live_orders=0 tested_orders=0
[HEARTBEAT] events=65475 decisions=114 live_orders=0 tested_orders=0
[HEARTBEAT] events=65500 decisions=114 live_orders=0 tested_orders=0
[HEARTBEAT] events=65525 decisions=114 live_orders=0 tested_orders=0
[HEARTBEAT] events=65550 decisions=114 live_orders=0 tested_orders=0
[HEARTBEAT] events=65575 decisions=114 live_orders=0 tested_orders=0
[HEARTBEAT] events=65600 decisions=114 live_orders=0 tested_orders=0
[HEARTBEAT] events=65625 decisions=114 live_orders=0 tested_orders=0
[HEARTBEAT] events=65650 decisions=114 live_orders=0 tested_orders=0
[HEARTBEAT] events=65675 decisions=114 live_orders=0 tested_orders=0
[HEARTBEAT] events=65700 decisions=114 live_orders=0 tested_orders=0
[HEARTBEAT] events=65725 decisions=114 live_orders=0 tested_orders=0
[HEARTBEAT] events=65750 decisions=114 live_orders=0 tested_orders=0
[HEARTBEAT] events=65775 decisions=114 live_orders=0 tested_orders=0
[DECISION] 2026-04-20T02:58:00+00:00 DOGEUSDT mode=futures side=long score=59.98
[SUBMISSION_GATE] DOGEUSDT allow=True can_open=True existing=no pending_external=False order_cooldown=False manual_cooldown=False live_allowed=True
[EXEC_PREFLIGHT] DOGEUSDT allow=True live_allowed=True managed=futures:129.79 prepared=cash:0.00 reasons=EXECUTIVE_OPERATING_VERDICT_ROLLBACK,LIVE_EVIDENCE_REJUDGE_BLOCKED,POLICY_BUCKET_OBSERVE_ONLY,SYMBOL_LIFECYCLE_HOLD
[DECISION] 2026-04-20T02:59:00+00:00 DOGEUSDT mode=futures side=long score=59.98
[SUBMISSION_GATE] DOGEUSDT allow=True can_open=True existing=no pending_external=False order_cooldown=False manual_cooldown=False live_allowed=True
[EXEC_PREFLIGHT] DOGEUSDT allow=True live_allowed=True managed=futures:129.79 prepared=cash:0.00 reasons=EXECUTIVE_OPERATING_VERDICT_ROLLBACK,LIVE_EVIDENCE_REJUDGE_BLOCKED,POLICY_BUCKET_OBSERVE_ONLY,SYMBOL_LIFECYCLE_HOLD
[DECISION] 2026-04-20T03:00:00+00:00 DOGEUSDT mode=futures side=long score=59.98
[SUBMISSION_GATE] DOGEUSDT allow=True can_open=True existing=no pending_external=False order_cooldown=False manual_cooldown=False live_allowed=True
[EXEC_PREFLIGHT] DOGEUSDT allow=True live_allowed=True managed=futures:129.79 prepared=cash:0.00 reasons=EXECUTIVE_OPERATING_VERDICT_ROLLBACK,LIVE_EVIDENCE_REJUDGE_BLOCKED,POLICY_BUCKET_OBSERVE_ONLY,SYMBOL_LIFECYCLE_HOLD
[DECISION] 2026-04-20T03:01:00+00:00 DOGEUSDT mode=cash side=flat score=47.03
[SUBMISSION_GATE] DOGEUSDT allow=False can_open=True existing=no pending_external=False order_cooldown=False manual_cooldown=False live_allowed=True
[EXEC_PREFLIGHT] DOGEUSDT allow=False live_allowed=True managed=cash:0.00 prepared=cash:0.00 reasons=DIRECTION_CONFLICT,EDGE_BELOW_COST,EDGE_TOO_THIN,LIQUIDITY_TOO_WEAK,SCORE_TOO_LOW,SENTIMENT_CAUTION,SUPPORT_NOT_CONFIRMED
[DECISION] 2026-04-20T03:02:00+00:00 DOGEUSDT mode=cash side=flat score=47.03
[SUBMISSION_GATE] DOGEUSDT allow=False can_open=True existing=no pending_external=False order_cooldown=False manual_cooldown=False live_allowed=True
[EXEC_PREFLIGHT] DOGEUSDT allow=False live_allowed=True managed=cash:0.00 prepared=cash:0.00 reasons=DIRECTION_CONFLICT,EDGE_BELOW_COST,EDGE_TOO_THIN,LIQUIDITY_TOO_WEAK,SCORE_TOO_LOW,SENTIMENT_CAUTION,SUPPORT_NOT_CONFIRMED
[DECISION] 2026-04-20T03:03:00+00:00 DOGEUSDT mode=cash side=flat score=47.03
[SUBMISSION_GATE] DOGEUSDT allow=False can_open=True existing=no pending_external=False order_cooldown=False manual_cooldown=False live_allowed=True
[EXEC_PREFLIGHT] DOGEUSDT allow=False live_allowed=True managed=cash:0.00 prepared=cash:0.00 reasons=DIRECTION_CONFLICT,EDGE_BELOW_COST,EDGE_TOO_THIN,LIQUIDITY_TOO_WEAK,SCORE_TOO_LOW,SENTIMENT_CAUTION,SUPPORT_NOT_CONFIRMED
[DECISION] 2026-04-20T03:04:00+00:00 DOGEUSDT mode=futures side=long score=59.98
[SUBMISSION_GATE] DOGEUSDT allow=True can_open=True existing=no pending_external=False order_cooldown=False manual_cooldown=False live_allowed=True
[EXEC_PREFLIGHT] DOGEUSDT allow=True live_allowed=True managed=futures:129.79 prepared=cash:0.00 reasons=EXECUTIVE_OPERATING_VERDICT_ROLLBACK,LIVE_EVIDENCE_REJUDGE_BLOCKED,POLICY_BUCKET_OBSERVE_ONLY,SYMBOL_LIFECYCLE_HOLD
[DECISION] 2026-04-20T03:05:00+00:00 DOGEUSDT mode=futures side=long score=59.98
[SUBMISSION_GATE] DOGEUSDT allow=True can_open=True existing=no pending_external=False order_cooldown=False manual_cooldown=False live_allowed=True
[EXEC_PREFLIGHT] DOGEUSDT allow=True live_allowed=True managed=futures:129.79 prepared=cash:0.00 reasons=EXECUTIVE_OPERATING_VERDICT_ROLLBACK,LIVE_EVIDENCE_REJUDGE_BLOCKED,POLICY_BUCKET_OBSERVE_ONLY,SYMBOL_LIFECYCLE_HOLD
[HEARTBEAT] events=65800 decisions=122 live_orders=0 tested_orders=0
[HEARTBEAT] events=65825 decisions=122 live_orders=0 tested_orders=0
[HEARTBEAT] events=65850 decisions=122 live_orders=0 tested_orders=0
[HEARTBEAT] events=65875 decisions=122 live_orders=0 tested_orders=0
[HEARTBEAT] events=65900 decisions=122 live_orders=0 tested_orders=0
[HEARTBEAT] events=65925 decisions=122 live_orders=0 tested_orders=0
[HEARTBEAT] events=65950 decisions=122 live_orders=0 tested_orders=0
[HEARTBEAT] events=65975 decisions=122 live_orders=0 tested_orders=0
[HEARTBEAT] events=66000 decisions=122 live_orders=0 tested_orders=0
[HEARTBEAT] events=66025 decisions=122 live_orders=0 tested_orders=0
[HEARTBEAT] events=66050 decisions=122 live_orders=0 tested_orders=0
[HEARTBEAT] events=66075 decisions=122 live_orders=0 tested_orders=0
[HEARTBEAT] events=66100 decisions=122 live_orders=0 tested_orders=0
[HEARTBEAT] events=66125 decisions=122 live_orders=0 tested_orders=0
[HEARTBEAT] events=66150 decisions=122 live_orders=0 tested_orders=0
[HEARTBEAT] events=66175 decisions=122 live_orders=0 tested_orders=0
[HEARTBEAT] events=66200 decisions=122 live_orders=0 tested_orders=0
[HEARTBEAT] events=66225 decisions=122 live_orders=0 tested_orders=0
[HEARTBEAT] events=66250 decisions=122 live_orders=0 tested_orders=0
[HEARTBEAT] events=66275 decisions=122 live_orders=0 tested_orders=0
[HEARTBEAT] events=66300 decisions=122 live_orders=0 tested_orders=0
[HEARTBEAT] events=66325 decisions=122 live_orders=0 tested_orders=0
[HEARTBEAT] events=66350 decisions=122 live_orders=0 tested_orders=0
[HEARTBEAT] events=66375 decisions=122 live_orders=0 tested_orders=0
[HEARTBEAT] events=66400 decisions=122 live_orders=0 tested_orders=0
[HEARTBEAT] events=66425 decisions=122 live_orders=0 tested_orders=0
[HEARTBEAT] events=66450 decisions=122 live_orders=0 tested_orders=0
[HEARTBEAT] events=66475 decisions=122 live_orders=0 tested_orders=0
[HEARTBEAT] events=66500 decisions=122 live_orders=0 tested_orders=0
[HEARTBEAT] events=66525 decisions=122 live_orders=0 tested_orders=0
[HEARTBEAT] events=66550 decisions=122 live_orders=0 tested_orders=0
[HEARTBEAT] events=66575 decisions=122 live_orders=0 tested_orders=0
[HEARTBEAT] events=66600 decisions=122 live_orders=0 tested_orders=0
[HEARTBEAT] events=66625 decisions=122 live_orders=0 tested_orders=0
[HEARTBEAT] events=66650 decisions=122 live_orders=0 tested_orders=0
[HEARTBEAT] events=66675 decisions=122 live_orders=0 tested_orders=0
[HEARTBEAT] events=66700 decisions=122 live_orders=0 tested_orders=0
[HEARTBEAT] events=66725 decisions=122 live_orders=0 tested_orders=0
[HEARTBEAT] events=66750 decisions=122 live_orders=0 tested_orders=0
[HEARTBEAT] events=66775 decisions=122 live_orders=0 tested_orders=0
[DECISION] 2026-04-20T02:58:00+00:00 SOLUSDT mode=cash side=flat score=47.37
[SUBMISSION_GATE] SOLUSDT allow=False can_open=True existing=no pending_external=False order_cooldown=False manual_cooldown=False live_allowed=True
[EXEC_PREFLIGHT] SOLUSDT allow=False live_allowed=True managed=cash:0.00 prepared=cash:0.00 reasons=DIRECTION_CONFLICT,EDGE_BELOW_COST,EDGE_TOO_THIN,LIQUIDITY_TOO_WEAK,SCORE_TOO_LOW,SENTIMENT_CAUTION,SENTIMENT_TOO_WEAK,SUPPORT_NOT_CONFIRMED
[DECISION] 2026-04-20T02:59:00+00:00 SOLUSDT mode=cash side=flat score=47.37
[SUBMISSION_GATE] SOLUSDT allow=False can_open=True existing=no pending_external=False order_cooldown=False manual_cooldown=False live_allowed=True
[EXEC_PREFLIGHT] SOLUSDT allow=False live_allowed=True managed=cash:0.00 prepared=cash:0.00 reasons=DIRECTION_CONFLICT,EDGE_BELOW_COST,EDGE_TOO_THIN,LIQUIDITY_TOO_WEAK,SCORE_TOO_LOW,SENTIMENT_CAUTION,SENTIMENT_TOO_WEAK,SUPPORT_NOT_CONFIRMED
[DECISION] 2026-04-20T03:00:00+00:00 SOLUSDT mode=futures side=short score=65.12
[SUBMISSION_GATE] SOLUSDT allow=True can_open=True existing=no pending_external=False order_cooldown=False manual_cooldown=False live_allowed=True
[EXEC_PREFLIGHT] SOLUSDT allow=True live_allowed=True managed=futures:129.79 prepared=cash:0.00 reasons=EXECUTIVE_OPERATING_VERDICT_ROLLBACK,LIVE_EVIDENCE_REJUDGE_BLOCKED,POLICY_BUCKET_OBSERVE_ONLY,SYMBOL_LIFECYCLE_HOLD
[DECISION] 2026-04-20T03:01:00+00:00 SOLUSDT mode=futures side=short score=65.12
[SUBMISSION_GATE] SOLUSDT allow=True can_open=True existing=no pending_external=False order_cooldown=False manual_cooldown=False live_allowed=True
[EXEC_PREFLIGHT] SOLUSDT allow=True live_allowed=True managed=futures:129.79 prepared=cash:0.00 reasons=EXECUTIVE_OPERATING_VERDICT_ROLLBACK,LIVE_EVIDENCE_REJUDGE_BLOCKED,POLICY_BUCKET_OBSERVE_ONLY,SYMBOL_LIFECYCLE_HOLD
[DECISION] 2026-04-20T03:02:00+00:00 SOLUSDT mode=futures side=short score=65.12
[SUBMISSION_GATE] SOLUSDT allow=True can_open=True existing=no pending_external=False order_cooldown=False manual_cooldown=False live_allowed=True
[EXEC_PREFLIGHT] SOLUSDT allow=True live_allowed=True managed=futures:129.79 prepared=cash:0.00 reasons=EXECUTIVE_OPERATING_VERDICT_ROLLBACK,LIVE_EVIDENCE_REJUDGE_BLOCKED,POLICY_BUCKET_OBSERVE_ONLY,SYMBOL_LIFECYCLE_HOLD
[DECISION] 2026-04-20T03:03:00+00:00 SOLUSDT mode=cash side=flat score=47.37
[SUBMISSION_GATE] SOLUSDT allow=False can_open=True existing=no pending_external=False order_cooldown=False manual_cooldown=False live_allowed=True
[EXEC_PREFLIGHT] SOLUSDT allow=False live_allowed=True managed=cash:0.00 prepared=cash:0.00 reasons=DIRECTION_CONFLICT,EDGE_BELOW_COST,EDGE_TOO_THIN,LIQUIDITY_TOO_WEAK,SCORE_TOO_LOW,SENTIMENT_CAUTION,SENTIMENT_TOO_WEAK,SUPPORT_NOT_CONFIRMED
[DECISION] 2026-04-20T03:04:00+00:00 SOLUSDT mode=cash side=flat score=47.37
[SUBMISSION_GATE] SOLUSDT allow=False can_open=True existing=no pending_external=False order_cooldown=False manual_cooldown=False live_allowed=True
[EXEC_PREFLIGHT] SOLUSDT allow=False live_allowed=True managed=cash:0.00 prepared=cash:0.00 reasons=DIRECTION_CONFLICT,EDGE_BELOW_COST,EDGE_TOO_THIN,LIQUIDITY_TOO_WEAK,SCORE_TOO_LOW,SENTIMENT_CAUTION,SENTIMENT_TOO_WEAK,SUPPORT_NOT_CONFIRMED
[DECISION] 2026-04-20T03:05:00+00:00 SOLUSDT mode=cash side=flat score=47.37
[SUBMISSION_GATE] SOLUSDT allow=False can_open=True existing=no pending_external=False order_cooldown=False manual_cooldown=False live_allowed=True
[EXEC_PREFLIGHT] SOLUSDT allow=False live_allowed=True managed=cash:0.00 prepared=cash:0.00 reasons=DIRECTION_CONFLICT,EDGE_BELOW_COST,EDGE_TOO_THIN,LIQUIDITY_TOO_WEAK,SCORE_TOO_LOW,SENTIMENT_CAUTION,SENTIMENT_TOO_WEAK,SUPPORT_NOT_CONFIRMED
[HEARTBEAT] events=66800 decisions=130 live_orders=0 tested_orders=0
[HEARTBEAT] events=66825 decisions=130 live_orders=0 tested_orders=0
[HEARTBEAT] events=66850 decisions=130 live_orders=0 tested_orders=0
[HEARTBEAT] events=66875 decisions=130 live_orders=0 tested_orders=0
[HEARTBEAT] events=66900 decisions=130 live_orders=0 tested_orders=0
[HEARTBEAT] events=66925 decisions=130 live_orders=0 tested_orders=0
[HEARTBEAT] events=66950 decisions=130 live_orders=0 tested_orders=0
[HEARTBEAT] events=66975 decisions=130 live_orders=0 tested_orders=0
[HEARTBEAT] events=67000 decisions=130 live_orders=0 tested_orders=0
[HEARTBEAT] events=67025 decisions=130 live_orders=0 tested_orders=0
[HEARTBEAT] events=67050 decisions=130 live_orders=0 tested_orders=0
[HEARTBEAT] events=67075 decisions=130 live_orders=0 tested_orders=0
[HEARTBEAT] events=67100 decisions=130 live_orders=0 tested_orders=0
[HEARTBEAT] events=67125 decisions=130 live_orders=0 tested_orders=0
[HEARTBEAT] events=67150 decisions=130 live_orders=0 tested_orders=0
[HEARTBEAT] events=67175 decisions=130 live_orders=0 tested_orders=0
[HEARTBEAT] events=67200 decisions=130 live_orders=0 tested_orders=0
[HEARTBEAT] events=67225 decisions=130 live_orders=0 tested_orders=0
[HEARTBEAT] events=67250 decisions=130 live_orders=0 tested_orders=0
[HEARTBEAT] events=67275 decisions=130 live_orders=0 tested_orders=0
[HEARTBEAT] events=67300 decisions=130 live_orders=0 tested_orders=0
[HEARTBEAT] events=67325 decisions=130 live_orders=0 tested_orders=0
[HEARTBEAT] events=67350 decisions=130 live_orders=0 tested_orders=0
[HEARTBEAT] events=67375 decisions=130 live_orders=0 tested_orders=0
[HEARTBEAT] events=67400 decisions=130 live_orders=0 tested_orders=0
[HEARTBEAT] events=67425 decisions=130 live_orders=0 tested_orders=0
[HEARTBEAT] events=67450 decisions=130 live_orders=0 tested_orders=0
[HEARTBEAT] events=67475 decisions=130 live_orders=0 tested_orders=0
[HEARTBEAT] events=67500 decisions=130 live_orders=0 tested_orders=0
[HEARTBEAT] events=67525 decisions=130 live_orders=0 tested_orders=0
[HEARTBEAT] events=67550 decisions=130 live_orders=0 tested_orders=0
[HEARTBEAT] events=67575 decisions=130 live_orders=0 tested_orders=0
[HEARTBEAT] events=67600 decisions=130 live_orders=0 tested_orders=0
[HEARTBEAT] events=67625 decisions=130 live_orders=0 tested_orders=0
[HEARTBEAT] events=67650 decisions=130 live_orders=0 tested_orders=0
[HEARTBEAT] events=67675 decisions=130 live_orders=0 tested_orders=0
[HEARTBEAT] events=67700 decisions=130 live_orders=0 tested_orders=0
[HEARTBEAT] events=67725 decisions=130 live_orders=0 tested_orders=0
[HEARTBEAT] events=67750 decisions=130 live_orders=0 tested_orders=0
[HEARTBEAT] events=67775 decisions=130 live_orders=0 tested_orders=0
[HEARTBEAT] events=67800 decisions=130 live_orders=0 tested_orders=0
[HEARTBEAT] events=67825 decisions=130 live_orders=0 tested_orders=0
[HEARTBEAT] events=67850 decisions=130 live_orders=0 tested_orders=0
[HEARTBEAT] events=67875 decisions=130 live_orders=0 tested_orders=0
[HEARTBEAT] events=67900 decisions=130 live_orders=0 tested_orders=0
[HEARTBEAT] events=67925 decisions=130 live_orders=0 tested_orders=0
[HEARTBEAT] events=67950 decisions=130 live_orders=0 tested_orders=0
[HEARTBEAT] events=67975 decisions=130 live_orders=0 tested_orders=0
[HEARTBEAT] events=68000 decisions=130 live_orders=0 tested_orders=0
[HEARTBEAT] events=68025 decisions=130 live_orders=0 tested_orders=0
[HEARTBEAT] events=68050 decisions=130 live_orders=0 tested_orders=0
[HEARTBEAT] events=68075 decisions=130 live_orders=0 tested_orders=0
[HEARTBEAT] events=68100 decisions=130 live_orders=0 tested_orders=0
[HEARTBEAT] events=68125 decisions=130 live_orders=0 tested_orders=0
[HEARTBEAT] events=68150 decisions=130 live_orders=0 tested_orders=0
[HEARTBEAT] events=68175 decisions=130 live_orders=0 tested_orders=0
[HEARTBEAT] events=68200 decisions=130 live_orders=0 tested_orders=0
[HEARTBEAT] events=68225 decisions=130 live_orders=0 tested_orders=0
[HEARTBEAT] events=68250 decisions=130 live_orders=0 tested_orders=0
[HEARTBEAT] events=68275 decisions=130 live_orders=0 tested_orders=0
[HEARTBEAT] events=68300 decisions=130 live_orders=0 tested_orders=0
[HEARTBEAT] events=68325 decisions=130 live_orders=0 tested_orders=0
[HEARTBEAT] events=68350 decisions=130 live_orders=0 tested_orders=0
[HEARTBEAT] events=68375 decisions=130 live_orders=0 tested_orders=0
[HEARTBEAT] events=68400 decisions=130 live_orders=0 tested_orders=0
[HEARTBEAT] events=68425 decisions=130 live_orders=0 tested_orders=0
[SYNC] 2026-04-20T03:05:46.607272+00:00 account/open-order snapshot refreshed
[HEARTBEAT] events=68450 decisions=130 live_orders=0 tested_orders=0
[HEARTBEAT] events=68475 decisions=130 live_orders=0 tested_orders=0
[HEARTBEAT] events=68500 decisions=130 live_orders=0 tested_orders=0
[HEARTBEAT] events=68525 decisions=130 live_orders=0 tested_orders=0
[HEARTBEAT] events=68550 decisions=130 live_orders=0 tested_orders=0
[HEARTBEAT] events=68575 decisions=130 live_orders=0 tested_orders=0
[HEARTBEAT] events=68600 decisions=130 live_orders=0 tested_orders=0
[HEARTBEAT] events=68625 decisions=130 live_orders=0 tested_orders=0
[HEARTBEAT] events=68650 decisions=130 live_orders=0 tested_orders=0
[HEARTBEAT] events=68675 decisions=130 live_orders=0 tested_orders=0
[HEARTBEAT] events=68700 decisions=130 live_orders=0 tested_orders=0
[HEARTBEAT] events=68725 decisions=130 live_orders=0 tested_orders=0
[HEARTBEAT] events=68750 decisions=130 live_orders=0 tested_orders=0
[DECISION] 2026-04-20T03:06:00+00:00 DOGEUSDT mode=futures side=long score=60.10
[SUBMISSION_GATE] DOGEUSDT allow=True can_open=True existing=no pending_external=False order_cooldown=False manual_cooldown=False live_allowed=True
[EXEC_PREFLIGHT] DOGEUSDT allow=True live_allowed=True managed=futures:129.79 prepared=cash:0.00 reasons=EXECUTIVE_OPERATING_VERDICT_ROLLBACK,LIVE_EVIDENCE_REJUDGE_BLOCKED,POLICY_BUCKET_OBSERVE_ONLY,SYMBOL_LIFECYCLE_HOLD
[HEARTBEAT] events=68775 decisions=131 live_orders=0 tested_orders=0
[DECISION] 2026-04-20T02:58:00+00:00 ETHUSDT mode=cash side=flat score=59.84
[SUBMISSION_GATE] ETHUSDT allow=False can_open=True existing=no pending_external=False order_cooldown=False manual_cooldown=False live_allowed=True
[EXEC_PREFLIGHT] ETHUSDT allow=False live_allowed=True managed=cash:0.00 prepared=cash:0.00 reasons=DIRECTION_CONFLICT,EDGE_BELOW_COST,LIQUIDITY_TOO_WEAK,SCORE_TOO_LOW
[DECISION] 2026-04-20T02:59:00+00:00 ETHUSDT mode=cash side=flat score=59.84
[SUBMISSION_GATE] ETHUSDT allow=False can_open=True existing=no pending_external=False order_cooldown=False manual_cooldown=False live_allowed=True
[EXEC_PREFLIGHT] ETHUSDT allow=False live_allowed=True managed=cash:0.00 prepared=cash:0.00 reasons=DIRECTION_CONFLICT,EDGE_BELOW_COST,LIQUIDITY_TOO_WEAK,SCORE_TOO_LOW
[DECISION] 2026-04-20T03:00:00+00:00 ETHUSDT mode=cash side=flat score=59.84
[SUBMISSION_GATE] ETHUSDT allow=False can_open=True existing=no pending_external=False order_cooldown=False manual_cooldown=False live_allowed=True
[EXEC_PREFLIGHT] ETHUSDT allow=False live_allowed=True managed=cash:0.00 prepared=cash:0.00 reasons=DIRECTION_CONFLICT,EDGE_BELOW_COST,LIQUIDITY_TOO_WEAK,SCORE_TOO_LOW
[DECISION] 2026-04-20T03:01:00+00:00 ETHUSDT mode=cash side=flat score=59.84
[SUBMISSION_GATE] ETHUSDT allow=False can_open=True existing=no pending_external=False order_cooldown=False manual_cooldown=False live_allowed=True
[EXEC_PREFLIGHT] ETHUSDT allow=False live_allowed=True managed=cash:0.00 prepared=cash:0.00 reasons=DIRECTION_CONFLICT,EDGE_BELOW_COST,LIQUIDITY_TOO_WEAK,SCORE_TOO_LOW
[DECISION] 2026-04-20T03:02:00+00:00 ETHUSDT mode=cash side=flat score=59.84
[SUBMISSION_GATE] ETHUSDT allow=False can_open=True existing=no pending_external=False order_cooldown=False manual_cooldown=False live_allowed=True
[EXEC_PREFLIGHT] ETHUSDT allow=False live_allowed=True managed=cash:0.00 prepared=cash:0.00 reasons=DIRECTION_CONFLICT,EDGE_BELOW_COST,LIQUIDITY_TOO_WEAK,SCORE_TOO_LOW
[DECISION] 2026-04-20T03:03:00+00:00 ETHUSDT mode=cash side=flat score=59.84
[SUBMISSION_GATE] ETHUSDT allow=False can_open=True existing=no pending_external=False order_cooldown=False manual_cooldown=False live_allowed=True
[EXEC_PREFLIGHT] ETHUSDT allow=False live_allowed=True managed=cash:0.00 prepared=cash:0.00 reasons=DIRECTION_CONFLICT,EDGE_BELOW_COST,LIQUIDITY_TOO_WEAK,SCORE_TOO_LOW
[DECISION] 2026-04-20T03:04:00+00:00 ETHUSDT mode=cash side=flat score=59.84
[SUBMISSION_GATE] ETHUSDT allow=False can_open=True existing=no pending_external=False order_cooldown=False manual_cooldown=False live_allowed=True
[EXEC_PREFLIGHT] ETHUSDT allow=False live_allowed=True managed=cash:0.00 prepared=cash:0.00 reasons=DIRECTION_CONFLICT,EDGE_BELOW_COST,LIQUIDITY_TOO_WEAK,SCORE_TOO_LOW
[DECISION] 2026-04-20T03:05:00+00:00 ETHUSDT mode=cash side=flat score=59.84
[SUBMISSION_GATE] ETHUSDT allow=False can_open=True existing=no pending_external=False order_cooldown=False manual_cooldown=False live_allowed=True
[EXEC_PREFLIGHT] ETHUSDT allow=False live_allowed=True managed=cash:0.00 prepared=cash:0.00 reasons=DIRECTION_CONFLICT,EDGE_BELOW_COST,LIQUIDITY_TOO_WEAK,SCORE_TOO_LOW
[HEARTBEAT] events=68800 decisions=139 live_orders=0 tested_orders=0
[HEARTBEAT] events=68825 decisions=139 live_orders=0 tested_orders=0
[HEARTBEAT] events=68850 decisions=139 live_orders=0 tested_orders=0
[HEARTBEAT] events=68875 decisions=139 live_orders=0 tested_orders=0
[HEARTBEAT] events=68900 decisions=139 live_orders=0 tested_orders=0
[HEARTBEAT] events=68925 decisions=139 live_orders=0 tested_orders=0
[HEARTBEAT] events=68950 decisions=139 live_orders=0 tested_orders=0
[HEARTBEAT] events=68975 decisions=139 live_orders=0 tested_orders=0
[HEARTBEAT] events=69000 decisions=139 live_orders=0 tested_orders=0
[HEARTBEAT] events=69025 decisions=139 live_orders=0 tested_orders=0
[HEARTBEAT] events=69050 decisions=139 live_orders=0 tested_orders=0
[HEARTBEAT] events=69075 decisions=139 live_orders=0 tested_orders=0
[HEARTBEAT] events=69100 decisions=139 live_orders=0 tested_orders=0
[HEARTBEAT] events=69125 decisions=139 live_orders=0 tested_orders=0
[HEARTBEAT] events=69150 decisions=139 live_orders=0 tested_orders=0
[HEARTBEAT] events=69175 decisions=139 live_orders=0 tested_orders=0
[HEARTBEAT] events=69200 decisions=139 live_orders=0 tested_orders=0
[HEARTBEAT] events=69225 decisions=139 live_orders=0 tested_orders=0
[HEARTBEAT] events=69250 decisions=139 live_orders=0 tested_orders=0
[HEARTBEAT] events=69275 decisions=139 live_orders=0 tested_orders=0
[HEARTBEAT] events=69300 decisions=139 live_orders=0 tested_orders=0
[HEARTBEAT] events=69325 decisions=139 live_orders=0 tested_orders=0
[HEARTBEAT] events=69350 decisions=139 live_orders=0 tested_orders=0
[HEARTBEAT] events=69375 decisions=139 live_orders=0 tested_orders=0
[HEARTBEAT] events=69400 decisions=139 live_orders=0 tested_orders=0
[HEARTBEAT] events=69425 decisions=139 live_orders=0 tested_orders=0
[HEARTBEAT] events=69450 decisions=139 live_orders=0 tested_orders=0
[HEARTBEAT] events=69475 decisions=139 live_orders=0 tested_orders=0
[HEARTBEAT] events=69500 decisions=139 live_orders=0 tested_orders=0
[HEARTBEAT] events=69525 decisions=139 live_orders=0 tested_orders=0
[HEARTBEAT] events=69550 decisions=139 live_orders=0 tested_orders=0
[HEARTBEAT] events=69575 decisions=139 live_orders=0 tested_orders=0
[HEARTBEAT] events=69600 decisions=139 live_orders=0 tested_orders=0
[HEARTBEAT] events=69625 decisions=139 live_orders=0 tested_orders=0
[HEARTBEAT] events=69650 decisions=139 live_orders=0 tested_orders=0
[HEARTBEAT] events=69675 decisions=139 live_orders=0 tested_orders=0
[HEARTBEAT] events=69700 decisions=139 live_orders=0 tested_orders=0
[HEARTBEAT] events=69725 decisions=139 live_orders=0 tested_orders=0
[HEARTBEAT] events=69750 decisions=139 live_orders=0 tested_orders=0
[HEARTBEAT] events=69775 decisions=139 live_orders=0 tested_orders=0
[HEARTBEAT] events=69800 decisions=139 live_orders=0 tested_orders=0
[HEARTBEAT] events=69825 decisions=139 live_orders=0 tested_orders=0
[HEARTBEAT] events=69850 decisions=139 live_orders=0 tested_orders=0
[HEARTBEAT] events=69875 decisions=139 live_orders=0 tested_orders=0
[HEARTBEAT] events=69900 decisions=139 live_orders=0 tested_orders=0
[HEARTBEAT] events=69925 decisions=139 live_orders=0 tested_orders=0
[HEARTBEAT] events=69950 decisions=139 live_orders=0 tested_orders=0
[HEARTBEAT] events=69975 decisions=139 live_orders=0 tested_orders=0
[HEARTBEAT] events=70000 decisions=139 live_orders=0 tested_orders=0
[DECISION] 2026-04-20T02:58:00+00:00 SOLUSDT mode=cash side=flat score=47.16
[SUBMISSION_GATE] SOLUSDT allow=False can_open=True existing=no pending_external=False order_cooldown=False manual_cooldown=False live_allowed=True
[EXEC_PREFLIGHT] SOLUSDT allow=False live_allowed=True managed=cash:0.00 prepared=cash:0.00 reasons=DIRECTION_CONFLICT,EDGE_BELOW_COST,EDGE_TOO_THIN,LIQUIDITY_TOO_WEAK,SCORE_TOO_LOW,SENTIMENT_CAUTION,SUPPORT_NOT_CONFIRMED
[DECISION] 2026-04-20T02:59:00+00:00 SOLUSDT mode=cash side=flat score=47.16
[SUBMISSION_GATE] SOLUSDT allow=False can_open=True existing=no pending_external=False order_cooldown=False manual_cooldown=False live_allowed=True
[EXEC_PREFLIGHT] SOLUSDT allow=False live_allowed=True managed=cash:0.00 prepared=cash:0.00 reasons=DIRECTION_CONFLICT,EDGE_BELOW_COST,EDGE_TOO_THIN,LIQUIDITY_TOO_WEAK,SCORE_TOO_LOW,SENTIMENT_CAUTION,SUPPORT_NOT_CONFIRMED
[DECISION] 2026-04-20T03:00:00+00:00 SOLUSDT mode=cash side=flat score=47.16
[SUBMISSION_GATE] SOLUSDT allow=False can_open=True existing=no pending_external=False order_cooldown=False manual_cooldown=False live_allowed=True
[EXEC_PREFLIGHT] SOLUSDT allow=False live_allowed=True managed=cash:0.00 prepared=cash:0.00 reasons=DIRECTION_CONFLICT,EDGE_BELOW_COST,EDGE_TOO_THIN,LIQUIDITY_TOO_WEAK,SCORE_TOO_LOW,SENTIMENT_CAUTION,SUPPORT_NOT_CONFIRMED
[DECISION] 2026-04-20T03:01:00+00:00 SOLUSDT mode=futures side=short score=64.91
[SUBMISSION_GATE] SOLUSDT allow=True can_open=True existing=no pending_external=False order_cooldown=False manual_cooldown=False live_allowed=True
[EXEC_PREFLIGHT] SOLUSDT allow=True live_allowed=True managed=futures:129.79 prepared=cash:0.00 reasons=EXECUTIVE_OPERATING_VERDICT_ROLLBACK,LIVE_EVIDENCE_REJUDGE_BLOCKED,POLICY_BUCKET_OBSERVE_ONLY,SYMBOL_LIFECYCLE_HOLD
[DECISION] 2026-04-20T03:02:00+00:00 SOLUSDT mode=futures side=short score=64.91
[SUBMISSION_GATE] SOLUSDT allow=True can_open=True existing=no pending_external=False order_cooldown=False manual_cooldown=False live_allowed=True
[EXEC_PREFLIGHT] SOLUSDT allow=True live_allowed=True managed=futures:129.79 prepared=cash:0.00 reasons=EXECUTIVE_OPERATING_VERDICT_ROLLBACK,LIVE_EVIDENCE_REJUDGE_BLOCKED,POLICY_BUCKET_OBSERVE_ONLY,SYMBOL_LIFECYCLE_HOLD
[DECISION] 2026-04-20T03:03:00+00:00 SOLUSDT mode=cash side=flat score=47.16
[SUBMISSION_GATE] SOLUSDT allow=False can_open=True existing=no pending_external=False order_cooldown=False manual_cooldown=False live_allowed=True
[EXEC_PREFLIGHT] SOLUSDT allow=False live_allowed=True managed=cash:0.00 prepared=cash:0.00 reasons=DIRECTION_CONFLICT,EDGE_BELOW_COST,EDGE_TOO_THIN,LIQUIDITY_TOO_WEAK,SCORE_TOO_LOW,SENTIMENT_CAUTION,SUPPORT_NOT_CONFIRMED
[DECISION] 2026-04-20T03:04:00+00:00 SOLUSDT mode=cash side=flat score=47.16
[SUBMISSION_GATE] SOLUSDT allow=False can_open=True existing=no pending_external=False order_cooldown=False manual_cooldown=False live_allowed=True
[EXEC_PREFLIGHT] SOLUSDT allow=False live_allowed=True managed=cash:0.00 prepared=cash:0.00 reasons=DIRECTION_CONFLICT,EDGE_BELOW_COST,EDGE_TOO_THIN,LIQUIDITY_TOO_WEAK,SCORE_TOO_LOW,SENTIMENT_CAUTION,SUPPORT_NOT_CONFIRMED
[DECISION] 2026-04-20T03:05:00+00:00 SOLUSDT mode=cash side=flat score=47.16
[SUBMISSION_GATE] SOLUSDT allow=False can_open=True existing=no pending_external=False order_cooldown=False manual_cooldown=False live_allowed=True
[EXEC_PREFLIGHT] SOLUSDT allow=False live_allowed=True managed=cash:0.00 prepared=cash:0.00 reasons=DIRECTION_CONFLICT,EDGE_BELOW_COST,EDGE_TOO_THIN,LIQUIDITY_TOO_WEAK,SCORE_TOO_LOW,SENTIMENT_CAUTION,SUPPORT_NOT_CONFIRMED
[HEARTBEAT] events=70025 decisions=147 live_orders=0 tested_orders=0
[HEARTBEAT] events=70050 decisions=147 live_orders=0 tested_orders=0
[HEARTBEAT] events=70075 decisions=147 live_orders=0 tested_orders=0
[HEARTBEAT] events=70100 decisions=147 live_orders=0 tested_orders=0
[HEARTBEAT] events=70125 decisions=147 live_orders=0 tested_orders=0
[HEARTBEAT] events=70150 decisions=147 live_orders=0 tested_orders=0
[HEARTBEAT] events=70175 decisions=147 live_orders=0 tested_orders=0
[HEARTBEAT] events=70200 decisions=147 live_orders=0 tested_orders=0
[HEARTBEAT] events=70225 decisions=147 live_orders=0 tested_orders=0
[HEARTBEAT] events=70250 decisions=147 live_orders=0 tested_orders=0
[HEARTBEAT] events=70275 decisions=147 live_orders=0 tested_orders=0
[HEARTBEAT] events=70300 decisions=147 live_orders=0 tested_orders=0
[HEARTBEAT] events=70325 decisions=147 live_orders=0 tested_orders=0
[HEARTBEAT] events=70350 decisions=147 live_orders=0 tested_orders=0
[HEARTBEAT] events=70375 decisions=147 live_orders=0 tested_orders=0
[HEARTBEAT] events=70400 decisions=147 live_orders=0 tested_orders=0
[HEARTBEAT] events=70425 decisions=147 live_orders=0 tested_orders=0
[HEARTBEAT] events=70450 decisions=147 live_orders=0 tested_orders=0
[HEARTBEAT] events=70475 decisions=147 live_orders=0 tested_orders=0
[HEARTBEAT] events=70500 decisions=147 live_orders=0 tested_orders=0
[HEARTBEAT] events=70525 decisions=147 live_orders=0 tested_orders=0
[HEARTBEAT] events=70550 decisions=147 live_orders=0 tested_orders=0
[HEARTBEAT] events=70575 decisions=147 live_orders=0 tested_orders=0
[HEARTBEAT] events=70600 decisions=147 live_orders=0 tested_orders=0
[HEARTBEAT] events=70625 decisions=147 live_orders=0 tested_orders=0
[HEARTBEAT] events=70650 decisions=147 live_orders=0 tested_orders=0
[HEARTBEAT] events=70675 decisions=147 live_orders=0 tested_orders=0
[HEARTBEAT] events=70700 decisions=147 live_orders=0 tested_orders=0
[HEARTBEAT] events=70725 decisions=147 live_orders=0 tested_orders=0
[HEARTBEAT] events=70750 decisions=147 live_orders=0 tested_orders=0
[HEARTBEAT] events=70775 decisions=147 live_orders=0 tested_orders=0
[HEARTBEAT] events=70800 decisions=147 live_orders=0 tested_orders=0
[HEARTBEAT] events=70825 decisions=147 live_orders=0 tested_orders=0
[HEARTBEAT] events=70850 decisions=147 live_orders=0 tested_orders=0
[HEARTBEAT] events=70875 decisions=147 live_orders=0 tested_orders=0
[HEARTBEAT] events=70900 decisions=147 live_orders=0 tested_orders=0
[HEARTBEAT] events=70925 decisions=147 live_orders=0 tested_orders=0
[HEARTBEAT] events=70950 decisions=147 live_orders=0 tested_orders=0
[HEARTBEAT] events=70975 decisions=147 live_orders=0 tested_orders=0
[HEARTBEAT] events=71000 decisions=147 live_orders=0 tested_orders=0
[HEARTBEAT] events=71025 decisions=147 live_orders=0 tested_orders=0
[HEARTBEAT] events=71050 decisions=147 live_orders=0 tested_orders=0
[HEARTBEAT] events=71075 decisions=147 live_orders=0 tested_orders=0
[HEARTBEAT] events=71100 decisions=147 live_orders=0 tested_orders=0
[HEARTBEAT] events=71125 decisions=147 live_orders=0 tested_orders=0
[HEARTBEAT] events=71150 decisions=147 live_orders=0 tested_orders=0
[HEARTBEAT] events=71175 decisions=147 live_orders=0 tested_orders=0
[HEARTBEAT] events=71200 decisions=147 live_orders=0 tested_orders=0
[HEARTBEAT] events=71225 decisions=147 live_orders=0 tested_orders=0
[HEARTBEAT] events=71250 decisions=147 live_orders=0 tested_orders=0
[HEARTBEAT] events=71275 decisions=147 live_orders=0 tested_orders=0
[HEARTBEAT] events=71300 decisions=147 live_orders=0 tested_orders=0
[HEARTBEAT] events=71325 decisions=147 live_orders=0 tested_orders=0
[HEARTBEAT] events=71350 decisions=147 live_orders=0 tested_orders=0
[HEARTBEAT] events=71375 decisions=147 live_orders=0 tested_orders=0
[HEARTBEAT] events=71400 decisions=147 live_orders=0 tested_orders=0
[HEARTBEAT] events=71425 decisions=147 live_orders=0 tested_orders=0
[HEARTBEAT] events=71450 decisions=147 live_orders=0 tested_orders=0
[HEARTBEAT] events=71475 decisions=147 live_orders=0 tested_orders=0
[HEARTBEAT] events=71500 decisions=147 live_orders=0 tested_orders=0
[HEARTBEAT] events=71525 decisions=147 live_orders=0 tested_orders=0
[HEARTBEAT] events=71550 decisions=147 live_orders=0 tested_orders=0
[HEARTBEAT] events=71575 decisions=147 live_orders=0 tested_orders=0
[HEARTBEAT] events=71600 decisions=147 live_orders=0 tested_orders=0
[HEARTBEAT] events=71625 decisions=147 live_orders=0 tested_orders=0
[HEARTBEAT] events=71650 decisions=147 live_orders=0 tested_orders=0
[HEARTBEAT] events=71675 decisions=147 live_orders=0 tested_orders=0
[HEARTBEAT] events=71700 decisions=147 live_orders=0 tested_orders=0
[HEARTBEAT] events=71725 decisions=147 live_orders=0 tested_orders=0
[HEARTBEAT] events=71750 decisions=147 live_orders=0 tested_orders=0
[HEARTBEAT] events=71775 decisions=147 live_orders=0 tested_orders=0
[HEARTBEAT] events=71800 decisions=147 live_orders=0 tested_orders=0
[HEARTBEAT] events=71825 decisions=147 live_orders=0 tested_orders=0
[HEARTBEAT] events=71850 decisions=147 live_orders=0 tested_orders=0
[HEARTBEAT] events=71875 decisions=147 live_orders=0 tested_orders=0
[HEARTBEAT] events=71900 decisions=147 live_orders=0 tested_orders=0
[HEARTBEAT] events=71925 decisions=147 live_orders=0 tested_orders=0
[HEARTBEAT] events=71950 decisions=147 live_orders=0 tested_orders=0
[HEARTBEAT] events=71975 decisions=147 live_orders=0 tested_orders=0
[HEARTBEAT] events=72000 decisions=147 live_orders=0 tested_orders=0
[HEARTBEAT] events=72025 decisions=147 live_orders=0 tested_orders=0
[HEARTBEAT] events=72050 decisions=147 live_orders=0 tested_orders=0
[HEARTBEAT] events=72075 decisions=147 live_orders=0 tested_orders=0
[HEARTBEAT] events=72100 decisions=147 live_orders=0 tested_orders=0
[HEARTBEAT] events=72125 decisions=147 live_orders=0 tested_orders=0
[HEARTBEAT] events=72150 decisions=147 live_orders=0 tested_orders=0
[HEARTBEAT] events=72175 decisions=147 live_orders=0 tested_orders=0
[HEARTBEAT] events=72200 decisions=147 live_orders=0 tested_orders=0
[HEARTBEAT] events=72225 decisions=147 live_orders=0 tested_orders=0
[HEARTBEAT] events=72250 decisions=147 live_orders=0 tested_orders=0
[HEARTBEAT] events=72275 decisions=147 live_orders=0 tested_orders=0
[HEARTBEAT] events=72300 decisions=147 live_orders=0 tested_orders=0
[DECISION] 2026-04-20T02:58:00+00:00 ETHUSDT mode=cash side=flat score=66.65
[SUBMISSION_GATE] ETHUSDT allow=False can_open=True existing=no pending_external=False order_cooldown=False manual_cooldown=False live_allowed=True
[EXEC_PREFLIGHT] ETHUSDT allow=False live_allowed=True managed=cash:0.00 prepared=cash:0.00 reasons=DIRECTION_CONFLICT,EDGE_BELOW_COST,LIQUIDITY_TOO_WEAK,SCORE_TOO_LOW
[DECISION] 2026-04-20T02:59:00+00:00 ETHUSDT mode=cash side=flat score=66.65
[SUBMISSION_GATE] ETHUSDT allow=False can_open=True existing=no pending_external=False order_cooldown=False manual_cooldown=False live_allowed=True
[EXEC_PREFLIGHT] ETHUSDT allow=False live_allowed=True managed=cash:0.00 prepared=cash:0.00 reasons=DIRECTION_CONFLICT,EDGE_BELOW_COST,LIQUIDITY_TOO_WEAK,SCORE_TOO_LOW
[DECISION] 2026-04-20T03:00:00+00:00 ETHUSDT mode=cash side=flat score=66.65
[SUBMISSION_GATE] ETHUSDT allow=False can_open=True existing=no pending_external=False order_cooldown=False manual_cooldown=False live_allowed=True
[EXEC_PREFLIGHT] ETHUSDT allow=False live_allowed=True managed=cash:0.00 prepared=cash:0.00 reasons=DIRECTION_CONFLICT,EDGE_BELOW_COST,LIQUIDITY_TOO_WEAK,SCORE_TOO_LOW
[DECISION] 2026-04-20T03:01:00+00:00 ETHUSDT mode=cash side=flat score=66.65
[SUBMISSION_GATE] ETHUSDT allow=False can_open=True existing=no pending_external=False order_cooldown=False manual_cooldown=False live_allowed=True
[EXEC_PREFLIGHT] ETHUSDT allow=False live_allowed=True managed=cash:0.00 prepared=cash:0.00 reasons=DIRECTION_CONFLICT,EDGE_BELOW_COST,LIQUIDITY_TOO_WEAK,SCORE_TOO_LOW
[DECISION] 2026-04-20T03:02:00+00:00 ETHUSDT mode=cash side=flat score=66.64
[SUBMISSION_GATE] ETHUSDT allow=False can_open=True existing=no pending_external=False order_cooldown=False manual_cooldown=False live_allowed=True
[EXEC_PREFLIGHT] ETHUSDT allow=False live_allowed=True managed=cash:0.00 prepared=cash:0.00 reasons=DIRECTION_CONFLICT,EDGE_BELOW_COST,LIQUIDITY_TOO_WEAK,SCORE_TOO_LOW
[DECISION] 2026-04-20T03:03:00+00:00 ETHUSDT mode=cash side=flat score=66.65
[SUBMISSION_GATE] ETHUSDT allow=False can_open=True existing=no pending_external=False order_cooldown=False manual_cooldown=False live_allowed=True
[EXEC_PREFLIGHT] ETHUSDT allow=False live_allowed=True managed=cash:0.00 prepared=cash:0.00 reasons=DIRECTION_CONFLICT,EDGE_BELOW_COST,LIQUIDITY_TOO_WEAK,SCORE_TOO_LOW
[DECISION] 2026-04-20T03:04:00+00:00 ETHUSDT mode=cash side=flat score=66.64
[SUBMISSION_GATE] ETHUSDT allow=False can_open=True existing=no pending_external=False order_cooldown=False manual_cooldown=False live_allowed=True
[EXEC_PREFLIGHT] ETHUSDT allow=False live_allowed=True managed=cash:0.00 prepared=cash:0.00 reasons=DIRECTION_CONFLICT,EDGE_BELOW_COST,LIQUIDITY_TOO_WEAK,SCORE_TOO_LOW
[HEARTBEAT] events=72325 decisions=154 live_orders=0 tested_orders=0
[DECISION] 2026-04-20T03:05:00+00:00 ETHUSDT mode=cash side=flat score=66.64
[SUBMISSION_GATE] ETHUSDT allow=False can_open=True existing=no pending_external=False order_cooldown=False manual_cooldown=False live_allowed=True
[EXEC_PREFLIGHT] ETHUSDT allow=False live_allowed=True managed=cash:0.00 prepared=cash:0.00 reasons=DIRECTION_CONFLICT,EDGE_BELOW_COST,LIQUIDITY_TOO_WEAK,SCORE_TOO_LOW
[HEARTBEAT] events=72350 decisions=155 live_orders=0 tested_orders=0
[HEARTBEAT] events=72375 decisions=155 live_orders=0 tested_orders=0
[HEARTBEAT] events=72400 decisions=155 live_orders=0 tested_orders=0
[HEARTBEAT] events=72425 decisions=155 live_orders=0 tested_orders=0
[DECISION] 2026-04-20T03:05:00+00:00 DOGEUSDT mode=cash side=flat score=48.11
[SUBMISSION_GATE] DOGEUSDT allow=False can_open=True existing=no pending_external=False order_cooldown=False manual_cooldown=False live_allowed=True
[EXEC_PREFLIGHT] DOGEUSDT allow=False live_allowed=True managed=cash:0.00 prepared=cash:0.00 reasons=DIRECTION_CONFLICT,EDGE_BELOW_COST,EDGE_TOO_THIN,LIQUIDITY_TOO_WEAK,SCORE_TOO_LOW,SUPPORT_NOT_CONFIRMED
[HEARTBEAT] events=72450 decisions=156 live_orders=0 tested_orders=0
[HEARTBEAT] events=72475 decisions=156 live_orders=0 tested_orders=0
[HEARTBEAT] events=72500 decisions=156 live_orders=0 tested_orders=0
[HEARTBEAT] events=72525 decisions=156 live_orders=0 tested_orders=0
[HEARTBEAT] events=72550 decisions=156 live_orders=0 tested_orders=0
[HEARTBEAT] events=72575 decisions=156 live_orders=0 tested_orders=0
[HEARTBEAT] events=72600 decisions=156 live_orders=0 tested_orders=0
[HEARTBEAT] events=72625 decisions=156 live_orders=0 tested_orders=0
[HEARTBEAT] events=72650 decisions=156 live_orders=0 tested_orders=0
[HEARTBEAT] events=72675 decisions=156 live_orders=0 tested_orders=0
[HEARTBEAT] events=72700 decisions=156 live_orders=0 tested_orders=0
[HEARTBEAT] events=72725 decisions=156 live_orders=0 tested_orders=0
[HEARTBEAT] events=72750 decisions=156 live_orders=0 tested_orders=0
[HEARTBEAT] events=72775 decisions=156 live_orders=0 tested_orders=0
[HEARTBEAT] events=72800 decisions=156 live_orders=0 tested_orders=0
[HEARTBEAT] events=72825 decisions=156 live_orders=0 tested_orders=0
[HEARTBEAT] events=72850 decisions=156 live_orders=0 tested_orders=0
[HEARTBEAT] events=72875 decisions=156 live_orders=0 tested_orders=0
[HEARTBEAT] events=72900 decisions=156 live_orders=0 tested_orders=0
[HEARTBEAT] events=72925 decisions=156 live_orders=0 tested_orders=0
[HEARTBEAT] events=72950 decisions=156 live_orders=0 tested_orders=0
[HEARTBEAT] events=72975 decisions=156 live_orders=0 tested_orders=0
[HEARTBEAT] events=73000 decisions=156 live_orders=0 tested_orders=0
[HEARTBEAT] events=73025 decisions=156 live_orders=0 tested_orders=0
[HEARTBEAT] events=73050 decisions=156 live_orders=0 tested_orders=0
[HEARTBEAT] events=73075 decisions=156 live_orders=0 tested_orders=0
[HEARTBEAT] events=73100 decisions=156 live_orders=0 tested_orders=0
[HEARTBEAT] events=73125 decisions=156 live_orders=0 tested_orders=0
[HEARTBEAT] events=73150 decisions=156 live_orders=0 tested_orders=0
[HEARTBEAT] events=73175 decisions=156 live_orders=0 tested_orders=0
[HEARTBEAT] events=73200 decisions=156 live_orders=0 tested_orders=0
[HEARTBEAT] events=73225 decisions=156 live_orders=0 tested_orders=0
[HEARTBEAT] events=73250 decisions=156 live_orders=0 tested_orders=0
[HEARTBEAT] events=73275 decisions=156 live_orders=0 tested_orders=0
[HEARTBEAT] events=73300 decisions=156 live_orders=0 tested_orders=0
[HEARTBEAT] events=73325 decisions=156 live_orders=0 tested_orders=0
[HEARTBEAT] events=73350 decisions=156 live_orders=0 tested_orders=0
[HEARTBEAT] events=73375 decisions=156 live_orders=0 tested_orders=0
[HEARTBEAT] events=73400 decisions=156 live_orders=0 tested_orders=0
[HEARTBEAT] events=73425 decisions=156 live_orders=0 tested_orders=0
[HEARTBEAT] events=73450 decisions=156 live_orders=0 tested_orders=0
[HEARTBEAT] events=73475 decisions=156 live_orders=0 tested_orders=0
[HEARTBEAT] events=73500 decisions=156 live_orders=0 tested_orders=0
[HEARTBEAT] events=73525 decisions=156 live_orders=0 tested_orders=0
[HEARTBEAT] events=73550 decisions=156 live_orders=0 tested_orders=0
[HEARTBEAT] events=73575 decisions=156 live_orders=0 tested_orders=0
[HEARTBEAT] events=73600 decisions=156 live_orders=0 tested_orders=0
[HEARTBEAT] events=73625 decisions=156 live_orders=0 tested_orders=0
[HEARTBEAT] events=73650 decisions=156 live_orders=0 tested_orders=0
[HEARTBEAT] events=73675 decisions=156 live_orders=0 tested_orders=0
[HEARTBEAT] events=73700 decisions=156 live_orders=0 tested_orders=0
[HEARTBEAT] events=73725 decisions=156 live_orders=0 tested_orders=0
[HEARTBEAT] events=73750 decisions=156 live_orders=0 tested_orders=0
[HEARTBEAT] events=73775 decisions=156 live_orders=0 tested_orders=0
[HEARTBEAT] events=73800 decisions=156 live_orders=0 tested_orders=0
[HEARTBEAT] events=73825 decisions=156 live_orders=0 tested_orders=0
[HEARTBEAT] events=73850 decisions=156 live_orders=0 tested_orders=0
[HEARTBEAT] events=73875 decisions=156 live_orders=0 tested_orders=0
[HEARTBEAT] events=73900 decisions=156 live_orders=0 tested_orders=0
[HEARTBEAT] events=73925 decisions=156 live_orders=0 tested_orders=0
[HEARTBEAT] events=73950 decisions=156 live_orders=0 tested_orders=0
[HEARTBEAT] events=73975 decisions=156 live_orders=0 tested_orders=0
[HEARTBEAT] events=74000 decisions=156 live_orders=0 tested_orders=0
[HEARTBEAT] events=74025 decisions=156 live_orders=0 tested_orders=0
[HEARTBEAT] events=74050 decisions=156 live_orders=0 tested_orders=0
[HEARTBEAT] events=74075 decisions=156 live_orders=0 tested_orders=0
[HEARTBEAT] events=74100 decisions=156 live_orders=0 tested_orders=0
[HEARTBEAT] events=74125 decisions=156 live_orders=0 tested_orders=0
[HEARTBEAT] events=74150 decisions=156 live_orders=0 tested_orders=0
[HEARTBEAT] events=74175 decisions=156 live_orders=0 tested_orders=0
[HEARTBEAT] events=74200 decisions=156 live_orders=0 tested_orders=0
[HEARTBEAT] events=74225 decisions=156 live_orders=0 tested_orders=0
[HEARTBEAT] events=74250 decisions=156 live_orders=0 tested_orders=0
[HEARTBEAT] events=74275 decisions=156 live_orders=0 tested_orders=0
[HEARTBEAT] events=74300 decisions=156 live_orders=0 tested_orders=0
[HEARTBEAT] events=74325 decisions=156 live_orders=0 tested_orders=0
[HEARTBEAT] events=74350 decisions=156 live_orders=0 tested_orders=0
[HEARTBEAT] events=74375 decisions=156 live_orders=0 tested_orders=0
[HEARTBEAT] events=74400 decisions=156 live_orders=0 tested_orders=0
[HEARTBEAT] events=74425 decisions=156 live_orders=0 tested_orders=0
[HEARTBEAT] events=74450 decisions=156 live_orders=0 tested_orders=0
[HEARTBEAT] events=74475 decisions=156 live_orders=0 tested_orders=0
[HEARTBEAT] events=74500 decisions=156 live_orders=0 tested_orders=0
[HEARTBEAT] events=74525 decisions=156 live_orders=0 tested_orders=0
[HEARTBEAT] events=74550 decisions=156 live_orders=0 tested_orders=0
[HEARTBEAT] events=74575 decisions=156 live_orders=0 tested_orders=0
[HEARTBEAT] events=74600 decisions=156 live_orders=0 tested_orders=0
[HEARTBEAT] events=74625 decisions=156 live_orders=0 tested_orders=0
[HEARTBEAT] events=74650 decisions=156 live_orders=0 tested_orders=0
[HEARTBEAT] events=74675 decisions=156 live_orders=0 tested_orders=0
[HEARTBEAT] events=74700 decisions=156 live_orders=0 tested_orders=0
[HEARTBEAT] events=74725 decisions=156 live_orders=0 tested_orders=0
[HEARTBEAT] events=74750 decisions=156 live_orders=0 tested_orders=0
[HEARTBEAT] events=74775 decisions=156 live_orders=0 tested_orders=0
[HEARTBEAT] events=74800 decisions=156 live_orders=0 tested_orders=0
[HEARTBEAT] events=74825 decisions=156 live_orders=0 tested_orders=0
[HEARTBEAT] events=74850 decisions=156 live_orders=0 tested_orders=0
[HEARTBEAT] events=74875 decisions=156 live_orders=0 tested_orders=0
[HEARTBEAT] events=74900 decisions=156 live_orders=0 tested_orders=0
[HEARTBEAT] events=74925 decisions=156 live_orders=0 tested_orders=0
[HEARTBEAT] events=74950 decisions=156 live_orders=0 tested_orders=0
[HEARTBEAT] events=74975 decisions=156 live_orders=0 tested_orders=0
[HEARTBEAT] events=75000 decisions=156 live_orders=0 tested_orders=0
[HEARTBEAT] events=75025 decisions=156 live_orders=0 tested_orders=0
[HEARTBEAT] events=75050 decisions=156 live_orders=0 tested_orders=0
[HEARTBEAT] events=75075 decisions=156 live_orders=0 tested_orders=0
[HEARTBEAT] events=75100 decisions=156 live_orders=0 tested_orders=0
[HEARTBEAT] events=75125 decisions=156 live_orders=0 tested_orders=0
[HEARTBEAT] events=75150 decisions=156 live_orders=0 tested_orders=0
[HEARTBEAT] events=75175 decisions=156 live_orders=0 tested_orders=0
[HEARTBEAT] events=75200 decisions=156 live_orders=0 tested_orders=0
[HEARTBEAT] events=75225 decisions=156 live_orders=0 tested_orders=0
[DECISION] 2026-04-20T03:06:00+00:00 PEPEUSDT mode=futures side=long score=58.28
[SUBMISSION_GATE] PEPEUSDT allow=True can_open=True existing=no pending_external=False order_cooldown=False manual_cooldown=False live_allowed=True
[EXEC_PREFLIGHT] PEPEUSDT allow=True live_allowed=True managed=futures:129.79 prepared=cash:0.00 reasons=EXECUTIVE_OPERATING_VERDICT_ROLLBACK,LIVE_EVIDENCE_REJUDGE_BLOCKED,POLICY_BUCKET_OBSERVE_ONLY,SYMBOL_LIFECYCLE_HOLD
[DECISION] 2026-04-20T03:06:00+00:00 ETHUSDT mode=cash side=flat score=65.76
[SUBMISSION_GATE] ETHUSDT allow=False can_open=True existing=no pending_external=False order_cooldown=False manual_cooldown=False live_allowed=True
[EXEC_PREFLIGHT] ETHUSDT allow=False live_allowed=True managed=cash:0.00 prepared=cash:0.00 reasons=DIRECTION_CONFLICT,EDGE_BELOW_COST,LIQUIDITY_TOO_WEAK,SCORE_TOO_LOW
[DECISION] 2026-04-20T03:06:00+00:00 DOGEUSDT mode=cash side=flat score=53.14
[SUBMISSION_GATE] DOGEUSDT allow=False can_open=True existing=no pending_external=False order_cooldown=False manual_cooldown=False live_allowed=True
[EXEC_PREFLIGHT] DOGEUSDT allow=False live_allowed=True managed=cash:0.00 prepared=cash:0.00 reasons=EDGE_BELOW_COST,EDGE_TOO_THIN,LIQUIDITY_TOO_WEAK,SCORE_TOO_LOW,SENTIMENT_CAUTION,SUPPORT_NOT_CONFIRMED
[DECISION] 2026-04-20T03:06:00+00:00 SOLUSDT mode=cash side=flat score=61.85
[SUBMISSION_GATE] SOLUSDT allow=False can_open=True existing=no pending_external=False order_cooldown=False manual_cooldown=False live_allowed=True
[EXEC_PREFLIGHT] SOLUSDT allow=False live_allowed=True managed=cash:0.00 prepared=cash:0.00 reasons=DIRECTION_CONFLICT,EDGE_BELOW_COST,LIQUIDITY_TOO_WEAK,SCORE_TOO_LOW,SUPPORT_NOT_CONFIRMED
[HEARTBEAT] events=75250 decisions=160 live_orders=0 tested_orders=0
[HEARTBEAT] events=75275 decisions=160 live_orders=0 tested_orders=0
[HEARTBEAT] events=75300 decisions=160 live_orders=0 tested_orders=0
[HEARTBEAT] events=75325 decisions=160 live_orders=0 tested_orders=0
[HEARTBEAT] events=75350 decisions=160 live_orders=0 tested_orders=0
[HEARTBEAT] events=75375 decisions=160 live_orders=0 tested_orders=0
[HEARTBEAT] events=75400 decisions=160 live_orders=0 tested_orders=0
[HEARTBEAT] events=75425 decisions=160 live_orders=0 tested_orders=0
[HEARTBEAT] events=75450 decisions=160 live_orders=0 tested_orders=0
[HEARTBEAT] events=75475 decisions=160 live_orders=0 tested_orders=0
[HEARTBEAT] events=75500 decisions=160 live_orders=0 tested_orders=0
[HEARTBEAT] events=75525 decisions=160 live_orders=0 tested_orders=0
[HEARTBEAT] events=75550 decisions=160 live_orders=0 tested_orders=0
[HEARTBEAT] events=75575 decisions=160 live_orders=0 tested_orders=0
[HEARTBEAT] events=75600 decisions=160 live_orders=0 tested_orders=0
[HEARTBEAT] events=75625 decisions=160 live_orders=0 tested_orders=0
[HEARTBEAT] events=75650 decisions=160 live_orders=0 tested_orders=0
[HEARTBEAT] events=75675 decisions=160 live_orders=0 tested_orders=0
[HEARTBEAT] events=75700 decisions=160 live_orders=0 tested_orders=0
[HEARTBEAT] events=75725 decisions=160 live_orders=0 tested_orders=0
[HEARTBEAT] events=75750 decisions=160 live_orders=0 tested_orders=0
[HEARTBEAT] events=75775 decisions=160 live_orders=0 tested_orders=0
[HEARTBEAT] events=75800 decisions=160 live_orders=0 tested_orders=0
[HEARTBEAT] events=75825 decisions=160 live_orders=0 tested_orders=0
[HEARTBEAT] events=75850 decisions=160 live_orders=0 tested_orders=0
[HEARTBEAT] events=75875 decisions=160 live_orders=0 tested_orders=0
[HEARTBEAT] events=75900 decisions=160 live_orders=0 tested_orders=0
[HEARTBEAT] events=75925 decisions=160 live_orders=0 tested_orders=0
[HEARTBEAT] events=75950 decisions=160 live_orders=0 tested_orders=0
[SYNC] 2026-04-20T03:06:46.607687+00:00 account/open-order snapshot refreshed
[HEARTBEAT] events=75975 decisions=160 live_orders=0 tested_orders=0
[HEARTBEAT] events=76000 decisions=160 live_orders=0 tested_orders=0
[HEARTBEAT] events=76025 decisions=160 live_orders=0 tested_orders=0
[HEARTBEAT] events=76050 decisions=160 live_orders=0 tested_orders=0
[HEARTBEAT] events=76075 decisions=160 live_orders=0 tested_orders=0
[HEARTBEAT] events=76100 decisions=160 live_orders=0 tested_orders=0
[HEARTBEAT] events=76125 decisions=160 live_orders=0 tested_orders=0
[HEARTBEAT] events=76150 decisions=160 live_orders=0 tested_orders=0
[HEARTBEAT] events=76175 decisions=160 live_orders=0 tested_orders=0
[HEARTBEAT] events=76200 decisions=160 live_orders=0 tested_orders=0
[HEARTBEAT] events=76225 decisions=160 live_orders=0 tested_orders=0
[HEARTBEAT] events=76250 decisions=160 live_orders=0 tested_orders=0
[HEARTBEAT] events=76275 decisions=160 live_orders=0 tested_orders=0
[HEARTBEAT] events=76300 decisions=160 live_orders=0 tested_orders=0
[HEARTBEAT] events=76325 decisions=160 live_orders=0 tested_orders=0
[HEARTBEAT] events=76350 decisions=160 live_orders=0 tested_orders=0
[HEARTBEAT] events=76375 decisions=160 live_orders=0 tested_orders=0
[HEARTBEAT] events=76400 decisions=160 live_orders=0 tested_orders=0
[HEARTBEAT] events=76425 decisions=160 live_orders=0 tested_orders=0
[HEARTBEAT] events=76450 decisions=160 live_orders=0 tested_orders=0
[HEARTBEAT] events=76475 decisions=160 live_orders=0 tested_orders=0
[HEARTBEAT] events=76500 decisions=160 live_orders=0 tested_orders=0
[HEARTBEAT] events=76525 decisions=160 live_orders=0 tested_orders=0
[HEARTBEAT] events=76550 decisions=160 live_orders=0 tested_orders=0
[HEARTBEAT] events=76575 decisions=160 live_orders=0 tested_orders=0
[HEARTBEAT] events=76600 decisions=160 live_orders=0 tested_orders=0
[HEARTBEAT] events=76625 decisions=160 live_orders=0 tested_orders=0
[HEARTBEAT] events=76650 decisions=160 live_orders=0 tested_orders=0
[HEARTBEAT] events=76675 decisions=160 live_orders=0 tested_orders=0
[HEARTBEAT] events=76700 decisions=160 live_orders=0 tested_orders=0
[HEARTBEAT] events=76725 decisions=160 live_orders=0 tested_orders=0
[HEARTBEAT] events=76750 decisions=160 live_orders=0 tested_orders=0
[HEARTBEAT] events=76775 decisions=160 live_orders=0 tested_orders=0
[HEARTBEAT] events=76800 decisions=160 live_orders=0 tested_orders=0
[HEARTBEAT] events=76825 decisions=160 live_orders=0 tested_orders=0
[HEARTBEAT] events=76850 decisions=160 live_orders=0 tested_orders=0
[HEARTBEAT] events=76875 decisions=160 live_orders=0 tested_orders=0
[HEARTBEAT] events=76900 decisions=160 live_orders=0 tested_orders=0
[HEARTBEAT] events=76925 decisions=160 live_orders=0 tested_orders=0
[HEARTBEAT] events=76950 decisions=160 live_orders=0 tested_orders=0
[HEARTBEAT] events=76975 decisions=160 live_orders=0 tested_orders=0
[HEARTBEAT] events=77000 decisions=160 live_orders=0 tested_orders=0
[HEARTBEAT] events=77025 decisions=160 live_orders=0 tested_orders=0
[HEARTBEAT] events=77050 decisions=160 live_orders=0 tested_orders=0
[HEARTBEAT] events=77075 decisions=160 live_orders=0 tested_orders=0
[HEARTBEAT] events=77100 decisions=160 live_orders=0 tested_orders=0
[HEARTBEAT] events=77125 decisions=160 live_orders=0 tested_orders=0
[HEARTBEAT] events=77150 decisions=160 live_orders=0 tested_orders=0
[HEARTBEAT] events=77175 decisions=160 live_orders=0 tested_orders=0
[HEARTBEAT] events=77200 decisions=160 live_orders=0 tested_orders=0
[HEARTBEAT] events=77225 decisions=160 live_orders=0 tested_orders=0
[HEARTBEAT] events=77250 decisions=160 live_orders=0 tested_orders=0
[HEARTBEAT] events=77275 decisions=160 live_orders=0 tested_orders=0
[HEARTBEAT] events=77300 decisions=160 live_orders=0 tested_orders=0
[HEARTBEAT] events=77325 decisions=160 live_orders=0 tested_orders=0
[HEARTBEAT] events=77350 decisions=160 live_orders=0 tested_orders=0
[HEARTBEAT] events=77375 decisions=160 live_orders=0 tested_orders=0
[HEARTBEAT] events=77400 decisions=160 live_orders=0 tested_orders=0
[HEARTBEAT] events=77425 decisions=160 live_orders=0 tested_orders=0
[HEARTBEAT] events=77450 decisions=160 live_orders=0 tested_orders=0
[HEARTBEAT] events=77475 decisions=160 live_orders=0 tested_orders=0
[HEARTBEAT] events=77500 decisions=160 live_orders=0 tested_orders=0
[HEARTBEAT] events=77525 decisions=160 live_orders=0 tested_orders=0
[HEARTBEAT] events=77550 decisions=160 live_orders=0 tested_orders=0
[HEARTBEAT] events=77575 decisions=160 live_orders=0 tested_orders=0
[HEARTBEAT] events=77600 decisions=160 live_orders=0 tested_orders=0
[HEARTBEAT] events=77625 decisions=160 live_orders=0 tested_orders=0
[HEARTBEAT] events=77650 decisions=160 live_orders=0 tested_orders=0
[HEARTBEAT] events=77675 decisions=160 live_orders=0 tested_orders=0
[HEARTBEAT] events=77700 decisions=160 live_orders=0 tested_orders=0
[HEARTBEAT] events=77725 decisions=160 live_orders=0 tested_orders=0
[HEARTBEAT] events=77750 decisions=160 live_orders=0 tested_orders=0
[HEARTBEAT] events=77775 decisions=160 live_orders=0 tested_orders=0
[HEARTBEAT] events=77800 decisions=160 live_orders=0 tested_orders=0
[HEARTBEAT] events=77825 decisions=160 live_orders=0 tested_orders=0
[HEARTBEAT] events=77850 decisions=160 live_orders=0 tested_orders=0
[HEARTBEAT] events=77875 decisions=160 live_orders=0 tested_orders=0
[HEARTBEAT] events=77900 decisions=160 live_orders=0 tested_orders=0
[HEARTBEAT] events=77925 decisions=160 live_orders=0 tested_orders=0
[HEARTBEAT] events=77950 decisions=160 live_orders=0 tested_orders=0
[HEARTBEAT] events=77975 decisions=160 live_orders=0 tested_orders=0
[HEARTBEAT] events=78000 decisions=160 live_orders=0 tested_orders=0
[HEARTBEAT] events=78025 decisions=160 live_orders=0 tested_orders=0
[HEARTBEAT] events=78050 decisions=160 live_orders=0 tested_orders=0
[HEARTBEAT] events=78075 decisions=160 live_orders=0 tested_orders=0
[HEARTBEAT] events=78100 decisions=160 live_orders=0 tested_orders=0
[HEARTBEAT] events=78125 decisions=160 live_orders=0 tested_orders=0
[HEARTBEAT] events=78150 decisions=160 live_orders=0 tested_orders=0
[HEARTBEAT] events=78175 decisions=160 live_orders=0 tested_orders=0
[HEARTBEAT] events=78200 decisions=160 live_orders=0 tested_orders=0
[HEARTBEAT] events=78225 decisions=160 live_orders=0 tested_orders=0
[HEARTBEAT] events=78250 decisions=160 live_orders=0 tested_orders=0
[HEARTBEAT] events=78275 decisions=160 live_orders=0 tested_orders=0
[HEARTBEAT] events=78300 decisions=160 live_orders=0 tested_orders=0
[HEARTBEAT] events=78325 decisions=160 live_orders=0 tested_orders=0
[HEARTBEAT] events=78350 decisions=160 live_orders=0 tested_orders=0
[HEARTBEAT] events=78375 decisions=160 live_orders=0 tested_orders=0
[HEARTBEAT] events=78400 decisions=160 live_orders=0 tested_orders=0
[HEARTBEAT] events=78425 decisions=160 live_orders=0 tested_orders=0
[HEARTBEAT] events=78450 decisions=160 live_orders=0 tested_orders=0
[HEARTBEAT] events=78475 decisions=160 live_orders=0 tested_orders=0
[HEARTBEAT] events=78500 decisions=160 live_orders=0 tested_orders=0
[HEARTBEAT] events=78525 decisions=160 live_orders=0 tested_orders=0
[HEARTBEAT] events=78550 decisions=160 live_orders=0 tested_orders=0
[HEARTBEAT] events=78575 decisions=160 live_orders=0 tested_orders=0
[HEARTBEAT] events=78600 decisions=160 live_orders=0 tested_orders=0
[HEARTBEAT] events=78625 decisions=160 live_orders=0 tested_orders=0
[HEARTBEAT] events=78650 decisions=160 live_orders=0 tested_orders=0
[HEARTBEAT] events=78675 decisions=160 live_orders=0 tested_orders=0
[HEARTBEAT] events=78700 decisions=160 live_orders=0 tested_orders=0
[HEARTBEAT] events=78725 decisions=160 live_orders=0 tested_orders=0
[HEARTBEAT] events=78750 decisions=160 live_orders=0 tested_orders=0
[HEARTBEAT] events=78775 decisions=160 live_orders=0 tested_orders=0
[HEARTBEAT] events=78800 decisions=160 live_orders=0 tested_orders=0
[HEARTBEAT] events=78825 decisions=160 live_orders=0 tested_orders=0
[HEARTBEAT] events=78850 decisions=160 live_orders=0 tested_orders=0
[HEARTBEAT] events=78875 decisions=160 live_orders=0 tested_orders=0
[HEARTBEAT] events=78900 decisions=160 live_orders=0 tested_orders=0
[HEARTBEAT] events=78925 decisions=160 live_orders=0 tested_orders=0
[HEARTBEAT] events=78950 decisions=160 live_orders=0 tested_orders=0
[HEARTBEAT] events=78975 decisions=160 live_orders=0 tested_orders=0
[HEARTBEAT] events=79000 decisions=160 live_orders=0 tested_orders=0
[HEARTBEAT] events=79025 decisions=160 live_orders=0 tested_orders=0
[HEARTBEAT] events=79050 decisions=160 live_orders=0 tested_orders=0
[HEARTBEAT] events=79075 decisions=160 live_orders=0 tested_orders=0
[HEARTBEAT] events=79100 decisions=160 live_orders=0 tested_orders=0
[HEARTBEAT] events=79125 decisions=160 live_orders=0 tested_orders=0
[HEARTBEAT] events=79150 decisions=160 live_orders=0 tested_orders=0
[HEARTBEAT] events=79175 decisions=160 live_orders=0 tested_orders=0
[HEARTBEAT] events=79200 decisions=160 live_orders=0 tested_orders=0
[HEARTBEAT] events=79225 decisions=160 live_orders=0 tested_orders=0
[HEARTBEAT] events=79250 decisions=160 live_orders=0 tested_orders=0
[HEARTBEAT] events=79275 decisions=160 live_orders=0 tested_orders=0
[HEARTBEAT] events=79300 decisions=160 live_orders=0 tested_orders=0
[HEARTBEAT] events=79325 decisions=160 live_orders=0 tested_orders=0
[HEARTBEAT] events=79350 decisions=160 live_orders=0 tested_orders=0
[HEARTBEAT] events=79375 decisions=160 live_orders=0 tested_orders=0
[HEARTBEAT] events=79400 decisions=160 live_orders=0 tested_orders=0
[HEARTBEAT] events=79425 decisions=160 live_orders=0 tested_orders=0
[HEARTBEAT] events=79450 decisions=160 live_orders=0 tested_orders=0
[HEARTBEAT] events=79475 decisions=160 live_orders=0 tested_orders=0
[HEARTBEAT] events=79500 decisions=160 live_orders=0 tested_orders=0
[HEARTBEAT] events=79525 decisions=160 live_orders=0 tested_orders=0
[HEARTBEAT] events=79550 decisions=160 live_orders=0 tested_orders=0
[HEARTBEAT] events=79575 decisions=160 live_orders=0 tested_orders=0
[HEARTBEAT] events=79600 decisions=160 live_orders=0 tested_orders=0
[HEARTBEAT] events=79625 decisions=160 live_orders=0 tested_orders=0
[HEARTBEAT] events=79650 decisions=160 live_orders=0 tested_orders=0
[HEARTBEAT] events=79675 decisions=160 live_orders=0 tested_orders=0
[HEARTBEAT] events=79700 decisions=160 live_orders=0 tested_orders=0
[HEARTBEAT] events=79725 decisions=160 live_orders=0 tested_orders=0
[HEARTBEAT] events=79750 decisions=160 live_orders=0 tested_orders=0
[HEARTBEAT] events=79775 decisions=160 live_orders=0 tested_orders=0
[HEARTBEAT] events=79800 decisions=160 live_orders=0 tested_orders=0
[HEARTBEAT] events=79825 decisions=160 live_orders=0 tested_orders=0
[HEARTBEAT] events=79850 decisions=160 live_orders=0 tested_orders=0
[HEARTBEAT] events=79875 decisions=160 live_orders=0 tested_orders=0
[HEARTBEAT] events=79900 decisions=160 live_orders=0 tested_orders=0
[HEARTBEAT] events=79925 decisions=160 live_orders=0 tested_orders=0
[HEARTBEAT] events=79950 decisions=160 live_orders=0 tested_orders=0
[HEARTBEAT] events=79975 decisions=160 live_orders=0 tested_orders=0
[HEARTBEAT] events=80000 decisions=160 live_orders=0 tested_orders=0
[HEARTBEAT] events=80025 decisions=160 live_orders=0 tested_orders=0
[HEARTBEAT] events=80050 decisions=160 live_orders=0 tested_orders=0
[HEARTBEAT] events=80075 decisions=160 live_orders=0 tested_orders=0
[HEARTBEAT] events=80100 decisions=160 live_orders=0 tested_orders=0
[HEARTBEAT] events=80125 decisions=160 live_orders=0 tested_orders=0
[HEARTBEAT] events=80150 decisions=160 live_orders=0 tested_orders=0
[HEARTBEAT] events=80175 decisions=160 live_orders=0 tested_orders=0
[HEARTBEAT] events=80200 decisions=160 live_orders=0 tested_orders=0
[HEARTBEAT] events=80225 decisions=160 live_orders=0 tested_orders=0
[HEARTBEAT] events=80250 decisions=160 live_orders=0 tested_orders=0
[HEARTBEAT] events=80275 decisions=160 live_orders=0 tested_orders=0
[HEARTBEAT] events=80300 decisions=160 live_orders=0 tested_orders=0
[HEARTBEAT] events=80325 decisions=160 live_orders=0 tested_orders=0
[HEARTBEAT] events=80350 decisions=160 live_orders=0 tested_orders=0
[HEARTBEAT] events=80375 decisions=160 live_orders=0 tested_orders=0
[HEARTBEAT] events=80400 decisions=160 live_orders=0 tested_orders=0
[HEARTBEAT] events=80425 decisions=160 live_orders=0 tested_orders=0
[HEARTBEAT] events=80450 decisions=160 live_orders=0 tested_orders=0
[HEARTBEAT] events=80475 decisions=160 live_orders=0 tested_orders=0
[ERROR] websocket attempt=4 error=no close frame received or sent
[RETRY] attempt=5 sleeping=8.00s
[CONNECT] websocket attempt=5
[HEARTBEAT] events=80500 decisions=160 live_orders=0 tested_orders=0
[HEARTBEAT] events=80525 decisions=160 live_orders=0 tested_orders=0
[HEARTBEAT] events=80550 decisions=160 live_orders=0 tested_orders=0
[HEARTBEAT] events=80575 decisions=160 live_orders=0 tested_orders=0
[HEARTBEAT] events=80600 decisions=160 live_orders=0 tested_orders=0
[HEARTBEAT] events=80625 decisions=160 live_orders=0 tested_orders=0
[HEARTBEAT] events=80650 decisions=160 live_orders=0 tested_orders=0
[HEARTBEAT] events=80675 decisions=160 live_orders=0 tested_orders=0
[HEARTBEAT] events=80700 decisions=160 live_orders=0 tested_orders=0
[HEARTBEAT] events=80725 decisions=160 live_orders=0 tested_orders=0
[HEARTBEAT] events=80750 decisions=160 live_orders=0 tested_orders=0
[HEARTBEAT] events=80775 decisions=160 live_orders=0 tested_orders=0
[HEARTBEAT] events=80800 decisions=160 live_orders=0 tested_orders=0
[HEARTBEAT] events=80825 decisions=160 live_orders=0 tested_orders=0
[HEARTBEAT] events=80850 decisions=160 live_orders=0 tested_orders=0
[HEARTBEAT] events=80875 decisions=160 live_orders=0 tested_orders=0
[HEARTBEAT] events=80900 decisions=160 live_orders=0 tested_orders=0
[HEARTBEAT] events=80925 decisions=160 live_orders=0 tested_orders=0
[HEARTBEAT] events=80950 decisions=160 live_orders=0 tested_orders=0
[HEARTBEAT] events=80975 decisions=160 live_orders=0 tested_orders=0
[HEARTBEAT] events=81000 decisions=160 live_orders=0 tested_orders=0
[HEARTBEAT] events=81025 decisions=160 live_orders=0 tested_orders=0
[HEARTBEAT] events=81050 decisions=160 live_orders=0 tested_orders=0
[HEARTBEAT] events=81075 decisions=160 live_orders=0 tested_orders=0
[HEARTBEAT] events=81100 decisions=160 live_orders=0 tested_orders=0
[HEARTBEAT] events=81125 decisions=160 live_orders=0 tested_orders=0
[HEARTBEAT] events=81150 decisions=160 live_orders=0 tested_orders=0
[HEARTBEAT] events=81175 decisions=160 live_orders=0 tested_orders=0
[HEARTBEAT] events=81200 decisions=160 live_orders=0 tested_orders=0
[HEARTBEAT] events=81225 decisions=160 live_orders=0 tested_orders=0
[DECISION] 2026-04-20T02:58:00+00:00 PEPEUSDT mode=cash side=flat score=44.60
[SUBMISSION_GATE] PEPEUSDT allow=False can_open=True existing=no pending_external=False order_cooldown=False manual_cooldown=False live_allowed=True
[EXEC_PREFLIGHT] PEPEUSDT allow=False live_allowed=True managed=cash:0.00 prepared=cash:0.00 reasons=DIRECTION_CONFLICT,EDGE_BELOW_COST,EDGE_TOO_THIN,LIQUIDITY_TOO_WEAK,SCORE_TOO_LOW,SENTIMENT_CAUTION,SENTIMENT_TOO_WEAK,SUPPORT_NOT_CONFIRMED
[DECISION] 2026-04-20T02:59:00+00:00 PEPEUSDT mode=cash side=flat score=62.35
[SUBMISSION_GATE] PEPEUSDT allow=False can_open=True existing=no pending_external=False order_cooldown=False manual_cooldown=False live_allowed=True
[EXEC_PREFLIGHT] PEPEUSDT allow=False live_allowed=True managed=cash:0.00 prepared=cash:0.00 reasons=DIRECTION_CONFLICT,EDGE_BELOW_COST,LIQUIDITY_TOO_WEAK,SCORE_TOO_LOW,SENTIMENT_TOO_WEAK,SUPPORT_NOT_CONFIRMED
[DECISION] 2026-04-20T03:00:00+00:00 PEPEUSDT mode=cash side=flat score=62.35
[SUBMISSION_GATE] PEPEUSDT allow=False can_open=True existing=no pending_external=False order_cooldown=False manual_cooldown=False live_allowed=True
[EXEC_PREFLIGHT] PEPEUSDT allow=False live_allowed=True managed=cash:0.00 prepared=cash:0.00 reasons=DIRECTION_CONFLICT,EDGE_BELOW_COST,LIQUIDITY_TOO_WEAK,SCORE_TOO_LOW,SENTIMENT_TOO_WEAK,SUPPORT_NOT_CONFIRMED
[DECISION] 2026-04-20T03:01:00+00:00 PEPEUSDT mode=cash side=flat score=62.35
[SUBMISSION_GATE] PEPEUSDT allow=False can_open=True existing=no pending_external=False order_cooldown=False manual_cooldown=False live_allowed=True
[EXEC_PREFLIGHT] PEPEUSDT allow=False live_allowed=True managed=cash:0.00 prepared=cash:0.00 reasons=DIRECTION_CONFLICT,EDGE_BELOW_COST,LIQUIDITY_TOO_WEAK,SCORE_TOO_LOW,SENTIMENT_TOO_WEAK,SUPPORT_NOT_CONFIRMED
[DECISION] 2026-04-20T03:02:00+00:00 PEPEUSDT mode=cash side=flat score=62.35
[SUBMISSION_GATE] PEPEUSDT allow=False can_open=True existing=no pending_external=False order_cooldown=False manual_cooldown=False live_allowed=True
[EXEC_PREFLIGHT] PEPEUSDT allow=False live_allowed=True managed=cash:0.00 prepared=cash:0.00 reasons=DIRECTION_CONFLICT,EDGE_BELOW_COST,LIQUIDITY_TOO_WEAK,SCORE_TOO_LOW,SENTIMENT_TOO_WEAK,SUPPORT_NOT_CONFIRMED
[DECISION] 2026-04-20T03:03:00+00:00 PEPEUSDT mode=cash side=flat score=62.35
[SUBMISSION_GATE] PEPEUSDT allow=False can_open=True existing=no pending_external=False order_cooldown=False manual_cooldown=False live_allowed=True
[EXEC_PREFLIGHT] PEPEUSDT allow=False live_allowed=True managed=cash:0.00 prepared=cash:0.00 reasons=DIRECTION_CONFLICT,EDGE_BELOW_COST,LIQUIDITY_TOO_WEAK,SCORE_TOO_LOW,SENTIMENT_TOO_WEAK,SUPPORT_NOT_CONFIRMED
[DECISION] 2026-04-20T03:04:00+00:00 PEPEUSDT mode=cash side=flat score=44.60
[SUBMISSION_GATE] PEPEUSDT allow=False can_open=True existing=no pending_external=False order_cooldown=False manual_cooldown=False live_allowed=True
[EXEC_PREFLIGHT] PEPEUSDT allow=False live_allowed=True managed=cash:0.00 prepared=cash:0.00 reasons=DIRECTION_CONFLICT,EDGE_BELOW_COST,EDGE_TOO_THIN,LIQUIDITY_TOO_WEAK,SCORE_TOO_LOW,SENTIMENT_CAUTION,SENTIMENT_TOO_WEAK,SUPPORT_NOT_CONFIRMED
[DECISION] 2026-04-20T03:05:00+00:00 PEPEUSDT mode=cash side=flat score=44.60
[SUBMISSION_GATE] PEPEUSDT allow=False can_open=True existing=no pending_external=False order_cooldown=False manual_cooldown=False live_allowed=True
[EXEC_PREFLIGHT] PEPEUSDT allow=False live_allowed=True managed=cash:0.00 prepared=cash:0.00 reasons=DIRECTION_CONFLICT,EDGE_BELOW_COST,EDGE_TOO_THIN,LIQUIDITY_TOO_WEAK,SCORE_TOO_LOW,SENTIMENT_CAUTION,SENTIMENT_TOO_WEAK,SUPPORT_NOT_CONFIRMED
[DECISION] 2026-04-20T03:06:00+00:00 PEPEUSDT mode=cash side=flat score=57.55
[SUBMISSION_GATE] PEPEUSDT allow=False can_open=True existing=no pending_external=False order_cooldown=False manual_cooldown=False live_allowed=True
[EXEC_PREFLIGHT] PEPEUSDT allow=False live_allowed=True managed=cash:0.00 prepared=cash:0.00 reasons=EDGE_BELOW_COST,EDGE_TOO_THIN,LIQUIDITY_TOO_WEAK,SCORE_TOO_LOW,SENTIMENT_CAUTION,SENTIMENT_TOO_WEAK,SUPPORT_NOT_CONFIRMED
[DECISION] 2026-04-20T03:07:00+00:00 PEPEUSDT mode=cash side=flat score=57.55
[SUBMISSION_GATE] PEPEUSDT allow=False can_open=True existing=no pending_external=False order_cooldown=False manual_cooldown=False live_allowed=True
[EXEC_PREFLIGHT] PEPEUSDT allow=False live_allowed=True managed=cash:0.00 prepared=cash:0.00 reasons=EDGE_BELOW_COST,EDGE_TOO_THIN,LIQUIDITY_TOO_WEAK,SCORE_TOO_LOW,SENTIMENT_CAUTION,SENTIMENT_TOO_WEAK,SUPPORT_NOT_CONFIRMED
[HEARTBEAT] events=81250 decisions=170 live_orders=0 tested_orders=0
[HEARTBEAT] events=81275 decisions=170 live_orders=0 tested_orders=0
[HEARTBEAT] events=81300 decisions=170 live_orders=0 tested_orders=0
[HEARTBEAT] events=81325 decisions=170 live_orders=0 tested_orders=0
[HEARTBEAT] events=81350 decisions=170 live_orders=0 tested_orders=0
[HEARTBEAT] events=81375 decisions=170 live_orders=0 tested_orders=0
[HEARTBEAT] events=81400 decisions=170 live_orders=0 tested_orders=0
[HEARTBEAT] events=81425 decisions=170 live_orders=0 tested_orders=0
[HEARTBEAT] events=81450 decisions=170 live_orders=0 tested_orders=0
[HEARTBEAT] events=81475 decisions=170 live_orders=0 tested_orders=0
[HEARTBEAT] events=81500 decisions=170 live_orders=0 tested_orders=0
[HEARTBEAT] events=81525 decisions=170 live_orders=0 tested_orders=0
[HEARTBEAT] events=81550 decisions=170 live_orders=0 tested_orders=0
[HEARTBEAT] events=81575 decisions=170 live_orders=0 tested_orders=0
[HEARTBEAT] events=81600 decisions=170 live_orders=0 tested_orders=0
[HEARTBEAT] events=81625 decisions=170 live_orders=0 tested_orders=0
[HEARTBEAT] events=81650 decisions=170 live_orders=0 tested_orders=0
[HEARTBEAT] events=81675 decisions=170 live_orders=0 tested_orders=0
[HEARTBEAT] events=81700 decisions=170 live_orders=0 tested_orders=0
[HEARTBEAT] events=81725 decisions=170 live_orders=0 tested_orders=0
[HEARTBEAT] events=81750 decisions=170 live_orders=0 tested_orders=0
[HEARTBEAT] events=81775 decisions=170 live_orders=0 tested_orders=0
[HEARTBEAT] events=81800 decisions=170 live_orders=0 tested_orders=0
[HEARTBEAT] events=81825 decisions=170 live_orders=0 tested_orders=0
[HEARTBEAT] events=81850 decisions=170 live_orders=0 tested_orders=0
[HEARTBEAT] events=81875 decisions=170 live_orders=0 tested_orders=0
[HEARTBEAT] events=81900 decisions=170 live_orders=0 tested_orders=0
[HEARTBEAT] events=81925 decisions=170 live_orders=0 tested_orders=0
[HEARTBEAT] events=81950 decisions=170 live_orders=0 tested_orders=0
[HEARTBEAT] events=81975 decisions=170 live_orders=0 tested_orders=0
[HEARTBEAT] events=82000 decisions=170 live_orders=0 tested_orders=0
[HEARTBEAT] events=82025 decisions=170 live_orders=0 tested_orders=0
[HEARTBEAT] events=82050 decisions=170 live_orders=0 tested_orders=0
[HEARTBEAT] events=82075 decisions=170 live_orders=0 tested_orders=0
[HEARTBEAT] events=82100 decisions=170 live_orders=0 tested_orders=0
[HEARTBEAT] events=82125 decisions=170 live_orders=0 tested_orders=0
[HEARTBEAT] events=82150 decisions=170 live_orders=0 tested_orders=0
[HEARTBEAT] events=82175 decisions=170 live_orders=0 tested_orders=0
[HEARTBEAT] events=82200 decisions=170 live_orders=0 tested_orders=0
[HEARTBEAT] events=82225 decisions=170 live_orders=0 tested_orders=0
[HEARTBEAT] events=82250 decisions=170 live_orders=0 tested_orders=0
[HEARTBEAT] events=82275 decisions=170 live_orders=0 tested_orders=0
[HEARTBEAT] events=82300 decisions=170 live_orders=0 tested_orders=0
[HEARTBEAT] events=82325 decisions=170 live_orders=0 tested_orders=0
[HEARTBEAT] events=82350 decisions=170 live_orders=0 tested_orders=0
[HEARTBEAT] events=82375 decisions=170 live_orders=0 tested_orders=0
[DECISION] 2026-04-20T02:58:00+00:00 PEPEUSDT mode=cash side=flat score=47.05
[SUBMISSION_GATE] PEPEUSDT allow=False can_open=True existing=no pending_external=False order_cooldown=False manual_cooldown=False live_allowed=True
[EXEC_PREFLIGHT] PEPEUSDT allow=False live_allowed=True managed=cash:0.00 prepared=cash:0.00 reasons=DIRECTION_CONFLICT,EDGE_BELOW_COST,EDGE_TOO_THIN,LIQUIDITY_TOO_WEAK,SCORE_TOO_LOW,SENTIMENT_CAUTION,SENTIMENT_TOO_WEAK,SUPPORT_NOT_CONFIRMED
[DECISION] 2026-04-20T02:59:00+00:00 PEPEUSDT mode=cash side=flat score=62.36
[SUBMISSION_GATE] PEPEUSDT allow=False can_open=True existing=no pending_external=False order_cooldown=False manual_cooldown=False live_allowed=True
[EXEC_PREFLIGHT] PEPEUSDT allow=False live_allowed=True managed=cash:0.00 prepared=cash:0.00 reasons=DIRECTION_CONFLICT,EDGE_BELOW_COST,LIQUIDITY_TOO_WEAK,SCORE_TOO_LOW,SENTIMENT_TOO_WEAK,SUPPORT_NOT_CONFIRMED
[DECISION] 2026-04-20T03:00:00+00:00 PEPEUSDT mode=cash side=flat score=62.36
[SUBMISSION_GATE] PEPEUSDT allow=False can_open=True existing=no pending_external=False order_cooldown=False manual_cooldown=False live_allowed=True
[EXEC_PREFLIGHT] PEPEUSDT allow=False live_allowed=True managed=cash:0.00 prepared=cash:0.00 reasons=DIRECTION_CONFLICT,EDGE_BELOW_COST,LIQUIDITY_TOO_WEAK,SCORE_TOO_LOW,SENTIMENT_TOO_WEAK,SUPPORT_NOT_CONFIRMED
[DECISION] 2026-04-20T03:01:00+00:00 PEPEUSDT mode=cash side=flat score=62.36
[SUBMISSION_GATE] PEPEUSDT allow=False can_open=True existing=no pending_external=False order_cooldown=False manual_cooldown=False live_allowed=True
[EXEC_PREFLIGHT] PEPEUSDT allow=False live_allowed=True managed=cash:0.00 prepared=cash:0.00 reasons=DIRECTION_CONFLICT,EDGE_BELOW_COST,LIQUIDITY_TOO_WEAK,SCORE_TOO_LOW,SENTIMENT_TOO_WEAK,SUPPORT_NOT_CONFIRMED
[DECISION] 2026-04-20T03:02:00+00:00 PEPEUSDT mode=cash side=flat score=62.36
[SUBMISSION_GATE] PEPEUSDT allow=False can_open=True existing=no pending_external=False order_cooldown=False manual_cooldown=False live_allowed=True
[EXEC_PREFLIGHT] PEPEUSDT allow=False live_allowed=True managed=cash:0.00 prepared=cash:0.00 reasons=DIRECTION_CONFLICT,EDGE_BELOW_COST,LIQUIDITY_TOO_WEAK,SCORE_TOO_LOW,SENTIMENT_TOO_WEAK,SUPPORT_NOT_CONFIRMED
[DECISION] 2026-04-20T03:03:00+00:00 PEPEUSDT mode=cash side=flat score=62.36
[SUBMISSION_GATE] PEPEUSDT allow=False can_open=True existing=no pending_external=False order_cooldown=False manual_cooldown=False live_allowed=True
[EXEC_PREFLIGHT] PEPEUSDT allow=False live_allowed=True managed=cash:0.00 prepared=cash:0.00 reasons=DIRECTION_CONFLICT,EDGE_BELOW_COST,LIQUIDITY_TOO_WEAK,SCORE_TOO_LOW,SENTIMENT_TOO_WEAK,SUPPORT_NOT_CONFIRMED
[DECISION] 2026-04-20T03:04:00+00:00 PEPEUSDT mode=cash side=flat score=44.61
[SUBMISSION_GATE] PEPEUSDT allow=False can_open=True existing=no pending_external=False order_cooldown=False manual_cooldown=False live_allowed=True
[EXEC_PREFLIGHT] PEPEUSDT allow=False live_allowed=True managed=cash:0.00 prepared=cash:0.00 reasons=DIRECTION_CONFLICT,EDGE_BELOW_COST,EDGE_TOO_THIN,LIQUIDITY_TOO_WEAK,SCORE_TOO_LOW,SENTIMENT_CAUTION,SENTIMENT_TOO_WEAK,SUPPORT_NOT_CONFIRMED
[DECISION] 2026-04-20T03:05:00+00:00 PEPEUSDT mode=cash side=flat score=44.61
[SUBMISSION_GATE] PEPEUSDT allow=False can_open=True existing=no pending_external=False order_cooldown=False manual_cooldown=False live_allowed=True
[EXEC_PREFLIGHT] PEPEUSDT allow=False live_allowed=True managed=cash:0.00 prepared=cash:0.00 reasons=DIRECTION_CONFLICT,EDGE_BELOW_COST,EDGE_TOO_THIN,LIQUIDITY_TOO_WEAK,SCORE_TOO_LOW,SENTIMENT_CAUTION,SENTIMENT_TOO_WEAK,SUPPORT_NOT_CONFIRMED
[DECISION] 2026-04-20T03:06:00+00:00 PEPEUSDT mode=cash side=flat score=57.56
[SUBMISSION_GATE] PEPEUSDT allow=False can_open=True existing=no pending_external=False order_cooldown=False manual_cooldown=False live_allowed=True
[EXEC_PREFLIGHT] PEPEUSDT allow=False live_allowed=True managed=cash:0.00 prepared=cash:0.00 reasons=EDGE_BELOW_COST,EDGE_TOO_THIN,LIQUIDITY_TOO_WEAK,SCORE_TOO_LOW,SENTIMENT_CAUTION,SENTIMENT_TOO_WEAK,SUPPORT_NOT_CONFIRMED
[DECISION] 2026-04-20T03:07:00+00:00 PEPEUSDT mode=cash side=flat score=57.56
[SUBMISSION_GATE] PEPEUSDT allow=False can_open=True existing=no pending_external=False order_cooldown=False manual_cooldown=False live_allowed=True
[EXEC_PREFLIGHT] PEPEUSDT allow=False live_allowed=True managed=cash:0.00 prepared=cash:0.00 reasons=EDGE_BELOW_COST,EDGE_TOO_THIN,LIQUIDITY_TOO_WEAK,SCORE_TOO_LOW,SENTIMENT_CAUTION,SENTIMENT_TOO_WEAK,SUPPORT_NOT_CONFIRMED
[HEARTBEAT] events=82400 decisions=180 live_orders=0 tested_orders=0
[HEARTBEAT] events=82425 decisions=180 live_orders=0 tested_orders=0
[HEARTBEAT] events=82450 decisions=180 live_orders=0 tested_orders=0
[HEARTBEAT] events=82475 decisions=180 live_orders=0 tested_orders=0
[HEARTBEAT] events=82500 decisions=180 live_orders=0 tested_orders=0
[HEARTBEAT] events=82525 decisions=180 live_orders=0 tested_orders=0
[HEARTBEAT] events=82550 decisions=180 live_orders=0 tested_orders=0
[HEARTBEAT] events=82575 decisions=180 live_orders=0 tested_orders=0
[HEARTBEAT] events=82600 decisions=180 live_orders=0 tested_orders=0
[HEARTBEAT] events=82625 decisions=180 live_orders=0 tested_orders=0
[HEARTBEAT] events=82650 decisions=180 live_orders=0 tested_orders=0
[HEARTBEAT] events=82675 decisions=180 live_orders=0 tested_orders=0
[SYNC] 2026-04-20T03:07:46.608188+00:00 account/open-order snapshot refreshed
[HEARTBEAT] events=82700 decisions=180 live_orders=0 tested_orders=0
[HEARTBEAT] events=82725 decisions=180 live_orders=0 tested_orders=0
[HEARTBEAT] events=82750 decisions=180 live_orders=0 tested_orders=0
[HEARTBEAT] events=82775 decisions=180 live_orders=0 tested_orders=0
[HEARTBEAT] events=82800 decisions=180 live_orders=0 tested_orders=0
[HEARTBEAT] events=82825 decisions=180 live_orders=0 tested_orders=0
[HEARTBEAT] events=82850 decisions=180 live_orders=0 tested_orders=0
[HEARTBEAT] events=82875 decisions=180 live_orders=0 tested_orders=0
[HEARTBEAT] events=82900 decisions=180 live_orders=0 tested_orders=0
[HEARTBEAT] events=82925 decisions=180 live_orders=0 tested_orders=0
[HEARTBEAT] events=82950 decisions=180 live_orders=0 tested_orders=0
[HEARTBEAT] events=82975 decisions=180 live_orders=0 tested_orders=0
[HEARTBEAT] events=83000 decisions=180 live_orders=0 tested_orders=0
[HEARTBEAT] events=83025 decisions=180 live_orders=0 tested_orders=0
[HEARTBEAT] events=83050 decisions=180 live_orders=0 tested_orders=0
[HEARTBEAT] events=83075 decisions=180 live_orders=0 tested_orders=0
[HEARTBEAT] events=83100 decisions=180 live_orders=0 tested_orders=0
[HEARTBEAT] events=83125 decisions=180 live_orders=0 tested_orders=0
[HEARTBEAT] events=83150 decisions=180 live_orders=0 tested_orders=0
[HEARTBEAT] events=83175 decisions=180 live_orders=0 tested_orders=0
[HEARTBEAT] events=83200 decisions=180 live_orders=0 tested_orders=0
[HEARTBEAT] events=83225 decisions=180 live_orders=0 tested_orders=0
[HEARTBEAT] events=83250 decisions=180 live_orders=0 tested_orders=0
[HEARTBEAT] events=83275 decisions=180 live_orders=0 tested_orders=0
[HEARTBEAT] events=83300 decisions=180 live_orders=0 tested_orders=0
[HEARTBEAT] events=83325 decisions=180 live_orders=0 tested_orders=0
[HEARTBEAT] events=83350 decisions=180 live_orders=0 tested_orders=0
[HEARTBEAT] events=83375 decisions=180 live_orders=0 tested_orders=0
[HEARTBEAT] events=83400 decisions=180 live_orders=0 tested_orders=0
[HEARTBEAT] events=83425 decisions=180 live_orders=0 tested_orders=0
[HEARTBEAT] events=83450 decisions=180 live_orders=0 tested_orders=0
[HEARTBEAT] events=83475 decisions=180 live_orders=0 tested_orders=0
[HEARTBEAT] events=83500 decisions=180 live_orders=0 tested_orders=0
[HEARTBEAT] events=83525 decisions=180 live_orders=0 tested_orders=0
[HEARTBEAT] events=83550 decisions=180 live_orders=0 tested_orders=0
[HEARTBEAT] events=83575 decisions=180 live_orders=0 tested_orders=0
[HEARTBEAT] events=83600 decisions=180 live_orders=0 tested_orders=0
[HEARTBEAT] events=83625 decisions=180 live_orders=0 tested_orders=0
[HEARTBEAT] events=83650 decisions=180 live_orders=0 tested_orders=0
[HEARTBEAT] events=83675 decisions=180 live_orders=0 tested_orders=0
[HEARTBEAT] events=83700 decisions=180 live_orders=0 tested_orders=0
[HEARTBEAT] events=83725 decisions=180 live_orders=0 tested_orders=0
[HEARTBEAT] events=83750 decisions=180 live_orders=0 tested_orders=0
[HEARTBEAT] events=83775 decisions=180 live_orders=0 tested_orders=0
[HEARTBEAT] events=83800 decisions=180 live_orders=0 tested_orders=0
[HEARTBEAT] events=83825 decisions=180 live_orders=0 tested_orders=0
[HEARTBEAT] events=83850 decisions=180 live_orders=0 tested_orders=0
[HEARTBEAT] events=83875 decisions=180 live_orders=0 tested_orders=0
[HEARTBEAT] events=83900 decisions=180 live_orders=0 tested_orders=0
[HEARTBEAT] events=83925 decisions=180 live_orders=0 tested_orders=0
[HEARTBEAT] events=83950 decisions=180 live_orders=0 tested_orders=0
[HEARTBEAT] events=83975 decisions=180 live_orders=0 tested_orders=0
[HEARTBEAT] events=84000 decisions=180 live_orders=0 tested_orders=0
[HEARTBEAT] events=84025 decisions=180 live_orders=0 tested_orders=0
[HEARTBEAT] events=84050 decisions=180 live_orders=0 tested_orders=0
[HEARTBEAT] events=84075 decisions=180 live_orders=0 tested_orders=0
[HEARTBEAT] events=84100 decisions=180 live_orders=0 tested_orders=0
[HEARTBEAT] events=84125 decisions=180 live_orders=0 tested_orders=0
[HEARTBEAT] events=84150 decisions=180 live_orders=0 tested_orders=0
[HEARTBEAT] events=84175 decisions=180 live_orders=0 tested_orders=0
[HEARTBEAT] events=84200 decisions=180 live_orders=0 tested_orders=0
[DECISION] 2026-04-20T03:08:00+00:00 PEPEUSDT mode=cash side=flat score=57.70
[SUBMISSION_GATE] PEPEUSDT allow=False can_open=True existing=no pending_external=False order_cooldown=False manual_cooldown=False live_allowed=True
[EXEC_PREFLIGHT] PEPEUSDT allow=False live_allowed=True managed=cash:0.00 prepared=cash:0.00 reasons=EDGE_BELOW_COST,EDGE_TOO_THIN,LIQUIDITY_TOO_WEAK,SCORE_TOO_LOW,SENTIMENT_CAUTION,SENTIMENT_TOO_WEAK,SUPPORT_NOT_CONFIRMED
[HEARTBEAT] events=84225 decisions=181 live_orders=0 tested_orders=0
[HEARTBEAT] events=84250 decisions=181 live_orders=0 tested_orders=0
[HEARTBEAT] events=84275 decisions=181 live_orders=0 tested_orders=0
[HEARTBEAT] events=84300 decisions=181 live_orders=0 tested_orders=0
[HEARTBEAT] events=84325 decisions=181 live_orders=0 tested_orders=0
[HEARTBEAT] events=84350 decisions=181 live_orders=0 tested_orders=0
[HEARTBEAT] events=84375 decisions=181 live_orders=0 tested_orders=0
[DECISION] 2026-04-20T02:58:00+00:00 DOGEUSDT mode=futures side=long score=60.41
[SUBMISSION_GATE] DOGEUSDT allow=True can_open=True existing=no pending_external=False order_cooldown=False manual_cooldown=False live_allowed=True
[EXEC_PREFLIGHT] DOGEUSDT allow=True live_allowed=True managed=futures:129.79 prepared=cash:0.00 reasons=EXECUTIVE_OPERATING_VERDICT_ROLLBACK,LIVE_EVIDENCE_REJUDGE_BLOCKED,POLICY_BUCKET_OBSERVE_ONLY,SYMBOL_LIFECYCLE_HOLD
[DECISION] 2026-04-20T02:59:00+00:00 DOGEUSDT mode=futures side=long score=55.25
[SUBMISSION_GATE] DOGEUSDT allow=True can_open=True existing=no pending_external=False order_cooldown=False manual_cooldown=False live_allowed=True
[EXEC_PREFLIGHT] DOGEUSDT allow=True live_allowed=True managed=futures:129.79 prepared=cash:0.00 reasons=EXECUTIVE_OPERATING_VERDICT_ROLLBACK,LIVE_EVIDENCE_REJUDGE_BLOCKED,POLICY_BUCKET_OBSERVE_ONLY,SYMBOL_LIFECYCLE_HOLD
[DECISION] 2026-04-20T03:00:00+00:00 DOGEUSDT mode=futures side=long score=55.25
[SUBMISSION_GATE] DOGEUSDT allow=True can_open=True existing=no pending_external=False order_cooldown=False manual_cooldown=False live_allowed=True
[EXEC_PREFLIGHT] DOGEUSDT allow=True live_allowed=True managed=futures:129.79 prepared=cash:0.00 reasons=EXECUTIVE_OPERATING_VERDICT_ROLLBACK,LIVE_EVIDENCE_REJUDGE_BLOCKED,POLICY_BUCKET_OBSERVE_ONLY,SYMBOL_LIFECYCLE_HOLD
[DECISION] 2026-04-20T03:01:00+00:00 DOGEUSDT mode=cash side=flat score=52.20
[SUBMISSION_GATE] DOGEUSDT allow=False can_open=True existing=no pending_external=False order_cooldown=False manual_cooldown=False live_allowed=True
[EXEC_PREFLIGHT] DOGEUSDT allow=False live_allowed=True managed=cash:0.00 prepared=cash:0.00 reasons=DIRECTION_CONFLICT,EDGE_BELOW_COST,LIQUIDITY_TOO_WEAK,SCORE_TOO_LOW,SENTIMENT_CAUTION,SUPPORT_NOT_CONFIRMED
[DECISION] 2026-04-20T03:02:00+00:00 DOGEUSDT mode=cash side=flat score=52.20
[SUBMISSION_GATE] DOGEUSDT allow=False can_open=True existing=no pending_external=False order_cooldown=False manual_cooldown=False live_allowed=True
[EXEC_PREFLIGHT] DOGEUSDT allow=False live_allowed=True managed=cash:0.00 prepared=cash:0.00 reasons=DIRECTION_CONFLICT,EDGE_BELOW_COST,LIQUIDITY_TOO_WEAK,SCORE_TOO_LOW,SENTIMENT_CAUTION,SUPPORT_NOT_CONFIRMED
[DECISION] 2026-04-20T03:03:00+00:00 DOGEUSDT mode=cash side=flat score=52.20
[SUBMISSION_GATE] DOGEUSDT allow=False can_open=True existing=no pending_external=False order_cooldown=False manual_cooldown=False live_allowed=True
[EXEC_PREFLIGHT] DOGEUSDT allow=False live_allowed=True managed=cash:0.00 prepared=cash:0.00 reasons=DIRECTION_CONFLICT,EDGE_BELOW_COST,LIQUIDITY_TOO_WEAK,SCORE_TOO_LOW,SENTIMENT_CAUTION,SUPPORT_NOT_CONFIRMED
[DECISION] 2026-04-20T03:04:00+00:00 DOGEUSDT mode=futures side=long score=60.41
[SUBMISSION_GATE] DOGEUSDT allow=True can_open=True existing=no pending_external=False order_cooldown=False manual_cooldown=False live_allowed=True
[EXEC_PREFLIGHT] DOGEUSDT allow=True live_allowed=True managed=futures:129.79 prepared=cash:0.00 reasons=EXECUTIVE_OPERATING_VERDICT_ROLLBACK,LIVE_EVIDENCE_REJUDGE_BLOCKED,POLICY_BUCKET_OBSERVE_ONLY,SYMBOL_LIFECYCLE_HOLD
[DECISION] 2026-04-20T03:05:00+00:00 DOGEUSDT mode=futures side=long score=55.25
[SUBMISSION_GATE] DOGEUSDT allow=True can_open=True existing=no pending_external=False order_cooldown=False manual_cooldown=False live_allowed=True
[EXEC_PREFLIGHT] DOGEUSDT allow=True live_allowed=True managed=futures:129.79 prepared=cash:0.00 reasons=EXECUTIVE_OPERATING_VERDICT_ROLLBACK,LIVE_EVIDENCE_REJUDGE_BLOCKED,POLICY_BUCKET_OBSERVE_ONLY,SYMBOL_LIFECYCLE_HOLD
[DECISION] 2026-04-20T03:06:00+00:00 DOGEUSDT mode=futures side=long score=55.25
[SUBMISSION_GATE] DOGEUSDT allow=True can_open=True existing=no pending_external=False order_cooldown=False manual_cooldown=False live_allowed=True
[EXEC_PREFLIGHT] DOGEUSDT allow=True live_allowed=True managed=futures:129.79 prepared=cash:0.00 reasons=EXECUTIVE_OPERATING_VERDICT_ROLLBACK,LIVE_EVIDENCE_REJUDGE_BLOCKED,POLICY_BUCKET_OBSERVE_ONLY,SYMBOL_LIFECYCLE_HOLD
[DECISION] 2026-04-20T03:07:00+00:00 DOGEUSDT mode=futures side=long score=55.25
[SUBMISSION_GATE] DOGEUSDT allow=True can_open=True existing=no pending_external=False order_cooldown=False manual_cooldown=False live_allowed=True
[EXEC_PREFLIGHT] DOGEUSDT allow=True live_allowed=True managed=futures:129.79 prepared=cash:0.00 reasons=EXECUTIVE_OPERATING_VERDICT_ROLLBACK,LIVE_EVIDENCE_REJUDGE_BLOCKED,POLICY_BUCKET_OBSERVE_ONLY,SYMBOL_LIFECYCLE_HOLD
[HEARTBEAT] events=84400 decisions=191 live_orders=0 tested_orders=0
[HEARTBEAT] events=84425 decisions=191 live_orders=0 tested_orders=0
[HEARTBEAT] events=84450 decisions=191 live_orders=0 tested_orders=0
[HEARTBEAT] events=84475 decisions=191 live_orders=0 tested_orders=0
[HEARTBEAT] events=84500 decisions=191 live_orders=0 tested_orders=0
[HEARTBEAT] events=84525 decisions=191 live_orders=0 tested_orders=0
[HEARTBEAT] events=84550 decisions=191 live_orders=0 tested_orders=0
[HEARTBEAT] events=84575 decisions=191 live_orders=0 tested_orders=0
[HEARTBEAT] events=84600 decisions=191 live_orders=0 tested_orders=0
[HEARTBEAT] events=84625 decisions=191 live_orders=0 tested_orders=0
[HEARTBEAT] events=84650 decisions=191 live_orders=0 tested_orders=0
[HEARTBEAT] events=84675 decisions=191 live_orders=0 tested_orders=0
[HEARTBEAT] events=84700 decisions=191 live_orders=0 tested_orders=0
[HEARTBEAT] events=84725 decisions=191 live_orders=0 tested_orders=0
[HEARTBEAT] events=84750 decisions=191 live_orders=0 tested_orders=0
[HEARTBEAT] events=84775 decisions=191 live_orders=0 tested_orders=0
[HEARTBEAT] events=84800 decisions=191 live_orders=0 tested_orders=0
[HEARTBEAT] events=84825 decisions=191 live_orders=0 tested_orders=0
[HEARTBEAT] events=84850 decisions=191 live_orders=0 tested_orders=0
[HEARTBEAT] events=84875 decisions=191 live_orders=0 tested_orders=0
[HEARTBEAT] events=84900 decisions=191 live_orders=0 tested_orders=0
[HEARTBEAT] events=84925 decisions=191 live_orders=0 tested_orders=0
[HEARTBEAT] events=84950 decisions=191 live_orders=0 tested_orders=0
[HEARTBEAT] events=84975 decisions=191 live_orders=0 tested_orders=0
[HEARTBEAT] events=85000 decisions=191 live_orders=0 tested_orders=0
[HEARTBEAT] events=85025 decisions=191 live_orders=0 tested_orders=0
[HEARTBEAT] events=85050 decisions=191 live_orders=0 tested_orders=0
[HEARTBEAT] events=85075 decisions=191 live_orders=0 tested_orders=0
[HEARTBEAT] events=85100 decisions=191 live_orders=0 tested_orders=0
[HEARTBEAT] events=85125 decisions=191 live_orders=0 tested_orders=0
[HEARTBEAT] events=85150 decisions=191 live_orders=0 tested_orders=0
[HEARTBEAT] events=85175 decisions=191 live_orders=0 tested_orders=0
[HEARTBEAT] events=85200 decisions=191 live_orders=0 tested_orders=0
[HEARTBEAT] events=85225 decisions=191 live_orders=0 tested_orders=0
[HEARTBEAT] events=85250 decisions=191 live_orders=0 tested_orders=0
[HEARTBEAT] events=85275 decisions=191 live_orders=0 tested_orders=0
[HEARTBEAT] events=85300 decisions=191 live_orders=0 tested_orders=0
[HEARTBEAT] events=85325 decisions=191 live_orders=0 tested_orders=0
[HEARTBEAT] events=85350 decisions=191 live_orders=0 tested_orders=0
[HEARTBEAT] events=85375 decisions=191 live_orders=0 tested_orders=0
[DECISION] 2026-04-20T02:58:00+00:00 SOLUSDT mode=cash side=flat score=43.60
[SUBMISSION_GATE] SOLUSDT allow=False can_open=True existing=no pending_external=False order_cooldown=False manual_cooldown=False live_allowed=True
[EXEC_PREFLIGHT] SOLUSDT allow=False live_allowed=True managed=cash:0.00 prepared=cash:0.00 reasons=DIRECTION_CONFLICT,EDGE_BELOW_COST,EDGE_TOO_THIN,LIQUIDITY_TOO_WEAK,SCORE_TOO_LOW,SUPPORT_NOT_CONFIRMED
[DECISION] 2026-04-20T02:59:00+00:00 SOLUSDT mode=cash side=flat score=43.60
[SUBMISSION_GATE] SOLUSDT allow=False can_open=True existing=no pending_external=False order_cooldown=False manual_cooldown=False live_allowed=True
[EXEC_PREFLIGHT] SOLUSDT allow=False live_allowed=True managed=cash:0.00 prepared=cash:0.00 reasons=DIRECTION_CONFLICT,EDGE_BELOW_COST,EDGE_TOO_THIN,LIQUIDITY_TOO_WEAK,SCORE_TOO_LOW,SUPPORT_NOT_CONFIRMED
[DECISION] 2026-04-20T03:00:00+00:00 SOLUSDT mode=cash side=flat score=61.35
[SUBMISSION_GATE] SOLUSDT allow=False can_open=True existing=no pending_external=False order_cooldown=False manual_cooldown=False live_allowed=True
[EXEC_PREFLIGHT] SOLUSDT allow=False live_allowed=True managed=cash:0.00 prepared=cash:0.00 reasons=DIRECTION_CONFLICT,EDGE_BELOW_COST,LIQUIDITY_TOO_WEAK,SCORE_TOO_LOW,SUPPORT_NOT_CONFIRMED
[DECISION] 2026-04-20T03:01:00+00:00 SOLUSDT mode=cash side=flat score=61.35
[SUBMISSION_GATE] SOLUSDT allow=False can_open=True existing=no pending_external=False order_cooldown=False manual_cooldown=False live_allowed=True
[EXEC_PREFLIGHT] SOLUSDT allow=False live_allowed=True managed=cash:0.00 prepared=cash:0.00 reasons=DIRECTION_CONFLICT,EDGE_BELOW_COST,LIQUIDITY_TOO_WEAK,SCORE_TOO_LOW,SUPPORT_NOT_CONFIRMED
[DECISION] 2026-04-20T03:02:00+00:00 SOLUSDT mode=cash side=flat score=61.35
[SUBMISSION_GATE] SOLUSDT allow=False can_open=True existing=no pending_external=False order_cooldown=False manual_cooldown=False live_allowed=True
[EXEC_PREFLIGHT] SOLUSDT allow=False live_allowed=True managed=cash:0.00 prepared=cash:0.00 reasons=DIRECTION_CONFLICT,EDGE_BELOW_COST,LIQUIDITY_TOO_WEAK,SCORE_TOO_LOW,SUPPORT_NOT_CONFIRMED
[DECISION] 2026-04-20T03:03:00+00:00 SOLUSDT mode=cash side=flat score=43.60
[SUBMISSION_GATE] SOLUSDT allow=False can_open=True existing=no pending_external=False order_cooldown=False manual_cooldown=False live_allowed=True
[EXEC_PREFLIGHT] SOLUSDT allow=False live_allowed=True managed=cash:0.00 prepared=cash:0.00 reasons=DIRECTION_CONFLICT,EDGE_BELOW_COST,EDGE_TOO_THIN,LIQUIDITY_TOO_WEAK,SCORE_TOO_LOW,SUPPORT_NOT_CONFIRMED
[DECISION] 2026-04-20T03:04:00+00:00 SOLUSDT mode=cash side=flat score=43.60
[SUBMISSION_GATE] SOLUSDT allow=False can_open=True existing=no pending_external=False order_cooldown=False manual_cooldown=False live_allowed=True
[EXEC_PREFLIGHT] SOLUSDT allow=False live_allowed=True managed=cash:0.00 prepared=cash:0.00 reasons=DIRECTION_CONFLICT,EDGE_BELOW_COST,EDGE_TOO_THIN,LIQUIDITY_TOO_WEAK,SCORE_TOO_LOW,SUPPORT_NOT_CONFIRMED
[DECISION] 2026-04-20T03:05:00+00:00 SOLUSDT mode=cash side=flat score=61.35
[SUBMISSION_GATE] SOLUSDT allow=False can_open=True existing=no pending_external=False order_cooldown=False manual_cooldown=False live_allowed=True
[EXEC_PREFLIGHT] SOLUSDT allow=False live_allowed=True managed=cash:0.00 prepared=cash:0.00 reasons=DIRECTION_CONFLICT,EDGE_BELOW_COST,LIQUIDITY_TOO_WEAK,SCORE_TOO_LOW,SUPPORT_NOT_CONFIRMED
[DECISION] 2026-04-20T03:06:00+00:00 SOLUSDT mode=cash side=flat score=61.35
[SUBMISSION_GATE] SOLUSDT allow=False can_open=True existing=no pending_external=False order_cooldown=False manual_cooldown=False live_allowed=True
[EXEC_PREFLIGHT] SOLUSDT allow=False live_allowed=True managed=cash:0.00 prepared=cash:0.00 reasons=DIRECTION_CONFLICT,EDGE_BELOW_COST,LIQUIDITY_TOO_WEAK,SCORE_TOO_LOW,SUPPORT_NOT_CONFIRMED
[DECISION] 2026-04-20T03:07:00+00:00 SOLUSDT mode=cash side=flat score=61.35
[SUBMISSION_GATE] SOLUSDT allow=False can_open=True existing=no pending_external=False order_cooldown=False manual_cooldown=False live_allowed=True
[EXEC_PREFLIGHT] SOLUSDT allow=False live_allowed=True managed=cash:0.00 prepared=cash:0.00 reasons=DIRECTION_CONFLICT,EDGE_BELOW_COST,LIQUIDITY_TOO_WEAK,SCORE_TOO_LOW,SUPPORT_NOT_CONFIRMED
[DECISION] 2026-04-20T03:08:00+00:00 SOLUSDT mode=cash side=flat score=61.35
[SUBMISSION_GATE] SOLUSDT allow=False can_open=True existing=no pending_external=False order_cooldown=False manual_cooldown=False live_allowed=True
[EXEC_PREFLIGHT] SOLUSDT allow=False live_allowed=True managed=cash:0.00 prepared=cash:0.00 reasons=DIRECTION_CONFLICT,EDGE_BELOW_COST,LIQUIDITY_TOO_WEAK,SCORE_TOO_LOW,SUPPORT_NOT_CONFIRMED
[HEARTBEAT] events=85400 decisions=202 live_orders=0 tested_orders=0
[HEARTBEAT] events=85425 decisions=202 live_orders=0 tested_orders=0
[HEARTBEAT] events=85450 decisions=202 live_orders=0 tested_orders=0
[HEARTBEAT] events=85475 decisions=202 live_orders=0 tested_orders=0
[HEARTBEAT] events=85500 decisions=202 live_orders=0 tested_orders=0
[HEARTBEAT] events=85525 decisions=202 live_orders=0 tested_orders=0
[HEARTBEAT] events=85550 decisions=202 live_orders=0 tested_orders=0
[HEARTBEAT] events=85575 decisions=202 live_orders=0 tested_orders=0
[HEARTBEAT] events=85600 decisions=202 live_orders=0 tested_orders=0
[HEARTBEAT] events=85625 decisions=202 live_orders=0 tested_orders=0
[HEARTBEAT] events=85650 decisions=202 live_orders=0 tested_orders=0
[HEARTBEAT] events=85675 decisions=202 live_orders=0 tested_orders=0
[HEARTBEAT] events=85700 decisions=202 live_orders=0 tested_orders=0
[HEARTBEAT] events=85725 decisions=202 live_orders=0 tested_orders=0
[HEARTBEAT] events=85750 decisions=202 live_orders=0 tested_orders=0
[HEARTBEAT] events=85775 decisions=202 live_orders=0 tested_orders=0
[HEARTBEAT] events=85800 decisions=202 live_orders=0 tested_orders=0
[HEARTBEAT] events=85825 decisions=202 live_orders=0 tested_orders=0
[HEARTBEAT] events=85850 decisions=202 live_orders=0 tested_orders=0
[HEARTBEAT] events=85875 decisions=202 live_orders=0 tested_orders=0
[HEARTBEAT] events=85900 decisions=202 live_orders=0 tested_orders=0
[HEARTBEAT] events=85925 decisions=202 live_orders=0 tested_orders=0
[HEARTBEAT] events=85950 decisions=202 live_orders=0 tested_orders=0
[HEARTBEAT] events=85975 decisions=202 live_orders=0 tested_orders=0
[HEARTBEAT] events=86000 decisions=202 live_orders=0 tested_orders=0
[HEARTBEAT] events=86025 decisions=202 live_orders=0 tested_orders=0
[HEARTBEAT] events=86050 decisions=202 live_orders=0 tested_orders=0
[HEARTBEAT] events=86075 decisions=202 live_orders=0 tested_orders=0
[HEARTBEAT] events=86100 decisions=202 live_orders=0 tested_orders=0
[HEARTBEAT] events=86125 decisions=202 live_orders=0 tested_orders=0
[HEARTBEAT] events=86150 decisions=202 live_orders=0 tested_orders=0
[HEARTBEAT] events=86175 decisions=202 live_orders=0 tested_orders=0
[HEARTBEAT] events=86200 decisions=202 live_orders=0 tested_orders=0
[HEARTBEAT] events=86225 decisions=202 live_orders=0 tested_orders=0
[HEARTBEAT] events=86250 decisions=202 live_orders=0 tested_orders=0
[HEARTBEAT] events=86275 decisions=202 live_orders=0 tested_orders=0
[HEARTBEAT] events=86300 decisions=202 live_orders=0 tested_orders=0
[HEARTBEAT] events=86325 decisions=202 live_orders=0 tested_orders=0
[HEARTBEAT] events=86350 decisions=202 live_orders=0 tested_orders=0
[HEARTBEAT] events=86375 decisions=202 live_orders=0 tested_orders=0
[DECISION] 2026-04-20T02:58:00+00:00 DOGEUSDT mode=futures side=long score=60.41
[SUBMISSION_GATE] DOGEUSDT allow=True can_open=True existing=no pending_external=False order_cooldown=False manual_cooldown=False live_allowed=True
[EXEC_PREFLIGHT] DOGEUSDT allow=True live_allowed=True managed=futures:129.79 prepared=cash:0.00 reasons=EXECUTIVE_OPERATING_VERDICT_ROLLBACK,LIVE_EVIDENCE_REJUDGE_WAITING
[DECISION] 2026-04-20T02:59:00+00:00 DOGEUSDT mode=futures side=long score=60.41
[SUBMISSION_GATE] DOGEUSDT allow=True can_open=True existing=no pending_external=False order_cooldown=False manual_cooldown=False live_allowed=True
[EXEC_PREFLIGHT] DOGEUSDT allow=True live_allowed=True managed=futures:129.79 prepared=cash:0.00 reasons=EXECUTIVE_OPERATING_VERDICT_ROLLBACK,LIVE_EVIDENCE_REJUDGE_WAITING
[DECISION] 2026-04-20T03:00:00+00:00 DOGEUSDT mode=futures side=long score=55.25
[SUBMISSION_GATE] DOGEUSDT allow=True can_open=True existing=no pending_external=False order_cooldown=False manual_cooldown=False live_allowed=True
[EXEC_PREFLIGHT] DOGEUSDT allow=True live_allowed=True managed=futures:129.79 prepared=cash:0.00 reasons=EXECUTIVE_OPERATING_VERDICT_ROLLBACK,LIVE_EVIDENCE_REJUDGE_WAITING
[DECISION] 2026-04-20T03:01:00+00:00 DOGEUSDT mode=cash side=flat score=52.20
[SUBMISSION_GATE] DOGEUSDT allow=False can_open=True existing=no pending_external=False order_cooldown=False manual_cooldown=False live_allowed=True
[EXEC_PREFLIGHT] DOGEUSDT allow=False live_allowed=True managed=cash:0.00 prepared=cash:0.00 reasons=DIRECTION_CONFLICT,EDGE_BELOW_COST,LIQUIDITY_TOO_WEAK,SCORE_TOO_LOW,SENTIMENT_CAUTION,SUPPORT_NOT_CONFIRMED
[DECISION] 2026-04-20T03:02:00+00:00 DOGEUSDT mode=cash side=flat score=52.20
[SUBMISSION_GATE] DOGEUSDT allow=False can_open=True existing=no pending_external=False order_cooldown=False manual_cooldown=False live_allowed=True
[EXEC_PREFLIGHT] DOGEUSDT allow=False live_allowed=True managed=cash:0.00 prepared=cash:0.00 reasons=DIRECTION_CONFLICT,EDGE_BELOW_COST,LIQUIDITY_TOO_WEAK,SCORE_TOO_LOW,SENTIMENT_CAUTION,SUPPORT_NOT_CONFIRMED
[DECISION] 2026-04-20T03:03:00+00:00 DOGEUSDT mode=cash side=flat score=52.20
[SUBMISSION_GATE] DOGEUSDT allow=False can_open=True existing=no pending_external=False order_cooldown=False manual_cooldown=False live_allowed=True
[EXEC_PREFLIGHT] DOGEUSDT allow=False live_allowed=True managed=cash:0.00 prepared=cash:0.00 reasons=DIRECTION_CONFLICT,EDGE_BELOW_COST,LIQUIDITY_TOO_WEAK,SCORE_TOO_LOW,SENTIMENT_CAUTION,SUPPORT_NOT_CONFIRMED
[DECISION] 2026-04-20T03:04:00+00:00 DOGEUSDT mode=futures side=long score=55.25
[SUBMISSION_GATE] DOGEUSDT allow=True can_open=True existing=no pending_external=False order_cooldown=False manual_cooldown=False live_allowed=True
[EXEC_PREFLIGHT] DOGEUSDT allow=True live_allowed=True managed=futures:129.79 prepared=cash:0.00 reasons=EXECUTIVE_OPERATING_VERDICT_ROLLBACK,LIVE_EVIDENCE_REJUDGE_WAITING
[DECISION] 2026-04-20T03:05:00+00:00 DOGEUSDT mode=futures side=long score=55.25
[SUBMISSION_GATE] DOGEUSDT allow=True can_open=True existing=no pending_external=False order_cooldown=False manual_cooldown=False live_allowed=True
[EXEC_PREFLIGHT] DOGEUSDT allow=True live_allowed=True managed=futures:129.79 prepared=cash:0.00 reasons=EXECUTIVE_OPERATING_VERDICT_ROLLBACK,LIVE_EVIDENCE_REJUDGE_WAITING
[DECISION] 2026-04-20T03:06:00+00:00 DOGEUSDT mode=futures side=long score=55.25
[SUBMISSION_GATE] DOGEUSDT allow=True can_open=True existing=no pending_external=False order_cooldown=False manual_cooldown=False live_allowed=True
[EXEC_PREFLIGHT] DOGEUSDT allow=True live_allowed=True managed=futures:129.79 prepared=cash:0.00 reasons=EXECUTIVE_OPERATING_VERDICT_ROLLBACK,LIVE_EVIDENCE_REJUDGE_WAITING
[DECISION] 2026-04-20T03:07:00+00:00 DOGEUSDT mode=futures side=long score=55.25
[SUBMISSION_GATE] DOGEUSDT allow=True can_open=True existing=no pending_external=False order_cooldown=False manual_cooldown=False live_allowed=True
[EXEC_PREFLIGHT] DOGEUSDT allow=True live_allowed=True managed=futures:129.79 prepared=cash:0.00 reasons=EXECUTIVE_OPERATING_VERDICT_ROLLBACK,LIVE_EVIDENCE_REJUDGE_WAITING
[DECISION] 2026-04-20T03:08:00+00:00 DOGEUSDT mode=cash side=flat score=52.20
[SUBMISSION_GATE] DOGEUSDT allow=False can_open=True existing=no pending_external=False order_cooldown=False manual_cooldown=False live_allowed=True
[EXEC_PREFLIGHT] DOGEUSDT allow=False live_allowed=True managed=cash:0.00 prepared=cash:0.00 reasons=DIRECTION_CONFLICT,EDGE_BELOW_COST,LIQUIDITY_TOO_WEAK,SCORE_TOO_LOW,SENTIMENT_CAUTION,SUPPORT_NOT_CONFIRMED
[HEARTBEAT] events=86400 decisions=213 live_orders=0 tested_orders=0
[HEARTBEAT] events=86425 decisions=213 live_orders=0 tested_orders=0
[HEARTBEAT] events=86450 decisions=213 live_orders=0 tested_orders=0
[HEARTBEAT] events=86475 decisions=213 live_orders=0 tested_orders=0
[HEARTBEAT] events=86500 decisions=213 live_orders=0 tested_orders=0
[HEARTBEAT] events=86525 decisions=213 live_orders=0 tested_orders=0
[HEARTBEAT] events=86550 decisions=213 live_orders=0 tested_orders=0
[HEARTBEAT] events=86575 decisions=213 live_orders=0 tested_orders=0
[HEARTBEAT] events=86600 decisions=213 live_orders=0 tested_orders=0
[HEARTBEAT] events=86625 decisions=213 live_orders=0 tested_orders=0
[HEARTBEAT] events=86650 decisions=213 live_orders=0 tested_orders=0
[HEARTBEAT] events=86675 decisions=213 live_orders=0 tested_orders=0
[HEARTBEAT] events=86700 decisions=213 live_orders=0 tested_orders=0
[HEARTBEAT] events=86725 decisions=213 live_orders=0 tested_orders=0
[HEARTBEAT] events=86750 decisions=213 live_orders=0 tested_orders=0
[HEARTBEAT] events=86775 decisions=213 live_orders=0 tested_orders=0
[HEARTBEAT] events=86800 decisions=213 live_orders=0 tested_orders=0
[HEARTBEAT] events=86825 decisions=213 live_orders=0 tested_orders=0
[HEARTBEAT] events=86850 decisions=213 live_orders=0 tested_orders=0
[HEARTBEAT] events=86875 decisions=213 live_orders=0 tested_orders=0
[HEARTBEAT] events=86900 decisions=213 live_orders=0 tested_orders=0
[HEARTBEAT] events=86925 decisions=213 live_orders=0 tested_orders=0
[HEARTBEAT] events=86950 decisions=213 live_orders=0 tested_orders=0
[HEARTBEAT] events=86975 decisions=213 live_orders=0 tested_orders=0
[HEARTBEAT] events=87000 decisions=213 live_orders=0 tested_orders=0
[SYNC] 2026-04-20T03:08:46.613869+00:00 account/open-order snapshot refreshed
[HEARTBEAT] events=87025 decisions=213 live_orders=0 tested_orders=0
[HEARTBEAT] events=87050 decisions=213 live_orders=0 tested_orders=0
[HEARTBEAT] events=87075 decisions=213 live_orders=0 tested_orders=0
[HEARTBEAT] events=87100 decisions=213 live_orders=0 tested_orders=0
[HEARTBEAT] events=87125 decisions=213 live_orders=0 tested_orders=0
[HEARTBEAT] events=87150 decisions=213 live_orders=0 tested_orders=0
[HEARTBEAT] events=87175 decisions=213 live_orders=0 tested_orders=0
[HEARTBEAT] events=87200 decisions=213 live_orders=0 tested_orders=0
[HEARTBEAT] events=87225 decisions=213 live_orders=0 tested_orders=0
[HEARTBEAT] events=87250 decisions=213 live_orders=0 tested_orders=0
[HEARTBEAT] events=87275 decisions=213 live_orders=0 tested_orders=0
[DECISION] 2026-04-20T03:09:00+00:00 PEPEUSDT mode=cash side=flat score=57.70
[SUBMISSION_GATE] PEPEUSDT allow=False can_open=True existing=no pending_external=False order_cooldown=False manual_cooldown=False live_allowed=True
[EXEC_PREFLIGHT] PEPEUSDT allow=False live_allowed=True managed=cash:0.00 prepared=cash:0.00 reasons=EDGE_BELOW_COST,EDGE_TOO_THIN,LIQUIDITY_TOO_WEAK,SCORE_TOO_LOW,SENTIMENT_CAUTION,SENTIMENT_TOO_WEAK,SUPPORT_NOT_CONFIRMED
[HEARTBEAT] events=87300 decisions=214 live_orders=0 tested_orders=0
[HEARTBEAT] events=87325 decisions=214 live_orders=0 tested_orders=0
[HEARTBEAT] events=87350 decisions=214 live_orders=0 tested_orders=0
[HEARTBEAT] events=87375 decisions=214 live_orders=0 tested_orders=0
[DECISION] 2026-04-20T02:58:00+00:00 ETHUSDT mode=cash side=flat score=60.39
[SUBMISSION_GATE] ETHUSDT allow=False can_open=True existing=no pending_external=False order_cooldown=False manual_cooldown=False live_allowed=True
[EXEC_PREFLIGHT] ETHUSDT allow=False live_allowed=True managed=cash:0.00 prepared=cash:0.00 reasons=DIRECTION_CONFLICT,EDGE_BELOW_COST,LIQUIDITY_TOO_WEAK,SCORE_TOO_LOW
[DECISION] 2026-04-20T02:59:00+00:00 ETHUSDT mode=cash side=flat score=60.39
[SUBMISSION_GATE] ETHUSDT allow=False can_open=True existing=no pending_external=False order_cooldown=False manual_cooldown=False live_allowed=True
[EXEC_PREFLIGHT] ETHUSDT allow=False live_allowed=True managed=cash:0.00 prepared=cash:0.00 reasons=DIRECTION_CONFLICT,EDGE_BELOW_COST,LIQUIDITY_TOO_WEAK,SCORE_TOO_LOW
[DECISION] 2026-04-20T03:00:00+00:00 ETHUSDT mode=cash side=flat score=60.39
[SUBMISSION_GATE] ETHUSDT allow=False can_open=True existing=no pending_external=False order_cooldown=False manual_cooldown=False live_allowed=True
[EXEC_PREFLIGHT] ETHUSDT allow=False live_allowed=True managed=cash:0.00 prepared=cash:0.00 reasons=DIRECTION_CONFLICT,EDGE_BELOW_COST,LIQUIDITY_TOO_WEAK,SCORE_TOO_LOW
[DECISION] 2026-04-20T03:01:00+00:00 ETHUSDT mode=cash side=flat score=60.39
[SUBMISSION_GATE] ETHUSDT allow=False can_open=True existing=no pending_external=False order_cooldown=False manual_cooldown=False live_allowed=True
[EXEC_PREFLIGHT] ETHUSDT allow=False live_allowed=True managed=cash:0.00 prepared=cash:0.00 reasons=DIRECTION_CONFLICT,EDGE_BELOW_COST,LIQUIDITY_TOO_WEAK,SCORE_TOO_LOW
[DECISION] 2026-04-20T03:02:00+00:00 ETHUSDT mode=cash side=flat score=60.39
[SUBMISSION_GATE] ETHUSDT allow=False can_open=True existing=no pending_external=False order_cooldown=False manual_cooldown=False live_allowed=True
[EXEC_PREFLIGHT] ETHUSDT allow=False live_allowed=True managed=cash:0.00 prepared=cash:0.00 reasons=DIRECTION_CONFLICT,EDGE_BELOW_COST,LIQUIDITY_TOO_WEAK,SCORE_TOO_LOW
[DECISION] 2026-04-20T03:03:00+00:00 ETHUSDT mode=cash side=flat score=60.39
[SUBMISSION_GATE] ETHUSDT allow=False can_open=True existing=no pending_external=False order_cooldown=False manual_cooldown=False live_allowed=True
[EXEC_PREFLIGHT] ETHUSDT allow=False live_allowed=True managed=cash:0.00 prepared=cash:0.00 reasons=DIRECTION_CONFLICT,EDGE_BELOW_COST,LIQUIDITY_TOO_WEAK,SCORE_TOO_LOW
[DECISION] 2026-04-20T03:04:00+00:00 ETHUSDT mode=cash side=flat score=60.39
[SUBMISSION_GATE] ETHUSDT allow=False can_open=True existing=no pending_external=False order_cooldown=False manual_cooldown=False live_allowed=True
[EXEC_PREFLIGHT] ETHUSDT allow=False live_allowed=True managed=cash:0.00 prepared=cash:0.00 reasons=DIRECTION_CONFLICT,EDGE_BELOW_COST,LIQUIDITY_TOO_WEAK,SCORE_TOO_LOW
[DECISION] 2026-04-20T03:05:00+00:00 ETHUSDT mode=cash side=flat score=60.39
[SUBMISSION_GATE] ETHUSDT allow=False can_open=True existing=no pending_external=False order_cooldown=False manual_cooldown=False live_allowed=True
[EXEC_PREFLIGHT] ETHUSDT allow=False live_allowed=True managed=cash:0.00 prepared=cash:0.00 reasons=DIRECTION_CONFLICT,EDGE_BELOW_COST,LIQUIDITY_TOO_WEAK,SCORE_TOO_LOW
[DECISION] 2026-04-20T03:06:00+00:00 ETHUSDT mode=cash side=flat score=60.39
[SUBMISSION_GATE] ETHUSDT allow=False can_open=True existing=no pending_external=False order_cooldown=False manual_cooldown=False live_allowed=True
[EXEC_PREFLIGHT] ETHUSDT allow=False live_allowed=True managed=cash:0.00 prepared=cash:0.00 reasons=DIRECTION_CONFLICT,EDGE_BELOW_COST,LIQUIDITY_TOO_WEAK,SCORE_TOO_LOW
[DECISION] 2026-04-20T03:07:00+00:00 ETHUSDT mode=cash side=flat score=60.39
[SUBMISSION_GATE] ETHUSDT allow=False can_open=True existing=no pending_external=False order_cooldown=False manual_cooldown=False live_allowed=True
[EXEC_PREFLIGHT] ETHUSDT allow=False live_allowed=True managed=cash:0.00 prepared=cash:0.00 reasons=DIRECTION_CONFLICT,EDGE_BELOW_COST,LIQUIDITY_TOO_WEAK,SCORE_TOO_LOW
[DECISION] 2026-04-20T03:08:00+00:00 ETHUSDT mode=cash side=flat score=60.39
[SUBMISSION_GATE] ETHUSDT allow=False can_open=True existing=no pending_external=False order_cooldown=False manual_cooldown=False live_allowed=True
[EXEC_PREFLIGHT] ETHUSDT allow=False live_allowed=True managed=cash:0.00 prepared=cash:0.00 reasons=DIRECTION_CONFLICT,EDGE_BELOW_COST,LIQUIDITY_TOO_WEAK,SCORE_TOO_LOW
[HEARTBEAT] events=87400 decisions=225 live_orders=0 tested_orders=0
[HEARTBEAT] events=87425 decisions=225 live_orders=0 tested_orders=0
[HEARTBEAT] events=87450 decisions=225 live_orders=0 tested_orders=0
[DECISION] 2026-04-20T03:08:00+00:00 PEPEUSDT mode=cash side=flat score=63.07
[SUBMISSION_GATE] PEPEUSDT allow=False can_open=True existing=no pending_external=False order_cooldown=False manual_cooldown=False live_allowed=True
[EXEC_PREFLIGHT] PEPEUSDT allow=False live_allowed=True managed=cash:0.00 prepared=cash:0.00 reasons=DIRECTION_CONFLICT,EDGE_BELOW_COST,LIQUIDITY_TOO_WEAK,SCORE_TOO_LOW,SENTIMENT_TOO_WEAK,SUPPORT_NOT_CONFIRMED
[HEARTBEAT] events=87475 decisions=226 live_orders=0 tested_orders=0
[HEARTBEAT] events=87500 decisions=226 live_orders=0 tested_orders=0
[HEARTBEAT] events=87525 decisions=226 live_orders=0 tested_orders=0
[HEARTBEAT] events=87550 decisions=226 live_orders=0 tested_orders=0
[HEARTBEAT] events=87575 decisions=226 live_orders=0 tested_orders=0
[HEARTBEAT] events=87600 decisions=226 live_orders=0 tested_orders=0
[HEARTBEAT] events=87625 decisions=226 live_orders=0 tested_orders=0
[HEARTBEAT] events=87650 decisions=226 live_orders=0 tested_orders=0
[HEARTBEAT] events=87675 decisions=226 live_orders=0 tested_orders=0
[HEARTBEAT] events=87700 decisions=226 live_orders=0 tested_orders=0
[HEARTBEAT] events=87725 decisions=226 live_orders=0 tested_orders=0
[HEARTBEAT] events=87750 decisions=226 live_orders=0 tested_orders=0
[HEARTBEAT] events=87775 decisions=226 live_orders=0 tested_orders=0
[HEARTBEAT] events=87800 decisions=226 live_orders=0 tested_orders=0
[HEARTBEAT] events=87825 decisions=226 live_orders=0 tested_orders=0
[HEARTBEAT] events=87850 decisions=226 live_orders=0 tested_orders=0
[HEARTBEAT] events=87875 decisions=226 live_orders=0 tested_orders=0
[HEARTBEAT] events=87900 decisions=226 live_orders=0 tested_orders=0
[HEARTBEAT] events=87925 decisions=226 live_orders=0 tested_orders=0
[HEARTBEAT] events=87950 decisions=226 live_orders=0 tested_orders=0
[HEARTBEAT] events=87975 decisions=226 live_orders=0 tested_orders=0
[HEARTBEAT] events=88000 decisions=226 live_orders=0 tested_orders=0
[HEARTBEAT] events=88025 decisions=226 live_orders=0 tested_orders=0
[HEARTBEAT] events=88050 decisions=226 live_orders=0 tested_orders=0
[HEARTBEAT] events=88075 decisions=226 live_orders=0 tested_orders=0
[HEARTBEAT] events=88100 decisions=226 live_orders=0 tested_orders=0
[HEARTBEAT] events=88125 decisions=226 live_orders=0 tested_orders=0
[HEARTBEAT] events=88150 decisions=226 live_orders=0 tested_orders=0
[HEARTBEAT] events=88175 decisions=226 live_orders=0 tested_orders=0
[HEARTBEAT] events=88200 decisions=226 live_orders=0 tested_orders=0
[HEARTBEAT] events=88225 decisions=226 live_orders=0 tested_orders=0
[HEARTBEAT] events=88250 decisions=226 live_orders=0 tested_orders=0
[HEARTBEAT] events=88275 decisions=226 live_orders=0 tested_orders=0
[HEARTBEAT] events=88300 decisions=226 live_orders=0 tested_orders=0
[HEARTBEAT] events=88325 decisions=226 live_orders=0 tested_orders=0
[HEARTBEAT] events=88350 decisions=226 live_orders=0 tested_orders=0
[HEARTBEAT] events=88375 decisions=226 live_orders=0 tested_orders=0
[HEARTBEAT] events=88400 decisions=226 live_orders=0 tested_orders=0
[HEARTBEAT] events=88425 decisions=226 live_orders=0 tested_orders=0
[HEARTBEAT] events=88450 decisions=226 live_orders=0 tested_orders=0
[HEARTBEAT] events=88475 decisions=226 live_orders=0 tested_orders=0
[HEARTBEAT] events=88500 decisions=226 live_orders=0 tested_orders=0
[HEARTBEAT] events=88525 decisions=226 live_orders=0 tested_orders=0
[HEARTBEAT] events=88550 decisions=226 live_orders=0 tested_orders=0
[HEARTBEAT] events=88575 decisions=226 live_orders=0 tested_orders=0
[HEARTBEAT] events=88600 decisions=226 live_orders=0 tested_orders=0
[HEARTBEAT] events=88625 decisions=226 live_orders=0 tested_orders=0
[HEARTBEAT] events=88650 decisions=226 live_orders=0 tested_orders=0
[HEARTBEAT] events=88675 decisions=226 live_orders=0 tested_orders=0
[HEARTBEAT] events=88700 decisions=226 live_orders=0 tested_orders=0
[HEARTBEAT] events=88725 decisions=226 live_orders=0 tested_orders=0
[HEARTBEAT] events=88750 decisions=226 live_orders=0 tested_orders=0
[HEARTBEAT] events=88775 decisions=226 live_orders=0 tested_orders=0
[HEARTBEAT] events=88800 decisions=226 live_orders=0 tested_orders=0
[HEARTBEAT] events=88825 decisions=226 live_orders=0 tested_orders=0
[HEARTBEAT] events=88850 decisions=226 live_orders=0 tested_orders=0
[HEARTBEAT] events=88875 decisions=226 live_orders=0 tested_orders=0
[HEARTBEAT] events=88900 decisions=226 live_orders=0 tested_orders=0
[HEARTBEAT] events=88925 decisions=226 live_orders=0 tested_orders=0
[HEARTBEAT] events=88950 decisions=226 live_orders=0 tested_orders=0
[HEARTBEAT] events=88975 decisions=226 live_orders=0 tested_orders=0
[HEARTBEAT] events=89000 decisions=226 live_orders=0 tested_orders=0
[HEARTBEAT] events=89025 decisions=226 live_orders=0 tested_orders=0
[HEARTBEAT] events=89050 decisions=226 live_orders=0 tested_orders=0
[HEARTBEAT] events=89075 decisions=226 live_orders=0 tested_orders=0
[HEARTBEAT] events=89100 decisions=226 live_orders=0 tested_orders=0
[HEARTBEAT] events=89125 decisions=226 live_orders=0 tested_orders=0
[HEARTBEAT] events=89150 decisions=226 live_orders=0 tested_orders=0
[HEARTBEAT] events=89175 decisions=226 live_orders=0 tested_orders=0
[HEARTBEAT] events=89200 decisions=226 live_orders=0 tested_orders=0
[HEARTBEAT] events=89225 decisions=226 live_orders=0 tested_orders=0
[HEARTBEAT] events=89250 decisions=226 live_orders=0 tested_orders=0
[HEARTBEAT] events=89275 decisions=226 live_orders=0 tested_orders=0
[HEARTBEAT] events=89300 decisions=226 live_orders=0 tested_orders=0
[HEARTBEAT] events=89325 decisions=226 live_orders=0 tested_orders=0
[HEARTBEAT] events=89350 decisions=226 live_orders=0 tested_orders=0
[HEARTBEAT] events=89375 decisions=226 live_orders=0 tested_orders=0
[HEARTBEAT] events=89400 decisions=226 live_orders=0 tested_orders=0
[HEARTBEAT] events=89425 decisions=226 live_orders=0 tested_orders=0
[HEARTBEAT] events=89450 decisions=226 live_orders=0 tested_orders=0
[HEARTBEAT] events=89475 decisions=226 live_orders=0 tested_orders=0
[HEARTBEAT] events=89500 decisions=226 live_orders=0 tested_orders=0
[HEARTBEAT] events=89525 decisions=226 live_orders=0 tested_orders=0
[HEARTBEAT] events=89550 decisions=226 live_orders=0 tested_orders=0
[HEARTBEAT] events=89575 decisions=226 live_orders=0 tested_orders=0
[HEARTBEAT] events=89600 decisions=226 live_orders=0 tested_orders=0
[HEARTBEAT] events=89625 decisions=226 live_orders=0 tested_orders=0
[HEARTBEAT] events=89650 decisions=226 live_orders=0 tested_orders=0
[HEARTBEAT] events=89675 decisions=226 live_orders=0 tested_orders=0
[HEARTBEAT] events=89700 decisions=226 live_orders=0 tested_orders=0
[HEARTBEAT] events=89725 decisions=226 live_orders=0 tested_orders=0
[HEARTBEAT] events=89750 decisions=226 live_orders=0 tested_orders=0
[HEARTBEAT] events=89775 decisions=226 live_orders=0 tested_orders=0
[HEARTBEAT] events=89800 decisions=226 live_orders=0 tested_orders=0
[HEARTBEAT] events=89825 decisions=226 live_orders=0 tested_orders=0
[HEARTBEAT] events=89850 decisions=226 live_orders=0 tested_orders=0
[DECISION] 2026-04-20T02:58:00+00:00 SOLUSDT mode=cash side=flat score=45.20
[SUBMISSION_GATE] SOLUSDT allow=False can_open=True existing=no pending_external=False order_cooldown=False manual_cooldown=False live_allowed=True
[EXEC_PREFLIGHT] SOLUSDT allow=False live_allowed=True managed=cash:0.00 prepared=cash:0.00 reasons=DIRECTION_CONFLICT,EDGE_BELOW_COST,LIQUIDITY_TOO_WEAK,SCORE_TOO_LOW,SENTIMENT_CAUTION,SUPPORT_NOT_CONFIRMED
[DECISION] 2026-04-20T02:59:00+00:00 SOLUSDT mode=cash side=flat score=45.20
[SUBMISSION_GATE] SOLUSDT allow=False can_open=True existing=no pending_external=False order_cooldown=False manual_cooldown=False live_allowed=True
[EXEC_PREFLIGHT] SOLUSDT allow=False live_allowed=True managed=cash:0.00 prepared=cash:0.00 reasons=DIRECTION_CONFLICT,EDGE_BELOW_COST,LIQUIDITY_TOO_WEAK,SCORE_TOO_LOW,SENTIMENT_CAUTION,SUPPORT_NOT_CONFIRMED
[DECISION] 2026-04-20T03:00:00+00:00 SOLUSDT mode=cash side=flat score=45.20
[SUBMISSION_GATE] SOLUSDT allow=False can_open=True existing=no pending_external=False order_cooldown=False manual_cooldown=False live_allowed=True
[EXEC_PREFLIGHT] SOLUSDT allow=False live_allowed=True managed=cash:0.00 prepared=cash:0.00 reasons=DIRECTION_CONFLICT,EDGE_BELOW_COST,LIQUIDITY_TOO_WEAK,SCORE_TOO_LOW,SENTIMENT_CAUTION,SUPPORT_NOT_CONFIRMED
[DECISION] 2026-04-20T03:01:00+00:00 SOLUSDT mode=cash side=flat score=62.95
[SUBMISSION_GATE] SOLUSDT allow=False can_open=True existing=no pending_external=False order_cooldown=False manual_cooldown=False live_allowed=True
[EXEC_PREFLIGHT] SOLUSDT allow=False live_allowed=True managed=cash:0.00 prepared=cash:0.00 reasons=DIRECTION_CONFLICT,EDGE_BELOW_COST,LIQUIDITY_TOO_WEAK,SCORE_TOO_LOW,SUPPORT_NOT_CONFIRMED
[DECISION] 2026-04-20T03:02:00+00:00 SOLUSDT mode=cash side=flat score=62.95
[SUBMISSION_GATE] SOLUSDT allow=False can_open=True existing=no pending_external=False order_cooldown=False manual_cooldown=False live_allowed=True
[EXEC_PREFLIGHT] SOLUSDT allow=False live_allowed=True managed=cash:0.00 prepared=cash:0.00 reasons=DIRECTION_CONFLICT,EDGE_BELOW_COST,LIQUIDITY_TOO_WEAK,SCORE_TOO_LOW,SUPPORT_NOT_CONFIRMED
[DECISION] 2026-04-20T03:03:00+00:00 SOLUSDT mode=cash side=flat score=45.20
[SUBMISSION_GATE] SOLUSDT allow=False can_open=True existing=no pending_external=False order_cooldown=False manual_cooldown=False live_allowed=True
[EXEC_PREFLIGHT] SOLUSDT allow=False live_allowed=True managed=cash:0.00 prepared=cash:0.00 reasons=DIRECTION_CONFLICT,EDGE_BELOW_COST,LIQUIDITY_TOO_WEAK,SCORE_TOO_LOW,SENTIMENT_CAUTION,SUPPORT_NOT_CONFIRMED
[DECISION] 2026-04-20T03:04:00+00:00 SOLUSDT mode=cash side=flat score=45.20
[SUBMISSION_GATE] SOLUSDT allow=False can_open=True existing=no pending_external=False order_cooldown=False manual_cooldown=False live_allowed=True
[EXEC_PREFLIGHT] SOLUSDT allow=False live_allowed=True managed=cash:0.00 prepared=cash:0.00 reasons=DIRECTION_CONFLICT,EDGE_BELOW_COST,LIQUIDITY_TOO_WEAK,SCORE_TOO_LOW,SENTIMENT_CAUTION,SUPPORT_NOT_CONFIRMED
[DECISION] 2026-04-20T03:05:00+00:00 SOLUSDT mode=cash side=flat score=62.95
[SUBMISSION_GATE] SOLUSDT allow=False can_open=True existing=no pending_external=False order_cooldown=False manual_cooldown=False live_allowed=True
[EXEC_PREFLIGHT] SOLUSDT allow=False live_allowed=True managed=cash:0.00 prepared=cash:0.00 reasons=DIRECTION_CONFLICT,EDGE_BELOW_COST,LIQUIDITY_TOO_WEAK,SCORE_TOO_LOW,SUPPORT_NOT_CONFIRMED
[DECISION] 2026-04-20T03:06:00+00:00 SOLUSDT mode=cash side=flat score=62.95
[SUBMISSION_GATE] SOLUSDT allow=False can_open=True existing=no pending_external=False order_cooldown=False manual_cooldown=False live_allowed=True
[EXEC_PREFLIGHT] SOLUSDT allow=False live_allowed=True managed=cash:0.00 prepared=cash:0.00 reasons=DIRECTION_CONFLICT,EDGE_BELOW_COST,LIQUIDITY_TOO_WEAK,SCORE_TOO_LOW,SUPPORT_NOT_CONFIRMED
[DECISION] 2026-04-20T03:07:00+00:00 SOLUSDT mode=cash side=flat score=62.95
[SUBMISSION_GATE] SOLUSDT allow=False can_open=True existing=no pending_external=False order_cooldown=False manual_cooldown=False live_allowed=True
[EXEC_PREFLIGHT] SOLUSDT allow=False live_allowed=True managed=cash:0.00 prepared=cash:0.00 reasons=DIRECTION_CONFLICT,EDGE_BELOW_COST,LIQUIDITY_TOO_WEAK,SCORE_TOO_LOW,SUPPORT_NOT_CONFIRMED
[DECISION] 2026-04-20T03:08:00+00:00 SOLUSDT mode=cash side=flat score=62.95
[SUBMISSION_GATE] SOLUSDT allow=False can_open=True existing=no pending_external=False order_cooldown=False manual_cooldown=False live_allowed=True
[EXEC_PREFLIGHT] SOLUSDT allow=False live_allowed=True managed=cash:0.00 prepared=cash:0.00 reasons=DIRECTION_CONFLICT,EDGE_BELOW_COST,LIQUIDITY_TOO_WEAK,SCORE_TOO_LOW,SUPPORT_NOT_CONFIRMED
[HEARTBEAT] events=89875 decisions=237 live_orders=0 tested_orders=0
[HEARTBEAT] events=89900 decisions=237 live_orders=0 tested_orders=0
[HEARTBEAT] events=89925 decisions=237 live_orders=0 tested_orders=0
[HEARTBEAT] events=89950 decisions=237 live_orders=0 tested_orders=0
[HEARTBEAT] events=89975 decisions=237 live_orders=0 tested_orders=0
[HEARTBEAT] events=90000 decisions=237 live_orders=0 tested_orders=0
[HEARTBEAT] events=90025 decisions=237 live_orders=0 tested_orders=0
[HEARTBEAT] events=90050 decisions=237 live_orders=0 tested_orders=0
[HEARTBEAT] events=90075 decisions=237 live_orders=0 tested_orders=0
[HEARTBEAT] events=90100 decisions=237 live_orders=0 tested_orders=0
[HEARTBEAT] events=90125 decisions=237 live_orders=0 tested_orders=0
[HEARTBEAT] events=90150 decisions=237 live_orders=0 tested_orders=0
[HEARTBEAT] events=90175 decisions=237 live_orders=0 tested_orders=0
[HEARTBEAT] events=90200 decisions=237 live_orders=0 tested_orders=0
[HEARTBEAT] events=90225 decisions=237 live_orders=0 tested_orders=0
[HEARTBEAT] events=90250 decisions=237 live_orders=0 tested_orders=0
[HEARTBEAT] events=90275 decisions=237 live_orders=0 tested_orders=0
[HEARTBEAT] events=90300 decisions=237 live_orders=0 tested_orders=0
[HEARTBEAT] events=90325 decisions=237 live_orders=0 tested_orders=0
[HEARTBEAT] events=90350 decisions=237 live_orders=0 tested_orders=0
[HEARTBEAT] events=90375 decisions=237 live_orders=0 tested_orders=0
[HEARTBEAT] events=90400 decisions=237 live_orders=0 tested_orders=0
[HEARTBEAT] events=90425 decisions=237 live_orders=0 tested_orders=0
[HEARTBEAT] events=90450 decisions=237 live_orders=0 tested_orders=0
[HEARTBEAT] events=90475 decisions=237 live_orders=0 tested_orders=0
[HEARTBEAT] events=90500 decisions=237 live_orders=0 tested_orders=0
[HEARTBEAT] events=90525 decisions=237 live_orders=0 tested_orders=0
[HEARTBEAT] events=90550 decisions=237 live_orders=0 tested_orders=0
[HEARTBEAT] events=90575 decisions=237 live_orders=0 tested_orders=0
[HEARTBEAT] events=90600 decisions=237 live_orders=0 tested_orders=0
[HEARTBEAT] events=90625 decisions=237 live_orders=0 tested_orders=0
[HEARTBEAT] events=90650 decisions=237 live_orders=0 tested_orders=0
[HEARTBEAT] events=90675 decisions=237 live_orders=0 tested_orders=0
[HEARTBEAT] events=90700 decisions=237 live_orders=0 tested_orders=0
[HEARTBEAT] events=90725 decisions=237 live_orders=0 tested_orders=0
[HEARTBEAT] events=90750 decisions=237 live_orders=0 tested_orders=0
[HEARTBEAT] events=90775 decisions=237 live_orders=0 tested_orders=0
[HEARTBEAT] events=90800 decisions=237 live_orders=0 tested_orders=0
[HEARTBEAT] events=90825 decisions=237 live_orders=0 tested_orders=0
[HEARTBEAT] events=90850 decisions=237 live_orders=0 tested_orders=0
[HEARTBEAT] events=90875 decisions=237 live_orders=0 tested_orders=0
[HEARTBEAT] events=90900 decisions=237 live_orders=0 tested_orders=0
[HEARTBEAT] events=90925 decisions=237 live_orders=0 tested_orders=0
[HEARTBEAT] events=90950 decisions=237 live_orders=0 tested_orders=0
[HEARTBEAT] events=90975 decisions=237 live_orders=0 tested_orders=0
[HEARTBEAT] events=91000 decisions=237 live_orders=0 tested_orders=0
[HEARTBEAT] events=91025 decisions=237 live_orders=0 tested_orders=0
[HEARTBEAT] events=91050 decisions=237 live_orders=0 tested_orders=0
[HEARTBEAT] events=91075 decisions=237 live_orders=0 tested_orders=0
[HEARTBEAT] events=91100 decisions=237 live_orders=0 tested_orders=0
[HEARTBEAT] events=91125 decisions=237 live_orders=0 tested_orders=0
[HEARTBEAT] events=91150 decisions=237 live_orders=0 tested_orders=0
[HEARTBEAT] events=91175 decisions=237 live_orders=0 tested_orders=0
[HEARTBEAT] events=91200 decisions=237 live_orders=0 tested_orders=0
[HEARTBEAT] events=91225 decisions=237 live_orders=0 tested_orders=0
[HEARTBEAT] events=91250 decisions=237 live_orders=0 tested_orders=0
[HEARTBEAT] events=91275 decisions=237 live_orders=0 tested_orders=0
[HEARTBEAT] events=91300 decisions=237 live_orders=0 tested_orders=0
[HEARTBEAT] events=91325 decisions=237 live_orders=0 tested_orders=0
[HEARTBEAT] events=91350 decisions=237 live_orders=0 tested_orders=0
[HEARTBEAT] events=91375 decisions=237 live_orders=0 tested_orders=0
[HEARTBEAT] events=91400 decisions=237 live_orders=0 tested_orders=0
[HEARTBEAT] events=91425 decisions=237 live_orders=0 tested_orders=0
[HEARTBEAT] events=91450 decisions=237 live_orders=0 tested_orders=0
[HEARTBEAT] events=91475 decisions=237 live_orders=0 tested_orders=0
[HEARTBEAT] events=91500 decisions=237 live_orders=0 tested_orders=0
[HEARTBEAT] events=91525 decisions=237 live_orders=0 tested_orders=0
[HEARTBEAT] events=91550 decisions=237 live_orders=0 tested_orders=0
[HEARTBEAT] events=91575 decisions=237 live_orders=0 tested_orders=0
[HEARTBEAT] events=91600 decisions=237 live_orders=0 tested_orders=0
[HEARTBEAT] events=91625 decisions=237 live_orders=0 tested_orders=0
[HEARTBEAT] events=91650 decisions=237 live_orders=0 tested_orders=0
[HEARTBEAT] events=91675 decisions=237 live_orders=0 tested_orders=0
[HEARTBEAT] events=91700 decisions=237 live_orders=0 tested_orders=0
[HEARTBEAT] events=91725 decisions=237 live_orders=0 tested_orders=0
[HEARTBEAT] events=91750 decisions=237 live_orders=0 tested_orders=0
[HEARTBEAT] events=91775 decisions=237 live_orders=0 tested_orders=0
[HEARTBEAT] events=91800 decisions=237 live_orders=0 tested_orders=0
[HEARTBEAT] events=91825 decisions=237 live_orders=0 tested_orders=0
[HEARTBEAT] events=91850 decisions=237 live_orders=0 tested_orders=0
[HEARTBEAT] events=91875 decisions=237 live_orders=0 tested_orders=0
[HEARTBEAT] events=91900 decisions=237 live_orders=0 tested_orders=0
[HEARTBEAT] events=91925 decisions=237 live_orders=0 tested_orders=0
[HEARTBEAT] events=91950 decisions=237 live_orders=0 tested_orders=0
[HEARTBEAT] events=91975 decisions=237 live_orders=0 tested_orders=0
[HEARTBEAT] events=92000 decisions=237 live_orders=0 tested_orders=0
[HEARTBEAT] events=92025 decisions=237 live_orders=0 tested_orders=0
[HEARTBEAT] events=92050 decisions=237 live_orders=0 tested_orders=0
[HEARTBEAT] events=92075 decisions=237 live_orders=0 tested_orders=0
[HEARTBEAT] events=92100 decisions=237 live_orders=0 tested_orders=0
[HEARTBEAT] events=92125 decisions=237 live_orders=0 tested_orders=0
[HEARTBEAT] events=92150 decisions=237 live_orders=0 tested_orders=0
[HEARTBEAT] events=92175 decisions=237 live_orders=0 tested_orders=0
[HEARTBEAT] events=92200 decisions=237 live_orders=0 tested_orders=0
[HEARTBEAT] events=92225 decisions=237 live_orders=0 tested_orders=0
[HEARTBEAT] events=92250 decisions=237 live_orders=0 tested_orders=0
[HEARTBEAT] events=92275 decisions=237 live_orders=0 tested_orders=0
[SYNC] 2026-04-20T03:09:46.634224+00:00 account/open-order snapshot refreshed
[HEARTBEAT] events=92300 decisions=237 live_orders=0 tested_orders=0
[HEARTBEAT] events=92325 decisions=237 live_orders=0 tested_orders=0
[HEARTBEAT] events=92350 decisions=237 live_orders=0 tested_orders=0
[HEARTBEAT] events=92375 decisions=237 live_orders=0 tested_orders=0
[HEARTBEAT] events=92400 decisions=237 live_orders=0 tested_orders=0
[HEARTBEAT] events=92425 decisions=237 live_orders=0 tested_orders=0
[HEARTBEAT] events=92450 decisions=237 live_orders=0 tested_orders=0
[HEARTBEAT] events=92475 decisions=237 live_orders=0 tested_orders=0
[DECISION] 2026-04-20T02:58:00+00:00 ETHUSDT mode=futures side=short score=71.17
[SUBMISSION_GATE] ETHUSDT allow=True can_open=True existing=no pending_external=False order_cooldown=False manual_cooldown=False live_allowed=True
[EXEC_PREFLIGHT] ETHUSDT allow=True live_allowed=True managed=futures:129.79 prepared=cash:0.00 reasons=EXECUTIVE_OPERATING_VERDICT_ROLLBACK,LIVE_EVIDENCE_REJUDGE_WAITING,POLICY_BUCKET_OBSERVE_ONLY,SYMBOL_LIFECYCLE_HOLD
[DECISION] 2026-04-20T02:59:00+00:00 ETHUSDT mode=futures side=short score=71.17
[SUBMISSION_GATE] ETHUSDT allow=True can_open=True existing=no pending_external=False order_cooldown=False manual_cooldown=False live_allowed=True
[EXEC_PREFLIGHT] ETHUSDT allow=True live_allowed=True managed=futures:129.79 prepared=cash:0.00 reasons=EXECUTIVE_OPERATING_VERDICT_ROLLBACK,LIVE_EVIDENCE_REJUDGE_WAITING,POLICY_BUCKET_OBSERVE_ONLY,SYMBOL_LIFECYCLE_HOLD
[DECISION] 2026-04-20T03:00:00+00:00 ETHUSDT mode=futures side=short score=71.17
[SUBMISSION_GATE] ETHUSDT allow=True can_open=True existing=no pending_external=False order_cooldown=False manual_cooldown=False live_allowed=True
[EXEC_PREFLIGHT] ETHUSDT allow=True live_allowed=True managed=futures:129.79 prepared=cash:0.00 reasons=EXECUTIVE_OPERATING_VERDICT_ROLLBACK,LIVE_EVIDENCE_REJUDGE_WAITING,POLICY_BUCKET_OBSERVE_ONLY,SYMBOL_LIFECYCLE_HOLD
[DECISION] 2026-04-20T03:01:00+00:00 ETHUSDT mode=futures side=short score=71.17
[SUBMISSION_GATE] ETHUSDT allow=True can_open=True existing=no pending_external=False order_cooldown=False manual_cooldown=False live_allowed=True
[EXEC_PREFLIGHT] ETHUSDT allow=True live_allowed=True managed=futures:129.79 prepared=cash:0.00 reasons=EXECUTIVE_OPERATING_VERDICT_ROLLBACK,LIVE_EVIDENCE_REJUDGE_WAITING,POLICY_BUCKET_OBSERVE_ONLY,SYMBOL_LIFECYCLE_HOLD
[DECISION] 2026-04-20T03:02:00+00:00 ETHUSDT mode=futures side=short score=71.17
[SUBMISSION_GATE] ETHUSDT allow=True can_open=True existing=no pending_external=False order_cooldown=False manual_cooldown=False live_allowed=True
[EXEC_PREFLIGHT] ETHUSDT allow=True live_allowed=True managed=futures:129.79 prepared=cash:0.00 reasons=EXECUTIVE_OPERATING_VERDICT_ROLLBACK,LIVE_EVIDENCE_REJUDGE_WAITING,POLICY_BUCKET_OBSERVE_ONLY,SYMBOL_LIFECYCLE_HOLD
[DECISION] 2026-04-20T03:03:00+00:00 ETHUSDT mode=futures side=short score=71.17
[SUBMISSION_GATE] ETHUSDT allow=True can_open=True existing=no pending_external=False order_cooldown=False manual_cooldown=False live_allowed=True
[EXEC_PREFLIGHT] ETHUSDT allow=True live_allowed=True managed=futures:129.79 prepared=cash:0.00 reasons=EXECUTIVE_OPERATING_VERDICT_ROLLBACK,LIVE_EVIDENCE_REJUDGE_WAITING,POLICY_BUCKET_OBSERVE_ONLY,SYMBOL_LIFECYCLE_HOLD
[DECISION] 2026-04-20T03:04:00+00:00 ETHUSDT mode=futures side=short score=71.17
[SUBMISSION_GATE] ETHUSDT allow=True can_open=True existing=no pending_external=False order_cooldown=False manual_cooldown=False live_allowed=True
[EXEC_PREFLIGHT] ETHUSDT allow=True live_allowed=True managed=futures:129.79 prepared=cash:0.00 reasons=EXECUTIVE_OPERATING_VERDICT_ROLLBACK,LIVE_EVIDENCE_REJUDGE_WAITING,POLICY_BUCKET_OBSERVE_ONLY,SYMBOL_LIFECYCLE_HOLD
[DECISION] 2026-04-20T03:05:00+00:00 ETHUSDT mode=futures side=short score=71.16
[SUBMISSION_GATE] ETHUSDT allow=True can_open=True existing=no pending_external=False order_cooldown=False manual_cooldown=False live_allowed=True
[EXEC_PREFLIGHT] ETHUSDT allow=True live_allowed=True managed=futures:129.79 prepared=cash:0.00 reasons=EXECUTIVE_OPERATING_VERDICT_ROLLBACK,LIVE_EVIDENCE_REJUDGE_WAITING,POLICY_BUCKET_OBSERVE_ONLY,SYMBOL_LIFECYCLE_HOLD
[DECISION] 2026-04-20T03:06:00+00:00 ETHUSDT mode=futures side=short score=71.16
[SUBMISSION_GATE] ETHUSDT allow=True can_open=True existing=no pending_external=False order_cooldown=False manual_cooldown=False live_allowed=True
[EXEC_PREFLIGHT] ETHUSDT allow=True live_allowed=True managed=futures:129.79 prepared=cash:0.00 reasons=EXECUTIVE_OPERATING_VERDICT_ROLLBACK,LIVE_EVIDENCE_REJUDGE_WAITING,POLICY_BUCKET_OBSERVE_ONLY,SYMBOL_LIFECYCLE_HOLD
[DECISION] 2026-04-20T03:07:00+00:00 ETHUSDT mode=futures side=short score=71.16
[SUBMISSION_GATE] ETHUSDT allow=True can_open=True existing=no pending_external=False order_cooldown=False manual_cooldown=False live_allowed=True
[EXEC_PREFLIGHT] ETHUSDT allow=True live_allowed=True managed=futures:129.79 prepared=cash:0.00 reasons=EXECUTIVE_OPERATING_VERDICT_ROLLBACK,LIVE_EVIDENCE_REJUDGE_WAITING,POLICY_BUCKET_OBSERVE_ONLY,SYMBOL_LIFECYCLE_HOLD
[DECISION] 2026-04-20T03:08:00+00:00 ETHUSDT mode=futures side=short score=71.16
[SUBMISSION_GATE] ETHUSDT allow=True can_open=True existing=no pending_external=False order_cooldown=False manual_cooldown=False live_allowed=True
[EXEC_PREFLIGHT] ETHUSDT allow=True live_allowed=True managed=futures:129.79 prepared=cash:0.00 reasons=EXECUTIVE_OPERATING_VERDICT_ROLLBACK,LIVE_EVIDENCE_REJUDGE_WAITING,POLICY_BUCKET_OBSERVE_ONLY,SYMBOL_LIFECYCLE_HOLD
[HEARTBEAT] events=92500 decisions=248 live_orders=0 tested_orders=0
[HEARTBEAT] events=92525 decisions=248 live_orders=0 tested_orders=0
[HEARTBEAT] events=92550 decisions=248 live_orders=0 tested_orders=0
[HEARTBEAT] events=92575 decisions=248 live_orders=0 tested_orders=0
[HEARTBEAT] events=92600 decisions=248 live_orders=0 tested_orders=0
[HEARTBEAT] events=92625 decisions=248 live_orders=0 tested_orders=0
[HEARTBEAT] events=92650 decisions=248 live_orders=0 tested_orders=0
[HEARTBEAT] events=92675 decisions=248 live_orders=0 tested_orders=0
[HEARTBEAT] events=92700 decisions=248 live_orders=0 tested_orders=0
[HEARTBEAT] events=92725 decisions=248 live_orders=0 tested_orders=0
[HEARTBEAT] events=92750 decisions=248 live_orders=0 tested_orders=0
[HEARTBEAT] events=92775 decisions=248 live_orders=0 tested_orders=0
[HEARTBEAT] events=92800 decisions=248 live_orders=0 tested_orders=0
[HEARTBEAT] events=92825 decisions=248 live_orders=0 tested_orders=0
[HEARTBEAT] events=92850 decisions=248 live_orders=0 tested_orders=0
[HEARTBEAT] events=92875 decisions=248 live_orders=0 tested_orders=0
[HEARTBEAT] events=92900 decisions=248 live_orders=0 tested_orders=0
[HEARTBEAT] events=92925 decisions=248 live_orders=0 tested_orders=0
[HEARTBEAT] events=92950 decisions=248 live_orders=0 tested_orders=0
[HEARTBEAT] events=92975 decisions=248 live_orders=0 tested_orders=0
[HEARTBEAT] events=93000 decisions=248 live_orders=0 tested_orders=0
[HEARTBEAT] events=93025 decisions=248 live_orders=0 tested_orders=0
[HEARTBEAT] events=93050 decisions=248 live_orders=0 tested_orders=0
[HEARTBEAT] events=93075 decisions=248 live_orders=0 tested_orders=0
[HEARTBEAT] events=93100 decisions=248 live_orders=0 tested_orders=0
[HEARTBEAT] events=93125 decisions=248 live_orders=0 tested_orders=0
[HEARTBEAT] events=93150 decisions=248 live_orders=0 tested_orders=0
[HEARTBEAT] events=93175 decisions=248 live_orders=0 tested_orders=0
[HEARTBEAT] events=93200 decisions=248 live_orders=0 tested_orders=0
[HEARTBEAT] events=93225 decisions=248 live_orders=0 tested_orders=0
[HEARTBEAT] events=93250 decisions=248 live_orders=0 tested_orders=0
[HEARTBEAT] events=93275 decisions=248 live_orders=0 tested_orders=0
[HEARTBEAT] events=93300 decisions=248 live_orders=0 tested_orders=0
[HEARTBEAT] events=93325 decisions=248 live_orders=0 tested_orders=0
[HEARTBEAT] events=93350 decisions=248 live_orders=0 tested_orders=0
[HEARTBEAT] events=93375 decisions=248 live_orders=0 tested_orders=0
[HEARTBEAT] events=93400 decisions=248 live_orders=0 tested_orders=0
[HEARTBEAT] events=93425 decisions=248 live_orders=0 tested_orders=0
[HEARTBEAT] events=93450 decisions=248 live_orders=0 tested_orders=0
[HEARTBEAT] events=93475 decisions=248 live_orders=0 tested_orders=0
[HEARTBEAT] events=93500 decisions=248 live_orders=0 tested_orders=0
[HEARTBEAT] events=93525 decisions=248 live_orders=0 tested_orders=0
[HEARTBEAT] events=93550 decisions=248 live_orders=0 tested_orders=0
[HEARTBEAT] events=93575 decisions=248 live_orders=0 tested_orders=0
[HEARTBEAT] events=93600 decisions=248 live_orders=0 tested_orders=0
[HEARTBEAT] events=93625 decisions=248 live_orders=0 tested_orders=0
[HEARTBEAT] events=93650 decisions=248 live_orders=0 tested_orders=0
[HEARTBEAT] events=93675 decisions=248 live_orders=0 tested_orders=0
[HEARTBEAT] events=93700 decisions=248 live_orders=0 tested_orders=0
[HEARTBEAT] events=93725 decisions=248 live_orders=0 tested_orders=0
[HEARTBEAT] events=93750 decisions=248 live_orders=0 tested_orders=0
[HEARTBEAT] events=93775 decisions=248 live_orders=0 tested_orders=0
[HEARTBEAT] events=93800 decisions=248 live_orders=0 tested_orders=0
[HEARTBEAT] events=93825 decisions=248 live_orders=0 tested_orders=0
[HEARTBEAT] events=93850 decisions=248 live_orders=0 tested_orders=0
[HEARTBEAT] events=93875 decisions=248 live_orders=0 tested_orders=0
[HEARTBEAT] events=93900 decisions=248 live_orders=0 tested_orders=0
[HEARTBEAT] events=93925 decisions=248 live_orders=0 tested_orders=0
[HEARTBEAT] events=93950 decisions=248 live_orders=0 tested_orders=0
[HEARTBEAT] events=93975 decisions=248 live_orders=0 tested_orders=0
[HEARTBEAT] events=94000 decisions=248 live_orders=0 tested_orders=0
[HEARTBEAT] events=94025 decisions=248 live_orders=0 tested_orders=0
[HEARTBEAT] events=94050 decisions=248 live_orders=0 tested_orders=0
[HEARTBEAT] events=94075 decisions=248 live_orders=0 tested_orders=0
[HEARTBEAT] events=94100 decisions=248 live_orders=0 tested_orders=0
[HEARTBEAT] events=94125 decisions=248 live_orders=0 tested_orders=0
[HEARTBEAT] events=94150 decisions=248 live_orders=0 tested_orders=0
[HEARTBEAT] events=94175 decisions=248 live_orders=0 tested_orders=0
[HEARTBEAT] events=94200 decisions=248 live_orders=0 tested_orders=0
[HEARTBEAT] events=94225 decisions=248 live_orders=0 tested_orders=0
[HEARTBEAT] events=94250 decisions=248 live_orders=0 tested_orders=0
[HEARTBEAT] events=94275 decisions=248 live_orders=0 tested_orders=0
[HEARTBEAT] events=94300 decisions=248 live_orders=0 tested_orders=0
[HEARTBEAT] events=94325 decisions=248 live_orders=0 tested_orders=0
[HEARTBEAT] events=94350 decisions=248 live_orders=0 tested_orders=0
[HEARTBEAT] events=94375 decisions=248 live_orders=0 tested_orders=0
[HEARTBEAT] events=94400 decisions=248 live_orders=0 tested_orders=0
[HEARTBEAT] events=94425 decisions=248 live_orders=0 tested_orders=0
[HEARTBEAT] events=94450 decisions=248 live_orders=0 tested_orders=0
[HEARTBEAT] events=94475 decisions=248 live_orders=0 tested_orders=0
[HEARTBEAT] events=94500 decisions=248 live_orders=0 tested_orders=0
[HEARTBEAT] events=94525 decisions=248 live_orders=0 tested_orders=0
[HEARTBEAT] events=94550 decisions=248 live_orders=0 tested_orders=0
[HEARTBEAT] events=94575 decisions=248 live_orders=0 tested_orders=0
[HEARTBEAT] events=94600 decisions=248 live_orders=0 tested_orders=0
[HEARTBEAT] events=94625 decisions=248 live_orders=0 tested_orders=0
[HEARTBEAT] events=94650 decisions=248 live_orders=0 tested_orders=0
[HEARTBEAT] events=94675 decisions=248 live_orders=0 tested_orders=0
[HEARTBEAT] events=94700 decisions=248 live_orders=0 tested_orders=0
[HEARTBEAT] events=94725 decisions=248 live_orders=0 tested_orders=0
[HEARTBEAT] events=94750 decisions=248 live_orders=0 tested_orders=0
[HEARTBEAT] events=94775 decisions=248 live_orders=0 tested_orders=0
[HEARTBEAT] events=94800 decisions=248 live_orders=0 tested_orders=0
[HEARTBEAT] events=94825 decisions=248 live_orders=0 tested_orders=0
[HEARTBEAT] events=94850 decisions=248 live_orders=0 tested_orders=0
[HEARTBEAT] events=94875 decisions=248 live_orders=0 tested_orders=0
[HEARTBEAT] events=94900 decisions=248 live_orders=0 tested_orders=0
[HEARTBEAT] events=94925 decisions=248 live_orders=0 tested_orders=0
[HEARTBEAT] events=94950 decisions=248 live_orders=0 tested_orders=0
[HEARTBEAT] events=94975 decisions=248 live_orders=0 tested_orders=0
[HEARTBEAT] events=95000 decisions=248 live_orders=0 tested_orders=0
[HEARTBEAT] events=95025 decisions=248 live_orders=0 tested_orders=0
[DECISION] 2026-04-20T03:09:00+00:00 SOLUSDT mode=futures side=short score=66.38
[SUBMISSION_GATE] SOLUSDT allow=True can_open=True existing=no pending_external=False order_cooldown=False manual_cooldown=False live_allowed=True
[EXEC_PREFLIGHT] SOLUSDT allow=True live_allowed=True managed=futures:129.79 prepared=cash:0.00 reasons=EXECUTIVE_OPERATING_VERDICT_ROLLBACK,LIVE_EVIDENCE_REJUDGE_WAITING,POLICY_BUCKET_OBSERVE_ONLY,SYMBOL_LIFECYCLE_HOLD
[HEARTBEAT] events=95050 decisions=249 live_orders=0 tested_orders=0
[DECISION] 2026-04-20T03:09:00+00:00 ETHUSDT mode=cash side=flat score=63.64
[SUBMISSION_GATE] ETHUSDT allow=False can_open=True existing=no pending_external=False order_cooldown=False manual_cooldown=False live_allowed=True
[EXEC_PREFLIGHT] ETHUSDT allow=False live_allowed=True managed=cash:0.00 prepared=cash:0.00 reasons=DIRECTION_CONFLICT,EDGE_BELOW_COST,LIQUIDITY_TOO_WEAK,SCORE_TOO_LOW
[DECISION] 2026-04-20T03:09:00+00:00 PEPEUSDT mode=futures side=short score=67.62
[SUBMISSION_GATE] PEPEUSDT allow=True can_open=True existing=no pending_external=False order_cooldown=False manual_cooldown=False live_allowed=True
[EXEC_PREFLIGHT] PEPEUSDT allow=True live_allowed=True managed=futures:129.79 prepared=cash:0.00 reasons=EXECUTIVE_OPERATING_VERDICT_ROLLBACK,LIVE_EVIDENCE_REJUDGE_WAITING
[DECISION] 2026-04-20T03:09:00+00:00 DOGEUSDT mode=cash side=flat score=63.66
[SUBMISSION_GATE] DOGEUSDT allow=False can_open=True existing=no pending_external=False order_cooldown=False manual_cooldown=False live_allowed=True
[EXEC_PREFLIGHT] DOGEUSDT allow=False live_allowed=True managed=cash:0.00 prepared=cash:0.00 reasons=DIRECTION_CONFLICT,EDGE_BELOW_COST,LIQUIDITY_TOO_WEAK,SCORE_TOO_LOW,SUPPORT_NOT_CONFIRMED
[HEARTBEAT] events=95075 decisions=252 live_orders=0 tested_orders=0
[HEARTBEAT] events=95100 decisions=252 live_orders=0 tested_orders=0
[HEARTBEAT] events=95125 decisions=252 live_orders=0 tested_orders=0
[HEARTBEAT] events=95150 decisions=252 live_orders=0 tested_orders=0
[HEARTBEAT] events=95175 decisions=252 live_orders=0 tested_orders=0
[HEARTBEAT] events=95200 decisions=252 live_orders=0 tested_orders=0
[HEARTBEAT] events=95225 decisions=252 live_orders=0 tested_orders=0
[HEARTBEAT] events=95250 decisions=252 live_orders=0 tested_orders=0
[DECISION] 2026-04-20T03:08:00+00:00 ETHUSDT mode=cash side=flat score=59.95
[SUBMISSION_GATE] ETHUSDT allow=False can_open=True existing=no pending_external=False order_cooldown=False manual_cooldown=False live_allowed=True
[EXEC_PREFLIGHT] ETHUSDT allow=False live_allowed=True managed=cash:0.00 prepared=cash:0.00 reasons=DIRECTION_CONFLICT,EDGE_BELOW_COST,LIQUIDITY_TOO_WEAK,SCORE_TOO_LOW
[HEARTBEAT] events=95275 decisions=253 live_orders=0 tested_orders=0
[HEARTBEAT] events=95300 decisions=253 live_orders=0 tested_orders=0
[HEARTBEAT] events=95325 decisions=253 live_orders=0 tested_orders=0
[DECISION] 2026-04-20T03:08:00+00:00 PEPEUSDT mode=cash side=flat score=60.97
[SUBMISSION_GATE] PEPEUSDT allow=False can_open=True existing=no pending_external=False order_cooldown=False manual_cooldown=False live_allowed=True
[EXEC_PREFLIGHT] PEPEUSDT allow=False live_allowed=True managed=cash:0.00 prepared=cash:0.00 reasons=DIRECTION_CONFLICT,EDGE_BELOW_COST,LIQUIDITY_TOO_WEAK,SCORE_TOO_LOW,SUPPORT_NOT_CONFIRMED
[HEARTBEAT] events=95350 decisions=254 live_orders=0 tested_orders=0
[HEARTBEAT] events=95375 decisions=254 live_orders=0 tested_orders=0
[HEARTBEAT] events=95400 decisions=254 live_orders=0 tested_orders=0
[HEARTBEAT] events=95425 decisions=254 live_orders=0 tested_orders=0
[HEARTBEAT] events=95450 decisions=254 live_orders=0 tested_orders=0
[HEARTBEAT] events=95475 decisions=254 live_orders=0 tested_orders=0
[HEARTBEAT] events=95500 decisions=254 live_orders=0 tested_orders=0
[HEARTBEAT] events=95525 decisions=254 live_orders=0 tested_orders=0
[HEARTBEAT] events=95550 decisions=254 live_orders=0 tested_orders=0
[HEARTBEAT] events=95575 decisions=254 live_orders=0 tested_orders=0
[HEARTBEAT] events=95600 decisions=254 live_orders=0 tested_orders=0
[HEARTBEAT] events=95625 decisions=254 live_orders=0 tested_orders=0
[HEARTBEAT] events=95650 decisions=254 live_orders=0 tested_orders=0
[HEARTBEAT] events=95675 decisions=254 live_orders=0 tested_orders=0
[HEARTBEAT] events=95700 decisions=254 live_orders=0 tested_orders=0
[HEARTBEAT] events=95725 decisions=254 live_orders=0 tested_orders=0
[HEARTBEAT] events=95750 decisions=254 live_orders=0 tested_orders=0
[HEARTBEAT] events=95775 decisions=254 live_orders=0 tested_orders=0
[HEARTBEAT] events=95800 decisions=254 live_orders=0 tested_orders=0
[HEARTBEAT] events=95825 decisions=254 live_orders=0 tested_orders=0
[HEARTBEAT] events=95850 decisions=254 live_orders=0 tested_orders=0
[HEARTBEAT] events=95875 decisions=254 live_orders=0 tested_orders=0
[HEARTBEAT] events=95900 decisions=254 live_orders=0 tested_orders=0
[HEARTBEAT] events=95925 decisions=254 live_orders=0 tested_orders=0
[HEARTBEAT] events=95950 decisions=254 live_orders=0 tested_orders=0
[HEARTBEAT] events=95975 decisions=254 live_orders=0 tested_orders=0
[HEARTBEAT] events=96000 decisions=254 live_orders=0 tested_orders=0
[HEARTBEAT] events=96025 decisions=254 live_orders=0 tested_orders=0
[HEARTBEAT] events=96050 decisions=254 live_orders=0 tested_orders=0
[HEARTBEAT] events=96075 decisions=254 live_orders=0 tested_orders=0
[HEARTBEAT] events=96100 decisions=254 live_orders=0 tested_orders=0
[HEARTBEAT] events=96125 decisions=254 live_orders=0 tested_orders=0
[HEARTBEAT] events=96150 decisions=254 live_orders=0 tested_orders=0
[HEARTBEAT] events=96175 decisions=254 live_orders=0 tested_orders=0
[DECISION] 2026-04-20T03:08:00+00:00 DOGEUSDT mode=cash side=flat score=63.52
[SUBMISSION_GATE] DOGEUSDT allow=False can_open=True existing=no pending_external=False order_cooldown=False manual_cooldown=False live_allowed=True
[EXEC_PREFLIGHT] DOGEUSDT allow=False live_allowed=True managed=cash:0.00 prepared=cash:0.00 reasons=DIRECTION_CONFLICT,EDGE_BELOW_COST,LIQUIDITY_TOO_WEAK,SCORE_TOO_LOW,SUPPORT_NOT_CONFIRMED
[HEARTBEAT] events=96200 decisions=255 live_orders=0 tested_orders=0
[HEARTBEAT] events=96225 decisions=255 live_orders=0 tested_orders=0
[HEARTBEAT] events=96250 decisions=255 live_orders=0 tested_orders=0
[HEARTBEAT] events=96275 decisions=255 live_orders=0 tested_orders=0
[HEARTBEAT] events=96300 decisions=255 live_orders=0 tested_orders=0
[HEARTBEAT] events=96325 decisions=255 live_orders=0 tested_orders=0
[HEARTBEAT] events=96350 decisions=255 live_orders=0 tested_orders=0
[HEARTBEAT] events=96375 decisions=255 live_orders=0 tested_orders=0
[HEARTBEAT] events=96400 decisions=255 live_orders=0 tested_orders=0
[HEARTBEAT] events=96425 decisions=255 live_orders=0 tested_orders=0
[HEARTBEAT] events=96450 decisions=255 live_orders=0 tested_orders=0
[HEARTBEAT] events=96475 decisions=255 live_orders=0 tested_orders=0
[HEARTBEAT] events=96500 decisions=255 live_orders=0 tested_orders=0
[HEARTBEAT] events=96525 decisions=255 live_orders=0 tested_orders=0
[HEARTBEAT] events=96550 decisions=255 live_orders=0 tested_orders=0
[HEARTBEAT] events=96575 decisions=255 live_orders=0 tested_orders=0
[HEARTBEAT] events=96600 decisions=255 live_orders=0 tested_orders=0
[HEARTBEAT] events=96625 decisions=255 live_orders=0 tested_orders=0
[HEARTBEAT] events=96650 decisions=255 live_orders=0 tested_orders=0
[HEARTBEAT] events=96675 decisions=255 live_orders=0 tested_orders=0
[HEARTBEAT] events=96700 decisions=255 live_orders=0 tested_orders=0
[HEARTBEAT] events=96725 decisions=255 live_orders=0 tested_orders=0
[HEARTBEAT] events=96750 decisions=255 live_orders=0 tested_orders=0
[HEARTBEAT] events=96775 decisions=255 live_orders=0 tested_orders=0
[HEARTBEAT] events=96800 decisions=255 live_orders=0 tested_orders=0
[HEARTBEAT] events=96825 decisions=255 live_orders=0 tested_orders=0
[HEARTBEAT] events=96850 decisions=255 live_orders=0 tested_orders=0
[HEARTBEAT] events=96875 decisions=255 live_orders=0 tested_orders=0
[HEARTBEAT] events=96900 decisions=255 live_orders=0 tested_orders=0
[HEARTBEAT] events=96925 decisions=255 live_orders=0 tested_orders=0
[HEARTBEAT] events=96950 decisions=255 live_orders=0 tested_orders=0
[HEARTBEAT] events=96975 decisions=255 live_orders=0 tested_orders=0
[HEARTBEAT] events=97000 decisions=255 live_orders=0 tested_orders=0
[HEARTBEAT] events=97025 decisions=255 live_orders=0 tested_orders=0
[HEARTBEAT] events=97050 decisions=255 live_orders=0 tested_orders=0
[HEARTBEAT] events=97075 decisions=255 live_orders=0 tested_orders=0
[HEARTBEAT] events=97100 decisions=255 live_orders=0 tested_orders=0
[HEARTBEAT] events=97125 decisions=255 live_orders=0 tested_orders=0
[HEARTBEAT] events=97150 decisions=255 live_orders=0 tested_orders=0
[HEARTBEAT] events=97175 decisions=255 live_orders=0 tested_orders=0
[HEARTBEAT] events=97200 decisions=255 live_orders=0 tested_orders=0
[HEARTBEAT] events=97225 decisions=255 live_orders=0 tested_orders=0
[HEARTBEAT] events=97250 decisions=255 live_orders=0 tested_orders=0
[HEARTBEAT] events=97275 decisions=255 live_orders=0 tested_orders=0
[HEARTBEAT] events=97300 decisions=255 live_orders=0 tested_orders=0
[HEARTBEAT] events=97325 decisions=255 live_orders=0 tested_orders=0
[HEARTBEAT] events=97350 decisions=255 live_orders=0 tested_orders=0
[HEARTBEAT] events=97375 decisions=255 live_orders=0 tested_orders=0
[HEARTBEAT] events=97400 decisions=255 live_orders=0 tested_orders=0
[HEARTBEAT] events=97425 decisions=255 live_orders=0 tested_orders=0
[HEARTBEAT] events=97450 decisions=255 live_orders=0 tested_orders=0
[HEARTBEAT] events=97475 decisions=255 live_orders=0 tested_orders=0
[HEARTBEAT] events=97500 decisions=255 live_orders=0 tested_orders=0
[HEARTBEAT] events=97525 decisions=255 live_orders=0 tested_orders=0
[HEARTBEAT] events=97550 decisions=255 live_orders=0 tested_orders=0
[HEARTBEAT] events=97575 decisions=255 live_orders=0 tested_orders=0
[HEARTBEAT] events=97600 decisions=255 live_orders=0 tested_orders=0
[HEARTBEAT] events=97625 decisions=255 live_orders=0 tested_orders=0
[HEARTBEAT] events=97650 decisions=255 live_orders=0 tested_orders=0
[HEARTBEAT] events=97675 decisions=255 live_orders=0 tested_orders=0
[HEARTBEAT] events=97700 decisions=255 live_orders=0 tested_orders=0
[HEARTBEAT] events=97725 decisions=255 live_orders=0 tested_orders=0
[HEARTBEAT] events=97750 decisions=255 live_orders=0 tested_orders=0
[HEARTBEAT] events=97775 decisions=255 live_orders=0 tested_orders=0
[HEARTBEAT] events=97800 decisions=255 live_orders=0 tested_orders=0
[HEARTBEAT] events=97825 decisions=255 live_orders=0 tested_orders=0
[HEARTBEAT] events=97850 decisions=255 live_orders=0 tested_orders=0
[DECISION] 2026-04-20T03:09:00+00:00 PEPEUSDT mode=cash side=flat score=61.11
[SUBMISSION_GATE] PEPEUSDT allow=False can_open=True existing=no pending_external=False order_cooldown=False manual_cooldown=False live_allowed=True
[EXEC_PREFLIGHT] PEPEUSDT allow=False live_allowed=True managed=cash:0.00 prepared=cash:0.00 reasons=DIRECTION_CONFLICT,EDGE_BELOW_COST,LIQUIDITY_TOO_WEAK,SCORE_TOO_LOW,SUPPORT_NOT_CONFIRMED
[HEARTBEAT] events=97875 decisions=256 live_orders=0 tested_orders=0
[DECISION] 2026-04-20T03:09:00+00:00 DOGEUSDT mode=cash side=flat score=64.70
[SUBMISSION_GATE] DOGEUSDT allow=False can_open=True existing=no pending_external=False order_cooldown=False manual_cooldown=False live_allowed=True
[EXEC_PREFLIGHT] DOGEUSDT allow=False live_allowed=True managed=cash:0.00 prepared=cash:0.00 reasons=DIRECTION_CONFLICT,EDGE_BELOW_COST,LIQUIDITY_TOO_WEAK,SCORE_TOO_LOW,SUPPORT_NOT_CONFIRMED
[DECISION] 2026-04-20T03:09:00+00:00 ETHUSDT mode=cash side=flat score=63.18
[SUBMISSION_GATE] ETHUSDT allow=False can_open=True existing=no pending_external=False order_cooldown=False manual_cooldown=False live_allowed=True
[EXEC_PREFLIGHT] ETHUSDT allow=False live_allowed=True managed=cash:0.00 prepared=cash:0.00 reasons=DIRECTION_CONFLICT,EDGE_BELOW_COST,LIQUIDITY_TOO_WEAK,SCORE_TOO_LOW
[HEARTBEAT] events=97900 decisions=258 live_orders=0 tested_orders=0
[HEARTBEAT] events=97925 decisions=258 live_orders=0 tested_orders=0
[HEARTBEAT] events=97950 decisions=258 live_orders=0 tested_orders=0
[HEARTBEAT] events=97975 decisions=258 live_orders=0 tested_orders=0
[HEARTBEAT] events=98000 decisions=258 live_orders=0 tested_orders=0
[HEARTBEAT] events=98025 decisions=258 live_orders=0 tested_orders=0
[HEARTBEAT] events=98050 decisions=258 live_orders=0 tested_orders=0
[HEARTBEAT] events=98075 decisions=258 live_orders=0 tested_orders=0
[HEARTBEAT] events=98100 decisions=258 live_orders=0 tested_orders=0
[HEARTBEAT] events=98125 decisions=258 live_orders=0 tested_orders=0
[HEARTBEAT] events=98150 decisions=258 live_orders=0 tested_orders=0
[HEARTBEAT] events=98175 decisions=258 live_orders=0 tested_orders=0
[HEARTBEAT] events=98200 decisions=258 live_orders=0 tested_orders=0
[HEARTBEAT] events=98225 decisions=258 live_orders=0 tested_orders=0
[HEARTBEAT] events=98250 decisions=258 live_orders=0 tested_orders=0
[HEARTBEAT] events=98275 decisions=258 live_orders=0 tested_orders=0
[HEARTBEAT] events=98300 decisions=258 live_orders=0 tested_orders=0
[HEARTBEAT] events=98325 decisions=258 live_orders=0 tested_orders=0
[HEARTBEAT] events=98350 decisions=258 live_orders=0 tested_orders=0
[HEARTBEAT] events=98375 decisions=258 live_orders=0 tested_orders=0
[DECISION] 2026-04-20T03:10:00+00:00 PEPEUSDT mode=cash side=flat score=62.16
[SUBMISSION_GATE] PEPEUSDT allow=False can_open=True existing=no pending_external=False order_cooldown=False manual_cooldown=False live_allowed=True
[EXEC_PREFLIGHT] PEPEUSDT allow=False live_allowed=True managed=cash:0.00 prepared=cash:0.00 reasons=DIRECTION_CONFLICT,EDGE_BELOW_COST,LIQUIDITY_TOO_WEAK,SCORE_TOO_LOW,SUPPORT_NOT_CONFIRMED
[DECISION] 2026-04-20T03:10:00+00:00 DOGEUSDT mode=cash side=flat score=65.34
[SUBMISSION_GATE] DOGEUSDT allow=False can_open=True existing=no pending_external=False order_cooldown=False manual_cooldown=False live_allowed=True
[EXEC_PREFLIGHT] DOGEUSDT allow=False live_allowed=True managed=cash:0.00 prepared=cash:0.00 reasons=DIRECTION_CONFLICT,EDGE_BELOW_COST,LIQUIDITY_TOO_WEAK,SCORE_TOO_LOW,SUPPORT_NOT_CONFIRMED
[DECISION] 2026-04-20T03:10:00+00:00 SOLUSDT mode=futures side=short score=65.99
[SUBMISSION_GATE] SOLUSDT allow=True can_open=True existing=no pending_external=False order_cooldown=False manual_cooldown=False live_allowed=True
[EXEC_PREFLIGHT] SOLUSDT allow=True live_allowed=True managed=futures:129.79 prepared=cash:0.00 reasons=EXECUTIVE_OPERATING_VERDICT_ROLLBACK,LIVE_EVIDENCE_REJUDGE_WAITING,POLICY_BUCKET_OBSERVE_ONLY,SYMBOL_LIFECYCLE_HOLD
[DECISION] 2026-04-20T03:10:00+00:00 ETHUSDT mode=cash side=flat score=69.84
[SUBMISSION_GATE] ETHUSDT allow=False can_open=True existing=no pending_external=False order_cooldown=False manual_cooldown=False live_allowed=True
[EXEC_PREFLIGHT] ETHUSDT allow=False live_allowed=True managed=cash:0.00 prepared=cash:0.00 reasons=DIRECTION_CONFLICT,EDGE_BELOW_COST,LIQUIDITY_TOO_WEAK,SCORE_TOO_LOW
[HEARTBEAT] events=98400 decisions=262 live_orders=0 tested_orders=0
[HEARTBEAT] events=98425 decisions=262 live_orders=0 tested_orders=0
[HEARTBEAT] events=98450 decisions=262 live_orders=0 tested_orders=0
[HEARTBEAT] events=98475 decisions=262 live_orders=0 tested_orders=0
[HEARTBEAT] events=98500 decisions=262 live_orders=0 tested_orders=0
[HEARTBEAT] events=98525 decisions=262 live_orders=0 tested_orders=0
[HEARTBEAT] events=98550 decisions=262 live_orders=0 tested_orders=0
[HEARTBEAT] events=98575 decisions=262 live_orders=0 tested_orders=0
[HEARTBEAT] events=98600 decisions=262 live_orders=0 tested_orders=0
[HEARTBEAT] events=98625 decisions=262 live_orders=0 tested_orders=0
[HEARTBEAT] events=98650 decisions=262 live_orders=0 tested_orders=0
[HEARTBEAT] events=98675 decisions=262 live_orders=0 tested_orders=0
[HEARTBEAT] events=98700 decisions=262 live_orders=0 tested_orders=0
[HEARTBEAT] events=98725 decisions=262 live_orders=0 tested_orders=0
[HEARTBEAT] events=98750 decisions=262 live_orders=0 tested_orders=0
[HEARTBEAT] events=98775 decisions=262 live_orders=0 tested_orders=0
[HEARTBEAT] events=98800 decisions=262 live_orders=0 tested_orders=0
[HEARTBEAT] events=98825 decisions=262 live_orders=0 tested_orders=0
[HEARTBEAT] events=98850 decisions=262 live_orders=0 tested_orders=0
[HEARTBEAT] events=98875 decisions=262 live_orders=0 tested_orders=0
[HEARTBEAT] events=98900 decisions=262 live_orders=0 tested_orders=0
[HEARTBEAT] events=98925 decisions=262 live_orders=0 tested_orders=0
[HEARTBEAT] events=98950 decisions=262 live_orders=0 tested_orders=0
[HEARTBEAT] events=98975 decisions=262 live_orders=0 tested_orders=0
[HEARTBEAT] events=99000 decisions=262 live_orders=0 tested_orders=0
[HEARTBEAT] events=99025 decisions=262 live_orders=0 tested_orders=0
[HEARTBEAT] events=99050 decisions=262 live_orders=0 tested_orders=0
[HEARTBEAT] events=99075 decisions=262 live_orders=0 tested_orders=0
[HEARTBEAT] events=99100 decisions=262 live_orders=0 tested_orders=0
[HEARTBEAT] events=99125 decisions=262 live_orders=0 tested_orders=0
[HEARTBEAT] events=99150 decisions=262 live_orders=0 tested_orders=0
[HEARTBEAT] events=99175 decisions=262 live_orders=0 tested_orders=0
[HEARTBEAT] events=99200 decisions=262 live_orders=0 tested_orders=0
[HEARTBEAT] events=99225 decisions=262 live_orders=0 tested_orders=0
[HEARTBEAT] events=99250 decisions=262 live_orders=0 tested_orders=0
[HEARTBEAT] events=99275 decisions=262 live_orders=0 tested_orders=0
[HEARTBEAT] events=99300 decisions=262 live_orders=0 tested_orders=0
[HEARTBEAT] events=99325 decisions=262 live_orders=0 tested_orders=0
[HEARTBEAT] events=99350 decisions=262 live_orders=0 tested_orders=0
[HEARTBEAT] events=99375 decisions=262 live_orders=0 tested_orders=0
[HEARTBEAT] events=99400 decisions=262 live_orders=0 tested_orders=0
[HEARTBEAT] events=99425 decisions=262 live_orders=0 tested_orders=0
[HEARTBEAT] events=99450 decisions=262 live_orders=0 tested_orders=0
[HEARTBEAT] events=99475 decisions=262 live_orders=0 tested_orders=0
[HEARTBEAT] events=99500 decisions=262 live_orders=0 tested_orders=0
[HEARTBEAT] events=99525 decisions=262 live_orders=0 tested_orders=0
[HEARTBEAT] events=99550 decisions=262 live_orders=0 tested_orders=0
[HEARTBEAT] events=99575 decisions=262 live_orders=0 tested_orders=0
[HEARTBEAT] events=99600 decisions=262 live_orders=0 tested_orders=0
[HEARTBEAT] events=99625 decisions=262 live_orders=0 tested_orders=0
[HEARTBEAT] events=99650 decisions=262 live_orders=0 tested_orders=0
[HEARTBEAT] events=99675 decisions=262 live_orders=0 tested_orders=0
[HEARTBEAT] events=99700 decisions=262 live_orders=0 tested_orders=0
[HEARTBEAT] events=99725 decisions=262 live_orders=0 tested_orders=0
[HEARTBEAT] events=99750 decisions=262 live_orders=0 tested_orders=0
[HEARTBEAT] events=99775 decisions=262 live_orders=0 tested_orders=0
[HEARTBEAT] events=99800 decisions=262 live_orders=0 tested_orders=0
[HEARTBEAT] events=99825 decisions=262 live_orders=0 tested_orders=0
[HEARTBEAT] events=99850 decisions=262 live_orders=0 tested_orders=0
[HEARTBEAT] events=99875 decisions=262 live_orders=0 tested_orders=0
[HEARTBEAT] events=99900 decisions=262 live_orders=0 tested_orders=0
[HEARTBEAT] events=99925 decisions=262 live_orders=0 tested_orders=0
[HEARTBEAT] events=99950 decisions=262 live_orders=0 tested_orders=0
[HEARTBEAT] events=99975 decisions=262 live_orders=0 tested_orders=0
[HEARTBEAT] events=100000 decisions=262 live_orders=0 tested_orders=0
[HEARTBEAT] events=100025 decisions=262 live_orders=0 tested_orders=0
[HEARTBEAT] events=100050 decisions=262 live_orders=0 tested_orders=0
[HEARTBEAT] events=100075 decisions=262 live_orders=0 tested_orders=0
[HEARTBEAT] events=100100 decisions=262 live_orders=0 tested_orders=0
[HEARTBEAT] events=100125 decisions=262 live_orders=0 tested_orders=0
[HEARTBEAT] events=100150 decisions=262 live_orders=0 tested_orders=0
[HEARTBEAT] events=100175 decisions=262 live_orders=0 tested_orders=0
[HEARTBEAT] events=100200 decisions=262 live_orders=0 tested_orders=0
[HEARTBEAT] events=100225 decisions=262 live_orders=0 tested_orders=0
[HEARTBEAT] events=100250 decisions=262 live_orders=0 tested_orders=0
[HEARTBEAT] events=100275 decisions=262 live_orders=0 tested_orders=0
[HEARTBEAT] events=100300 decisions=262 live_orders=0 tested_orders=0
[HEARTBEAT] events=100325 decisions=262 live_orders=0 tested_orders=0
[HEARTBEAT] events=100350 decisions=262 live_orders=0 tested_orders=0
[HEARTBEAT] events=100375 decisions=262 live_orders=0 tested_orders=0
[HEARTBEAT] events=100400 decisions=262 live_orders=0 tested_orders=0
[HEARTBEAT] events=100425 decisions=262 live_orders=0 tested_orders=0
[HEARTBEAT] events=100450 decisions=262 live_orders=0 tested_orders=0
[HEARTBEAT] events=100475 decisions=262 live_orders=0 tested_orders=0
[HEARTBEAT] events=100500 decisions=262 live_orders=0 tested_orders=0
[HEARTBEAT] events=100525 decisions=262 live_orders=0 tested_orders=0
[HEARTBEAT] events=100550 decisions=262 live_orders=0 tested_orders=0
[HEARTBEAT] events=100575 decisions=262 live_orders=0 tested_orders=0
[HEARTBEAT] events=100600 decisions=262 live_orders=0 tested_orders=0
[HEARTBEAT] events=100625 decisions=262 live_orders=0 tested_orders=0
[HEARTBEAT] events=100650 decisions=262 live_orders=0 tested_orders=0
[HEARTBEAT] events=100675 decisions=262 live_orders=0 tested_orders=0
[HEARTBEAT] events=100700 decisions=262 live_orders=0 tested_orders=0
[HEARTBEAT] events=100725 decisions=262 live_orders=0 tested_orders=0
[HEARTBEAT] events=100750 decisions=262 live_orders=0 tested_orders=0
[HEARTBEAT] events=100775 decisions=262 live_orders=0 tested_orders=0
[HEARTBEAT] events=100800 decisions=262 live_orders=0 tested_orders=0
[HEARTBEAT] events=100825 decisions=262 live_orders=0 tested_orders=0
[HEARTBEAT] events=100850 decisions=262 live_orders=0 tested_orders=0
[HEARTBEAT] events=100875 decisions=262 live_orders=0 tested_orders=0
[HEARTBEAT] events=100900 decisions=262 live_orders=0 tested_orders=0
[ERROR] websocket attempt=5 error=no close frame received or sent
[RETRY] attempt=6 sleeping=16.00s
[CONNECT] websocket attempt=6
[HEARTBEAT] events=100925 decisions=262 live_orders=0 tested_orders=0
[HEARTBEAT] events=100950 decisions=262 live_orders=0 tested_orders=0
[HEARTBEAT] events=100975 decisions=262 live_orders=0 tested_orders=0
[HEARTBEAT] events=101000 decisions=262 live_orders=0 tested_orders=0
[HEARTBEAT] events=101025 decisions=262 live_orders=0 tested_orders=0
[HEARTBEAT] events=101050 decisions=262 live_orders=0 tested_orders=0
[HEARTBEAT] events=101075 decisions=262 live_orders=0 tested_orders=0
[HEARTBEAT] events=101100 decisions=262 live_orders=0 tested_orders=0
[HEARTBEAT] events=101125 decisions=262 live_orders=0 tested_orders=0
[HEARTBEAT] events=101150 decisions=262 live_orders=0 tested_orders=0
[HEARTBEAT] events=101175 decisions=262 live_orders=0 tested_orders=0
[HEARTBEAT] events=101200 decisions=262 live_orders=0 tested_orders=0
[HEARTBEAT] events=101225 decisions=262 live_orders=0 tested_orders=0
[HEARTBEAT] events=101250 decisions=262 live_orders=0 tested_orders=0
[HEARTBEAT] events=101275 decisions=262 live_orders=0 tested_orders=0
[HEARTBEAT] events=101300 decisions=262 live_orders=0 tested_orders=0
[HEARTBEAT] events=101325 decisions=262 live_orders=0 tested_orders=0
[HEARTBEAT] events=101350 decisions=262 live_orders=0 tested_orders=0
[HEARTBEAT] events=101375 decisions=262 live_orders=0 tested_orders=0
[HEARTBEAT] events=101400 decisions=262 live_orders=0 tested_orders=0
[HEARTBEAT] events=101425 decisions=262 live_orders=0 tested_orders=0
[HEARTBEAT] events=101450 decisions=262 live_orders=0 tested_orders=0
[HEARTBEAT] events=101475 decisions=262 live_orders=0 tested_orders=0
[HEARTBEAT] events=101500 decisions=262 live_orders=0 tested_orders=0
[HEARTBEAT] events=101525 decisions=262 live_orders=0 tested_orders=0
[HEARTBEAT] events=101550 decisions=262 live_orders=0 tested_orders=0
[HEARTBEAT] events=101575 decisions=262 live_orders=0 tested_orders=0
[HEARTBEAT] events=101600 decisions=262 live_orders=0 tested_orders=0
[HEARTBEAT] events=101625 decisions=262 live_orders=0 tested_orders=0
[HEARTBEAT] events=101650 decisions=262 live_orders=0 tested_orders=0
[HEARTBEAT] events=101675 decisions=262 live_orders=0 tested_orders=0
[HEARTBEAT] events=101700 decisions=262 live_orders=0 tested_orders=0
[HEARTBEAT] events=101725 decisions=262 live_orders=0 tested_orders=0
[HEARTBEAT] events=101750 decisions=262 live_orders=0 tested_orders=0
[HEARTBEAT] events=101775 decisions=262 live_orders=0 tested_orders=0
[HEARTBEAT] events=101800 decisions=262 live_orders=0 tested_orders=0
[HEARTBEAT] events=101825 decisions=262 live_orders=0 tested_orders=0
[SYNC] 2026-04-20T03:10:46.648020+00:00 account/open-order snapshot refreshed
[HEARTBEAT] events=101850 decisions=262 live_orders=0 tested_orders=0
[HEARTBEAT] events=101875 decisions=262 live_orders=0 tested_orders=0
[HEARTBEAT] events=101900 decisions=262 live_orders=0 tested_orders=0
[HEARTBEAT] events=101925 decisions=262 live_orders=0 tested_orders=0
[HEARTBEAT] events=101950 decisions=262 live_orders=0 tested_orders=0
[HEARTBEAT] events=101975 decisions=262 live_orders=0 tested_orders=0
[HEARTBEAT] events=102000 decisions=262 live_orders=0 tested_orders=0
[HEARTBEAT] events=102025 decisions=262 live_orders=0 tested_orders=0
[HEARTBEAT] events=102050 decisions=262 live_orders=0 tested_orders=0
[HEARTBEAT] events=102075 decisions=262 live_orders=0 tested_orders=0
[HEARTBEAT] events=102100 decisions=262 live_orders=0 tested_orders=0
[HEARTBEAT] events=102125 decisions=262 live_orders=0 tested_orders=0
[HEARTBEAT] events=102150 decisions=262 live_orders=0 tested_orders=0
[HEARTBEAT] events=102175 decisions=262 live_orders=0 tested_orders=0
[HEARTBEAT] events=102200 decisions=262 live_orders=0 tested_orders=0
[HEARTBEAT] events=102225 decisions=262 live_orders=0 tested_orders=0
[HEARTBEAT] events=102250 decisions=262 live_orders=0 tested_orders=0
[HEARTBEAT] events=102275 decisions=262 live_orders=0 tested_orders=0
[HEARTBEAT] events=102300 decisions=262 live_orders=0 tested_orders=0
[DECISION] 2026-04-20T02:58:00+00:00 PEPEUSDT mode=cash side=flat score=60.20
[SUBMISSION_GATE] PEPEUSDT allow=False can_open=True existing=no pending_external=False order_cooldown=False manual_cooldown=False live_allowed=True
[EXEC_PREFLIGHT] PEPEUSDT allow=False live_allowed=True managed=cash:0.00 prepared=cash:0.00 reasons=DIRECTION_CONFLICT,EDGE_BELOW_COST,EDGE_TOO_THIN,LIQUIDITY_TOO_WEAK,SCORE_TOO_LOW,SENTIMENT_CAUTION,SENTIMENT_TOO_WEAK,SUPPORT_NOT_CONFIRMED
[DECISION] 2026-04-20T02:59:00+00:00 PEPEUSDT mode=cash side=flat score=60.19
[SUBMISSION_GATE] PEPEUSDT allow=False can_open=True existing=no pending_external=False order_cooldown=False manual_cooldown=False live_allowed=True
[EXEC_PREFLIGHT] PEPEUSDT allow=False live_allowed=True managed=cash:0.00 prepared=cash:0.00 reasons=DIRECTION_CONFLICT,EDGE_BELOW_COST,EDGE_TOO_THIN,LIQUIDITY_TOO_WEAK,SCORE_TOO_LOW,SENTIMENT_CAUTION,SENTIMENT_TOO_WEAK,SUPPORT_NOT_CONFIRMED
[DECISION] 2026-04-20T03:00:00+00:00 PEPEUSDT mode=cash side=flat score=60.19
[SUBMISSION_GATE] PEPEUSDT allow=False can_open=True existing=no pending_external=False order_cooldown=False manual_cooldown=False live_allowed=True
[EXEC_PREFLIGHT] PEPEUSDT allow=False live_allowed=True managed=cash:0.00 prepared=cash:0.00 reasons=DIRECTION_CONFLICT,EDGE_BELOW_COST,EDGE_TOO_THIN,LIQUIDITY_TOO_WEAK,SCORE_TOO_LOW,SENTIMENT_CAUTION,SENTIMENT_TOO_WEAK,SUPPORT_NOT_CONFIRMED
[DECISION] 2026-04-20T03:01:00+00:00 PEPEUSDT mode=cash side=flat score=60.19
[SUBMISSION_GATE] PEPEUSDT allow=False can_open=True existing=no pending_external=False order_cooldown=False manual_cooldown=False live_allowed=True
[EXEC_PREFLIGHT] PEPEUSDT allow=False live_allowed=True managed=cash:0.00 prepared=cash:0.00 reasons=DIRECTION_CONFLICT,EDGE_BELOW_COST,EDGE_TOO_THIN,LIQUIDITY_TOO_WEAK,SCORE_TOO_LOW,SENTIMENT_CAUTION,SENTIMENT_TOO_WEAK,SUPPORT_NOT_CONFIRMED
[DECISION] 2026-04-20T03:02:00+00:00 PEPEUSDT mode=cash side=flat score=60.19
[SUBMISSION_GATE] PEPEUSDT allow=False can_open=True existing=no pending_external=False order_cooldown=False manual_cooldown=False live_allowed=True
[EXEC_PREFLIGHT] PEPEUSDT allow=False live_allowed=True managed=cash:0.00 prepared=cash:0.00 reasons=DIRECTION_CONFLICT,EDGE_BELOW_COST,EDGE_TOO_THIN,LIQUIDITY_TOO_WEAK,SCORE_TOO_LOW,SENTIMENT_CAUTION,SENTIMENT_TOO_WEAK,SUPPORT_NOT_CONFIRMED
[DECISION] 2026-04-20T03:03:00+00:00 PEPEUSDT mode=cash side=flat score=60.19
[SUBMISSION_GATE] PEPEUSDT allow=False can_open=True existing=no pending_external=False order_cooldown=False manual_cooldown=False live_allowed=True
[EXEC_PREFLIGHT] PEPEUSDT allow=False live_allowed=True managed=cash:0.00 prepared=cash:0.00 reasons=DIRECTION_CONFLICT,EDGE_BELOW_COST,EDGE_TOO_THIN,LIQUIDITY_TOO_WEAK,SCORE_TOO_LOW,SENTIMENT_CAUTION,SENTIMENT_TOO_WEAK,SUPPORT_NOT_CONFIRMED
[DECISION] 2026-04-20T03:04:00+00:00 PEPEUSDT mode=cash side=flat score=60.20
[SUBMISSION_GATE] PEPEUSDT allow=False can_open=True existing=no pending_external=False order_cooldown=False manual_cooldown=False live_allowed=True
[EXEC_PREFLIGHT] PEPEUSDT allow=False live_allowed=True managed=cash:0.00 prepared=cash:0.00 reasons=DIRECTION_CONFLICT,EDGE_BELOW_COST,EDGE_TOO_THIN,LIQUIDITY_TOO_WEAK,SCORE_TOO_LOW,SENTIMENT_CAUTION,SENTIMENT_TOO_WEAK,SUPPORT_NOT_CONFIRMED
[DECISION] 2026-04-20T03:05:00+00:00 PEPEUSDT mode=cash side=flat score=60.20
[SUBMISSION_GATE] PEPEUSDT allow=False can_open=True existing=no pending_external=False order_cooldown=False manual_cooldown=False live_allowed=True
[EXEC_PREFLIGHT] PEPEUSDT allow=False live_allowed=True managed=cash:0.00 prepared=cash:0.00 reasons=DIRECTION_CONFLICT,EDGE_BELOW_COST,EDGE_TOO_THIN,LIQUIDITY_TOO_WEAK,SCORE_TOO_LOW,SENTIMENT_CAUTION,SENTIMENT_TOO_WEAK,SUPPORT_NOT_CONFIRMED
[DECISION] 2026-04-20T03:06:00+00:00 PEPEUSDT mode=cash side=flat score=42.44
[SUBMISSION_GATE] PEPEUSDT allow=False can_open=True existing=no pending_external=False order_cooldown=False manual_cooldown=False live_allowed=True
[EXEC_PREFLIGHT] PEPEUSDT allow=False live_allowed=True managed=cash:0.00 prepared=cash:0.00 reasons=DIRECTION_CONFLICT,EDGE_BELOW_COST,EDGE_TOO_THIN,LIQUIDITY_TOO_WEAK,SCORE_TOO_LOW,SENTIMENT_CAUTION,SENTIMENT_TOO_WEAK,SUPPORT_NOT_CONFIRMED
[DECISION] 2026-04-20T03:07:00+00:00 PEPEUSDT mode=cash side=flat score=42.44
[SUBMISSION_GATE] PEPEUSDT allow=False can_open=True existing=no pending_external=False order_cooldown=False manual_cooldown=False live_allowed=True
[EXEC_PREFLIGHT] PEPEUSDT allow=False live_allowed=True managed=cash:0.00 prepared=cash:0.00 reasons=DIRECTION_CONFLICT,EDGE_BELOW_COST,EDGE_TOO_THIN,LIQUIDITY_TOO_WEAK,SCORE_TOO_LOW,SENTIMENT_CAUTION,SENTIMENT_TOO_WEAK,SUPPORT_NOT_CONFIRMED
[DECISION] 2026-04-20T03:08:00+00:00 PEPEUSDT mode=cash side=flat score=60.19
[SUBMISSION_GATE] PEPEUSDT allow=False can_open=True existing=no pending_external=False order_cooldown=False manual_cooldown=False live_allowed=True
[EXEC_PREFLIGHT] PEPEUSDT allow=False live_allowed=True managed=cash:0.00 prepared=cash:0.00 reasons=DIRECTION_CONFLICT,EDGE_BELOW_COST,EDGE_TOO_THIN,LIQUIDITY_TOO_WEAK,SCORE_TOO_LOW,SENTIMENT_CAUTION,SENTIMENT_TOO_WEAK,SUPPORT_NOT_CONFIRMED
[DECISION] 2026-04-20T03:09:00+00:00 PEPEUSDT mode=cash side=flat score=60.19
[SUBMISSION_GATE] PEPEUSDT allow=False can_open=True existing=no pending_external=False order_cooldown=False manual_cooldown=False live_allowed=True
[EXEC_PREFLIGHT] PEPEUSDT allow=False live_allowed=True managed=cash:0.00 prepared=cash:0.00 reasons=DIRECTION_CONFLICT,EDGE_BELOW_COST,EDGE_TOO_THIN,LIQUIDITY_TOO_WEAK,SCORE_TOO_LOW,SENTIMENT_CAUTION,SENTIMENT_TOO_WEAK,SUPPORT_NOT_CONFIRMED
[DECISION] 2026-04-20T03:10:00+00:00 PEPEUSDT mode=cash side=flat score=60.18
[SUBMISSION_GATE] PEPEUSDT allow=False can_open=True existing=no pending_external=False order_cooldown=False manual_cooldown=False live_allowed=True
[EXEC_PREFLIGHT] PEPEUSDT allow=False live_allowed=True managed=cash:0.00 prepared=cash:0.00 reasons=DIRECTION_CONFLICT,EDGE_BELOW_COST,EDGE_TOO_THIN,LIQUIDITY_TOO_WEAK,SCORE_TOO_LOW,SENTIMENT_CAUTION,SENTIMENT_TOO_WEAK,SUPPORT_NOT_CONFIRMED
[HEARTBEAT] events=102325 decisions=275 live_orders=0 tested_orders=0
[HEARTBEAT] events=102350 decisions=275 live_orders=0 tested_orders=0
[HEARTBEAT] events=102375 decisions=275 live_orders=0 tested_orders=0
[HEARTBEAT] events=102400 decisions=275 live_orders=0 tested_orders=0
[HEARTBEAT] events=102425 decisions=275 live_orders=0 tested_orders=0
[HEARTBEAT] events=102450 decisions=275 live_orders=0 tested_orders=0
[HEARTBEAT] events=102475 decisions=275 live_orders=0 tested_orders=0
[HEARTBEAT] events=102500 decisions=275 live_orders=0 tested_orders=0
[HEARTBEAT] events=102525 decisions=275 live_orders=0 tested_orders=0
[HEARTBEAT] events=102550 decisions=275 live_orders=0 tested_orders=0
[HEARTBEAT] events=102575 decisions=275 live_orders=0 tested_orders=0
[HEARTBEAT] events=102600 decisions=275 live_orders=0 tested_orders=0
[HEARTBEAT] events=102625 decisions=275 live_orders=0 tested_orders=0
[HEARTBEAT] events=102650 decisions=275 live_orders=0 tested_orders=0
[HEARTBEAT] events=102675 decisions=275 live_orders=0 tested_orders=0
[HEARTBEAT] events=102700 decisions=275 live_orders=0 tested_orders=0
[HEARTBEAT] events=102725 decisions=275 live_orders=0 tested_orders=0
[HEARTBEAT] events=102750 decisions=275 live_orders=0 tested_orders=0
[HEARTBEAT] events=102775 decisions=275 live_orders=0 tested_orders=0
[HEARTBEAT] events=102800 decisions=275 live_orders=0 tested_orders=0
[HEARTBEAT] events=102825 decisions=275 live_orders=0 tested_orders=0
[HEARTBEAT] events=102850 decisions=275 live_orders=0 tested_orders=0
[HEARTBEAT] events=102875 decisions=275 live_orders=0 tested_orders=0
[HEARTBEAT] events=102900 decisions=275 live_orders=0 tested_orders=0
[HEARTBEAT] events=102925 decisions=275 live_orders=0 tested_orders=0
[HEARTBEAT] events=102950 decisions=275 live_orders=0 tested_orders=0
[HEARTBEAT] events=102975 decisions=275 live_orders=0 tested_orders=0
[HEARTBEAT] events=103000 decisions=275 live_orders=0 tested_orders=0
[HEARTBEAT] events=103025 decisions=275 live_orders=0 tested_orders=0
[HEARTBEAT] events=103050 decisions=275 live_orders=0 tested_orders=0
[HEARTBEAT] events=103075 decisions=275 live_orders=0 tested_orders=0
[HEARTBEAT] events=103100 decisions=275 live_orders=0 tested_orders=0
[HEARTBEAT] events=103125 decisions=275 live_orders=0 tested_orders=0
[HEARTBEAT] events=103150 decisions=275 live_orders=0 tested_orders=0
[HEARTBEAT] events=103175 decisions=275 live_orders=0 tested_orders=0
[HEARTBEAT] events=103200 decisions=275 live_orders=0 tested_orders=0
[HEARTBEAT] events=103225 decisions=275 live_orders=0 tested_orders=0
[HEARTBEAT] events=103250 decisions=275 live_orders=0 tested_orders=0
[HEARTBEAT] events=103275 decisions=275 live_orders=0 tested_orders=0
[HEARTBEAT] events=103300 decisions=275 live_orders=0 tested_orders=0
[HEARTBEAT] events=103325 decisions=275 live_orders=0 tested_orders=0
[HEARTBEAT] events=103350 decisions=275 live_orders=0 tested_orders=0
[HEARTBEAT] events=103375 decisions=275 live_orders=0 tested_orders=0
[HEARTBEAT] events=103400 decisions=275 live_orders=0 tested_orders=0
[HEARTBEAT] events=103425 decisions=275 live_orders=0 tested_orders=0
[HEARTBEAT] events=103450 decisions=275 live_orders=0 tested_orders=0
[HEARTBEAT] events=103475 decisions=275 live_orders=0 tested_orders=0
[HEARTBEAT] events=103500 decisions=275 live_orders=0 tested_orders=0
[HEARTBEAT] events=103525 decisions=275 live_orders=0 tested_orders=0
[HEARTBEAT] events=103550 decisions=275 live_orders=0 tested_orders=0
[HEARTBEAT] events=103575 decisions=275 live_orders=0 tested_orders=0
[HEARTBEAT] events=103600 decisions=275 live_orders=0 tested_orders=0
[HEARTBEAT] events=103625 decisions=275 live_orders=0 tested_orders=0
[HEARTBEAT] events=103650 decisions=275 live_orders=0 tested_orders=0
[HEARTBEAT] events=103675 decisions=275 live_orders=0 tested_orders=0
[HEARTBEAT] events=103700 decisions=275 live_orders=0 tested_orders=0
[HEARTBEAT] events=103725 decisions=275 live_orders=0 tested_orders=0
[HEARTBEAT] events=103750 decisions=275 live_orders=0 tested_orders=0
[HEARTBEAT] events=103775 decisions=275 live_orders=0 tested_orders=0
[HEARTBEAT] events=103800 decisions=275 live_orders=0 tested_orders=0
[DECISION] 2026-04-20T02:58:00+00:00 PEPEUSDT mode=cash side=flat score=53.97
[SUBMISSION_GATE] PEPEUSDT allow=False can_open=True existing=no pending_external=False order_cooldown=False manual_cooldown=False live_allowed=True
[EXEC_PREFLIGHT] PEPEUSDT allow=False live_allowed=True managed=cash:0.00 prepared=cash:0.00 reasons=DIRECTION_CONFLICT,EDGE_BELOW_COST,EDGE_TOO_THIN,LIQUIDITY_TOO_WEAK,SCORE_TOO_LOW,SENTIMENT_CAUTION,SENTIMENT_TOO_WEAK,SUPPORT_NOT_CONFIRMED
[DECISION] 2026-04-20T02:59:00+00:00 PEPEUSDT mode=cash side=flat score=59.93
[SUBMISSION_GATE] PEPEUSDT allow=False can_open=True existing=no pending_external=False order_cooldown=False manual_cooldown=False live_allowed=True
[EXEC_PREFLIGHT] PEPEUSDT allow=False live_allowed=True managed=cash:0.00 prepared=cash:0.00 reasons=DIRECTION_CONFLICT,EDGE_BELOW_COST,EDGE_TOO_THIN,LIQUIDITY_TOO_WEAK,SCORE_TOO_LOW,SENTIMENT_CAUTION,SENTIMENT_TOO_WEAK,SUPPORT_NOT_CONFIRMED
[DECISION] 2026-04-20T03:00:00+00:00 PEPEUSDT mode=cash side=flat score=59.93
[SUBMISSION_GATE] PEPEUSDT allow=False can_open=True existing=no pending_external=False order_cooldown=False manual_cooldown=False live_allowed=True
[EXEC_PREFLIGHT] PEPEUSDT allow=False live_allowed=True managed=cash:0.00 prepared=cash:0.00 reasons=DIRECTION_CONFLICT,EDGE_BELOW_COST,EDGE_TOO_THIN,LIQUIDITY_TOO_WEAK,SCORE_TOO_LOW,SENTIMENT_CAUTION,SENTIMENT_TOO_WEAK,SUPPORT_NOT_CONFIRMED
[DECISION] 2026-04-20T03:01:00+00:00 PEPEUSDT mode=cash side=flat score=59.93
[SUBMISSION_GATE] PEPEUSDT allow=False can_open=True existing=no pending_external=False order_cooldown=False manual_cooldown=False live_allowed=True
[EXEC_PREFLIGHT] PEPEUSDT allow=False live_allowed=True managed=cash:0.00 prepared=cash:0.00 reasons=DIRECTION_CONFLICT,EDGE_BELOW_COST,EDGE_TOO_THIN,LIQUIDITY_TOO_WEAK,SCORE_TOO_LOW,SENTIMENT_CAUTION,SENTIMENT_TOO_WEAK,SUPPORT_NOT_CONFIRMED
[DECISION] 2026-04-20T03:02:00+00:00 PEPEUSDT mode=cash side=flat score=59.92
[SUBMISSION_GATE] PEPEUSDT allow=False can_open=True existing=no pending_external=False order_cooldown=False manual_cooldown=False live_allowed=True
[EXEC_PREFLIGHT] PEPEUSDT allow=False live_allowed=True managed=cash:0.00 prepared=cash:0.00 reasons=DIRECTION_CONFLICT,EDGE_BELOW_COST,EDGE_TOO_THIN,LIQUIDITY_TOO_WEAK,SCORE_TOO_LOW,SENTIMENT_CAUTION,SENTIMENT_TOO_WEAK,SUPPORT_NOT_CONFIRMED
[DECISION] 2026-04-20T03:03:00+00:00 PEPEUSDT mode=cash side=flat score=59.93
[SUBMISSION_GATE] PEPEUSDT allow=False can_open=True existing=no pending_external=False order_cooldown=False manual_cooldown=False live_allowed=True
[EXEC_PREFLIGHT] PEPEUSDT allow=False live_allowed=True managed=cash:0.00 prepared=cash:0.00 reasons=DIRECTION_CONFLICT,EDGE_BELOW_COST,EDGE_TOO_THIN,LIQUIDITY_TOO_WEAK,SCORE_TOO_LOW,SENTIMENT_CAUTION,SENTIMENT_TOO_WEAK,SUPPORT_NOT_CONFIRMED
[DECISION] 2026-04-20T03:04:00+00:00 PEPEUSDT mode=cash side=flat score=59.93
[SUBMISSION_GATE] PEPEUSDT allow=False can_open=True existing=no pending_external=False order_cooldown=False manual_cooldown=False live_allowed=True
[EXEC_PREFLIGHT] PEPEUSDT allow=False live_allowed=True managed=cash:0.00 prepared=cash:0.00 reasons=DIRECTION_CONFLICT,EDGE_BELOW_COST,EDGE_TOO_THIN,LIQUIDITY_TOO_WEAK,SCORE_TOO_LOW,SENTIMENT_CAUTION,SENTIMENT_TOO_WEAK,SUPPORT_NOT_CONFIRMED
[DECISION] 2026-04-20T03:05:00+00:00 PEPEUSDT mode=cash side=flat score=59.93
[SUBMISSION_GATE] PEPEUSDT allow=False can_open=True existing=no pending_external=False order_cooldown=False manual_cooldown=False live_allowed=True
[EXEC_PREFLIGHT] PEPEUSDT allow=False live_allowed=True managed=cash:0.00 prepared=cash:0.00 reasons=DIRECTION_CONFLICT,EDGE_BELOW_COST,EDGE_TOO_THIN,LIQUIDITY_TOO_WEAK,SCORE_TOO_LOW,SENTIMENT_CAUTION,SENTIMENT_TOO_WEAK,SUPPORT_NOT_CONFIRMED
[DECISION] 2026-04-20T03:06:00+00:00 PEPEUSDT mode=cash side=flat score=42.18
[SUBMISSION_GATE] PEPEUSDT allow=False can_open=True existing=no pending_external=False order_cooldown=False manual_cooldown=False live_allowed=True
[EXEC_PREFLIGHT] PEPEUSDT allow=False live_allowed=True managed=cash:0.00 prepared=cash:0.00 reasons=DIRECTION_CONFLICT,EDGE_BELOW_COST,EDGE_TOO_THIN,LIQUIDITY_TOO_WEAK,SCORE_TOO_LOW,SENTIMENT_CAUTION,SENTIMENT_TOO_WEAK,SUPPORT_NOT_CONFIRMED
[DECISION] 2026-04-20T03:07:00+00:00 PEPEUSDT mode=cash side=flat score=42.18
[SUBMISSION_GATE] PEPEUSDT allow=False can_open=True existing=no pending_external=False order_cooldown=False manual_cooldown=False live_allowed=True
[EXEC_PREFLIGHT] PEPEUSDT allow=False live_allowed=True managed=cash:0.00 prepared=cash:0.00 reasons=DIRECTION_CONFLICT,EDGE_BELOW_COST,EDGE_TOO_THIN,LIQUIDITY_TOO_WEAK,SCORE_TOO_LOW,SENTIMENT_CAUTION,SENTIMENT_TOO_WEAK,SUPPORT_NOT_CONFIRMED
[DECISION] 2026-04-20T03:08:00+00:00 PEPEUSDT mode=cash side=flat score=59.92
[SUBMISSION_GATE] PEPEUSDT allow=False can_open=True existing=no pending_external=False order_cooldown=False manual_cooldown=False live_allowed=True
[EXEC_PREFLIGHT] PEPEUSDT allow=False live_allowed=True managed=cash:0.00 prepared=cash:0.00 reasons=DIRECTION_CONFLICT,EDGE_BELOW_COST,EDGE_TOO_THIN,LIQUIDITY_TOO_WEAK,SCORE_TOO_LOW,SENTIMENT_CAUTION,SENTIMENT_TOO_WEAK,SUPPORT_NOT_CONFIRMED
[DECISION] 2026-04-20T03:09:00+00:00 PEPEUSDT mode=cash side=flat score=59.92
[SUBMISSION_GATE] PEPEUSDT allow=False can_open=True existing=no pending_external=False order_cooldown=False manual_cooldown=False live_allowed=True
[EXEC_PREFLIGHT] PEPEUSDT allow=False live_allowed=True managed=cash:0.00 prepared=cash:0.00 reasons=DIRECTION_CONFLICT,EDGE_BELOW_COST,EDGE_TOO_THIN,LIQUIDITY_TOO_WEAK,SCORE_TOO_LOW,SENTIMENT_CAUTION,SENTIMENT_TOO_WEAK,SUPPORT_NOT_CONFIRMED
[DECISION] 2026-04-20T03:10:00+00:00 PEPEUSDT mode=cash side=flat score=59.91
[SUBMISSION_GATE] PEPEUSDT allow=False can_open=True existing=no pending_external=False order_cooldown=False manual_cooldown=False live_allowed=True
[EXEC_PREFLIGHT] PEPEUSDT allow=False live_allowed=True managed=cash:0.00 prepared=cash:0.00 reasons=DIRECTION_CONFLICT,EDGE_BELOW_COST,EDGE_TOO_THIN,LIQUIDITY_TOO_WEAK,SCORE_TOO_LOW,SENTIMENT_CAUTION,SENTIMENT_TOO_WEAK,SUPPORT_NOT_CONFIRMED
[DECISION] 2026-04-20T03:11:00+00:00 PEPEUSDT mode=cash side=flat score=59.92
[SUBMISSION_GATE] PEPEUSDT allow=False can_open=True existing=no pending_external=False order_cooldown=False manual_cooldown=False live_allowed=True
[EXEC_PREFLIGHT] PEPEUSDT allow=False live_allowed=True managed=cash:0.00 prepared=cash:0.00 reasons=DIRECTION_CONFLICT,EDGE_BELOW_COST,EDGE_TOO_THIN,LIQUIDITY_TOO_WEAK,SCORE_TOO_LOW,SENTIMENT_CAUTION,SENTIMENT_TOO_WEAK,SUPPORT_NOT_CONFIRMED
[HEARTBEAT] events=103825 decisions=289 live_orders=0 tested_orders=0
[HEARTBEAT] events=103850 decisions=289 live_orders=0 tested_orders=0
[HEARTBEAT] events=103875 decisions=289 live_orders=0 tested_orders=0
[HEARTBEAT] events=103900 decisions=289 live_orders=0 tested_orders=0
[HEARTBEAT] events=103925 decisions=289 live_orders=0 tested_orders=0
[HEARTBEAT] events=103950 decisions=289 live_orders=0 tested_orders=0
[HEARTBEAT] events=103975 decisions=289 live_orders=0 tested_orders=0
[HEARTBEAT] events=104000 decisions=289 live_orders=0 tested_orders=0
[HEARTBEAT] events=104025 decisions=289 live_orders=0 tested_orders=0
[HEARTBEAT] events=104050 decisions=289 live_orders=0 tested_orders=0
[HEARTBEAT] events=104075 decisions=289 live_orders=0 tested_orders=0
[HEARTBEAT] events=104100 decisions=289 live_orders=0 tested_orders=0
[HEARTBEAT] events=104125 decisions=289 live_orders=0 tested_orders=0
[HEARTBEAT] events=104150 decisions=289 live_orders=0 tested_orders=0
[HEARTBEAT] events=104175 decisions=289 live_orders=0 tested_orders=0
[HEARTBEAT] events=104200 decisions=289 live_orders=0 tested_orders=0
[HEARTBEAT] events=104225 decisions=289 live_orders=0 tested_orders=0
[HEARTBEAT] events=104250 decisions=289 live_orders=0 tested_orders=0
[HEARTBEAT] events=104275 decisions=289 live_orders=0 tested_orders=0
[HEARTBEAT] events=104300 decisions=289 live_orders=0 tested_orders=0
[HEARTBEAT] events=104325 decisions=289 live_orders=0 tested_orders=0
[HEARTBEAT] events=104350 decisions=289 live_orders=0 tested_orders=0
[HEARTBEAT] events=104375 decisions=289 live_orders=0 tested_orders=0
[HEARTBEAT] events=104400 decisions=289 live_orders=0 tested_orders=0
[HEARTBEAT] events=104425 decisions=289 live_orders=0 tested_orders=0
[HEARTBEAT] events=104450 decisions=289 live_orders=0 tested_orders=0
[HEARTBEAT] events=104475 decisions=289 live_orders=0 tested_orders=0
[HEARTBEAT] events=104500 decisions=289 live_orders=0 tested_orders=0
[HEARTBEAT] events=104525 decisions=289 live_orders=0 tested_orders=0
[HEARTBEAT] events=104550 decisions=289 live_orders=0 tested_orders=0
[HEARTBEAT] events=104575 decisions=289 live_orders=0 tested_orders=0
[HEARTBEAT] events=104600 decisions=289 live_orders=0 tested_orders=0
[HEARTBEAT] events=104625 decisions=289 live_orders=0 tested_orders=0
[HEARTBEAT] events=104650 decisions=289 live_orders=0 tested_orders=0
[HEARTBEAT] events=104675 decisions=289 live_orders=0 tested_orders=0
[HEARTBEAT] events=104700 decisions=289 live_orders=0 tested_orders=0
[HEARTBEAT] events=104725 decisions=289 live_orders=0 tested_orders=0
[HEARTBEAT] events=104750 decisions=289 live_orders=0 tested_orders=0
[HEARTBEAT] events=104775 decisions=289 live_orders=0 tested_orders=0
[HEARTBEAT] events=104800 decisions=289 live_orders=0 tested_orders=0
[HEARTBEAT] events=104825 decisions=289 live_orders=0 tested_orders=0
[HEARTBEAT] events=104850 decisions=289 live_orders=0 tested_orders=0
[HEARTBEAT] events=104875 decisions=289 live_orders=0 tested_orders=0
[HEARTBEAT] events=104900 decisions=289 live_orders=0 tested_orders=0
[HEARTBEAT] events=104925 decisions=289 live_orders=0 tested_orders=0
[HEARTBEAT] events=104950 decisions=289 live_orders=0 tested_orders=0
[HEARTBEAT] events=104975 decisions=289 live_orders=0 tested_orders=0
[HEARTBEAT] events=105000 decisions=289 live_orders=0 tested_orders=0
[HEARTBEAT] events=105025 decisions=289 live_orders=0 tested_orders=0
[HEARTBEAT] events=105050 decisions=289 live_orders=0 tested_orders=0
[HEARTBEAT] events=105075 decisions=289 live_orders=0 tested_orders=0
[HEARTBEAT] events=105100 decisions=289 live_orders=0 tested_orders=0
[HEARTBEAT] events=105125 decisions=289 live_orders=0 tested_orders=0
[HEARTBEAT] events=105150 decisions=289 live_orders=0 tested_orders=0
[HEARTBEAT] events=105175 decisions=289 live_orders=0 tested_orders=0
[HEARTBEAT] events=105200 decisions=289 live_orders=0 tested_orders=0
[HEARTBEAT] events=105225 decisions=289 live_orders=0 tested_orders=0
[HEARTBEAT] events=105250 decisions=289 live_orders=0 tested_orders=0
[HEARTBEAT] events=105275 decisions=289 live_orders=0 tested_orders=0
[HEARTBEAT] events=105300 decisions=289 live_orders=0 tested_orders=0
[DECISION] 2026-04-20T02:58:00+00:00 DOGEUSDT mode=futures side=long score=61.54
[SUBMISSION_GATE] DOGEUSDT allow=True can_open=True existing=no pending_external=False order_cooldown=False manual_cooldown=False live_allowed=True
[EXEC_PREFLIGHT] DOGEUSDT allow=True live_allowed=True managed=futures:129.79 prepared=cash:0.00 reasons=EXECUTIVE_OPERATING_VERDICT_ROLLBACK,LIVE_EVIDENCE_REJUDGE_WAITING,POLICY_BUCKET_OBSERVE_ONLY,SYMBOL_LIFECYCLE_HOLD
[DECISION] 2026-04-20T02:59:00+00:00 DOGEUSDT mode=futures side=long score=53.62
[SUBMISSION_GATE] DOGEUSDT allow=True can_open=True existing=no pending_external=False order_cooldown=False manual_cooldown=False live_allowed=True
[EXEC_PREFLIGHT] DOGEUSDT allow=True live_allowed=True managed=futures:129.79 prepared=cash:0.00 reasons=EXECUTIVE_OPERATING_VERDICT_ROLLBACK,LIVE_EVIDENCE_REJUDGE_WAITING,POLICY_BUCKET_OBSERVE_ONLY,SYMBOL_LIFECYCLE_HOLD
[DECISION] 2026-04-20T03:00:00+00:00 DOGEUSDT mode=cash side=flat score=48.59
[SUBMISSION_GATE] DOGEUSDT allow=False can_open=True existing=no pending_external=False order_cooldown=False manual_cooldown=False live_allowed=True
[EXEC_PREFLIGHT] DOGEUSDT allow=False live_allowed=True managed=cash:0.00 prepared=cash:0.00 reasons=DIRECTION_CONFLICT,EDGE_BELOW_COST,EDGE_TOO_THIN,LIQUIDITY_TOO_WEAK,SCORE_TOO_LOW,SENTIMENT_CAUTION,SUPPORT_NOT_CONFIRMED
[DECISION] 2026-04-20T03:01:00+00:00 DOGEUSDT mode=futures side=short score=66.34
[SUBMISSION_GATE] DOGEUSDT allow=True can_open=True existing=no pending_external=False order_cooldown=False manual_cooldown=False live_allowed=True
[EXEC_PREFLIGHT] DOGEUSDT allow=True live_allowed=True managed=futures:129.79 prepared=cash:0.00 reasons=EXECUTIVE_OPERATING_VERDICT_ROLLBACK,LIVE_EVIDENCE_REJUDGE_WAITING,POLICY_BUCKET_OBSERVE_ONLY,SYMBOL_LIFECYCLE_HOLD
[DECISION] 2026-04-20T03:02:00+00:00 DOGEUSDT mode=futures side=short score=66.34
[SUBMISSION_GATE] DOGEUSDT allow=True can_open=True existing=no pending_external=False order_cooldown=False manual_cooldown=False live_allowed=True
[EXEC_PREFLIGHT] DOGEUSDT allow=True live_allowed=True managed=futures:129.79 prepared=cash:0.00 reasons=EXECUTIVE_OPERATING_VERDICT_ROLLBACK,LIVE_EVIDENCE_REJUDGE_WAITING,POLICY_BUCKET_OBSERVE_ONLY,SYMBOL_LIFECYCLE_HOLD
[DECISION] 2026-04-20T03:03:00+00:00 DOGEUSDT mode=futures side=short score=66.34
[SUBMISSION_GATE] DOGEUSDT allow=True can_open=True existing=no pending_external=False order_cooldown=False manual_cooldown=False live_allowed=True
[EXEC_PREFLIGHT] DOGEUSDT allow=True live_allowed=True managed=futures:129.79 prepared=cash:0.00 reasons=EXECUTIVE_OPERATING_VERDICT_ROLLBACK,LIVE_EVIDENCE_REJUDGE_WAITING,POLICY_BUCKET_OBSERVE_ONLY,SYMBOL_LIFECYCLE_HOLD
[DECISION] 2026-04-20T03:04:00+00:00 DOGEUSDT mode=cash side=flat score=48.59
[SUBMISSION_GATE] DOGEUSDT allow=False can_open=True existing=no pending_external=False order_cooldown=False manual_cooldown=False live_allowed=True
[EXEC_PREFLIGHT] DOGEUSDT allow=False live_allowed=True managed=cash:0.00 prepared=cash:0.00 reasons=DIRECTION_CONFLICT,EDGE_BELOW_COST,EDGE_TOO_THIN,LIQUIDITY_TOO_WEAK,SCORE_TOO_LOW,SENTIMENT_CAUTION,SUPPORT_NOT_CONFIRMED
[DECISION] 2026-04-20T03:05:00+00:00 DOGEUSDT mode=cash side=flat score=48.59
[SUBMISSION_GATE] DOGEUSDT allow=False can_open=True existing=no pending_external=False order_cooldown=False manual_cooldown=False live_allowed=True
[EXEC_PREFLIGHT] DOGEUSDT allow=False live_allowed=True managed=cash:0.00 prepared=cash:0.00 reasons=DIRECTION_CONFLICT,EDGE_BELOW_COST,EDGE_TOO_THIN,LIQUIDITY_TOO_WEAK,SCORE_TOO_LOW,SENTIMENT_CAUTION,SUPPORT_NOT_CONFIRMED
[DECISION] 2026-04-20T03:06:00+00:00 DOGEUSDT mode=cash side=flat score=48.59
[SUBMISSION_GATE] DOGEUSDT allow=False can_open=True existing=no pending_external=False order_cooldown=False manual_cooldown=False live_allowed=True
[EXEC_PREFLIGHT] DOGEUSDT allow=False live_allowed=True managed=cash:0.00 prepared=cash:0.00 reasons=DIRECTION_CONFLICT,EDGE_BELOW_COST,EDGE_TOO_THIN,LIQUIDITY_TOO_WEAK,SCORE_TOO_LOW,SENTIMENT_CAUTION,SUPPORT_NOT_CONFIRMED
[DECISION] 2026-04-20T03:07:00+00:00 DOGEUSDT mode=cash side=flat score=48.59
[SUBMISSION_GATE] DOGEUSDT allow=False can_open=True existing=no pending_external=False order_cooldown=False manual_cooldown=False live_allowed=True
[EXEC_PREFLIGHT] DOGEUSDT allow=False live_allowed=True managed=cash:0.00 prepared=cash:0.00 reasons=DIRECTION_CONFLICT,EDGE_BELOW_COST,EDGE_TOO_THIN,LIQUIDITY_TOO_WEAK,SCORE_TOO_LOW,SENTIMENT_CAUTION,SUPPORT_NOT_CONFIRMED
[DECISION] 2026-04-20T03:08:00+00:00 DOGEUSDT mode=futures side=short score=66.34
[SUBMISSION_GATE] DOGEUSDT allow=True can_open=True existing=no pending_external=False order_cooldown=False manual_cooldown=False live_allowed=True
[EXEC_PREFLIGHT] DOGEUSDT allow=True live_allowed=True managed=futures:129.79 prepared=cash:0.00 reasons=EXECUTIVE_OPERATING_VERDICT_ROLLBACK,LIVE_EVIDENCE_REJUDGE_WAITING,POLICY_BUCKET_OBSERVE_ONLY,SYMBOL_LIFECYCLE_HOLD
[DECISION] 2026-04-20T03:09:00+00:00 DOGEUSDT mode=futures side=short score=66.34
[SUBMISSION_GATE] DOGEUSDT allow=True can_open=True existing=no pending_external=False order_cooldown=False manual_cooldown=False live_allowed=True
[EXEC_PREFLIGHT] DOGEUSDT allow=True live_allowed=True managed=futures:129.79 prepared=cash:0.00 reasons=EXECUTIVE_OPERATING_VERDICT_ROLLBACK,LIVE_EVIDENCE_REJUDGE_WAITING,POLICY_BUCKET_OBSERVE_ONLY,SYMBOL_LIFECYCLE_HOLD
[DECISION] 2026-04-20T03:10:00+00:00 DOGEUSDT mode=futures side=short score=66.34
[SUBMISSION_GATE] DOGEUSDT allow=True can_open=True existing=no pending_external=False order_cooldown=False manual_cooldown=False live_allowed=True
[EXEC_PREFLIGHT] DOGEUSDT allow=True live_allowed=True managed=futures:129.79 prepared=cash:0.00 reasons=EXECUTIVE_OPERATING_VERDICT_ROLLBACK,LIVE_EVIDENCE_REJUDGE_WAITING,POLICY_BUCKET_OBSERVE_ONLY,SYMBOL_LIFECYCLE_HOLD
[DECISION] 2026-04-20T03:11:00+00:00 DOGEUSDT mode=futures side=short score=66.34
[SUBMISSION_GATE] DOGEUSDT allow=True can_open=True existing=no pending_external=False order_cooldown=False manual_cooldown=False live_allowed=True
[EXEC_PREFLIGHT] DOGEUSDT allow=True live_allowed=True managed=futures:129.79 prepared=cash:0.00 reasons=EXECUTIVE_OPERATING_VERDICT_ROLLBACK,LIVE_EVIDENCE_REJUDGE_WAITING,POLICY_BUCKET_OBSERVE_ONLY,SYMBOL_LIFECYCLE_HOLD
[HEARTBEAT] events=105325 decisions=303 live_orders=0 tested_orders=0
[HEARTBEAT] events=105350 decisions=303 live_orders=0 tested_orders=0
[HEARTBEAT] events=105375 decisions=303 live_orders=0 tested_orders=0
[HEARTBEAT] events=105400 decisions=303 live_orders=0 tested_orders=0
[HEARTBEAT] events=105425 decisions=303 live_orders=0 tested_orders=0
[HEARTBEAT] events=105450 decisions=303 live_orders=0 tested_orders=0
[HEARTBEAT] events=105475 decisions=303 live_orders=0 tested_orders=0
[HEARTBEAT] events=105500 decisions=303 live_orders=0 tested_orders=0
[SYNC] 2026-04-20T03:11:46.653939+00:00 account/open-order snapshot refreshed
[HEARTBEAT] events=105525 decisions=303 live_orders=0 tested_orders=0
[HEARTBEAT] events=105550 decisions=303 live_orders=0 tested_orders=0
[HEARTBEAT] events=105575 decisions=303 live_orders=0 tested_orders=0
[HEARTBEAT] events=105600 decisions=303 live_orders=0 tested_orders=0
[HEARTBEAT] events=105625 decisions=303 live_orders=0 tested_orders=0
[HEARTBEAT] events=105650 decisions=303 live_orders=0 tested_orders=0
[HEARTBEAT] events=105675 decisions=303 live_orders=0 tested_orders=0
[HEARTBEAT] events=105700 decisions=303 live_orders=0 tested_orders=0
[HEARTBEAT] events=105725 decisions=303 live_orders=0 tested_orders=0
[HEARTBEAT] events=105750 decisions=303 live_orders=0 tested_orders=0
[HEARTBEAT] events=105775 decisions=303 live_orders=0 tested_orders=0
[DECISION] 2026-04-20T03:12:00+00:00 PEPEUSDT mode=cash side=flat score=59.93
[SUBMISSION_GATE] PEPEUSDT allow=False can_open=True existing=no pending_external=False order_cooldown=False manual_cooldown=False live_allowed=True
[EXEC_PREFLIGHT] PEPEUSDT allow=False live_allowed=True managed=cash:0.00 prepared=cash:0.00 reasons=DIRECTION_CONFLICT,EDGE_BELOW_COST,EDGE_TOO_THIN,LIQUIDITY_TOO_WEAK,SCORE_TOO_LOW,SENTIMENT_CAUTION,SENTIMENT_TOO_WEAK,SUPPORT_NOT_CONFIRMED
[HEARTBEAT] events=105800 decisions=304 live_orders=0 tested_orders=0
[DECISION] 2026-04-20T02:58:00+00:00 DOGEUSDT mode=futures side=long score=61.54
[SUBMISSION_GATE] DOGEUSDT allow=True can_open=True existing=no pending_external=False order_cooldown=False manual_cooldown=False live_allowed=True
[EXEC_PREFLIGHT] DOGEUSDT allow=True live_allowed=True managed=futures:129.79 prepared=cash:0.00 reasons=EXECUTIVE_OPERATING_VERDICT_ROLLBACK,LIVE_EVIDENCE_REJUDGE_WAITING,POLICY_BUCKET_OBSERVE_ONLY,SYMBOL_LIFECYCLE_HOLD
[DECISION] 2026-04-20T02:59:00+00:00 DOGEUSDT mode=cash side=flat score=48.59
[SUBMISSION_GATE] DOGEUSDT allow=False can_open=True existing=no pending_external=False order_cooldown=False manual_cooldown=False live_allowed=True
[EXEC_PREFLIGHT] DOGEUSDT allow=False live_allowed=True managed=cash:0.00 prepared=cash:0.00 reasons=DIRECTION_CONFLICT,EDGE_BELOW_COST,EDGE_TOO_THIN,LIQUIDITY_TOO_WEAK,SCORE_TOO_LOW,SENTIMENT_CAUTION,SUPPORT_NOT_CONFIRMED
[DECISION] 2026-04-20T03:00:00+00:00 DOGEUSDT mode=cash side=flat score=48.59
[SUBMISSION_GATE] DOGEUSDT allow=False can_open=True existing=no pending_external=False order_cooldown=False manual_cooldown=False live_allowed=True
[EXEC_PREFLIGHT] DOGEUSDT allow=False live_allowed=True managed=cash:0.00 prepared=cash:0.00 reasons=DIRECTION_CONFLICT,EDGE_BELOW_COST,EDGE_TOO_THIN,LIQUIDITY_TOO_WEAK,SCORE_TOO_LOW,SENTIMENT_CAUTION,SUPPORT_NOT_CONFIRMED
[DECISION] 2026-04-20T03:01:00+00:00 DOGEUSDT mode=futures side=short score=66.34
[SUBMISSION_GATE] DOGEUSDT allow=True can_open=True existing=no pending_external=False order_cooldown=False manual_cooldown=False live_allowed=True
[EXEC_PREFLIGHT] DOGEUSDT allow=True live_allowed=True managed=futures:129.79 prepared=cash:0.00 reasons=EXECUTIVE_OPERATING_VERDICT_ROLLBACK,LIVE_EVIDENCE_REJUDGE_WAITING,POLICY_BUCKET_OBSERVE_ONLY,SYMBOL_LIFECYCLE_HOLD
[DECISION] 2026-04-20T03:02:00+00:00 DOGEUSDT mode=futures side=short score=66.34
[SUBMISSION_GATE] DOGEUSDT allow=True can_open=True existing=no pending_external=False order_cooldown=False manual_cooldown=False live_allowed=True
[EXEC_PREFLIGHT] DOGEUSDT allow=True live_allowed=True managed=futures:129.79 prepared=cash:0.00 reasons=EXECUTIVE_OPERATING_VERDICT_ROLLBACK,LIVE_EVIDENCE_REJUDGE_WAITING,POLICY_BUCKET_OBSERVE_ONLY,SYMBOL_LIFECYCLE_HOLD
[DECISION] 2026-04-20T03:03:00+00:00 DOGEUSDT mode=futures side=short score=66.34
[SUBMISSION_GATE] DOGEUSDT allow=True can_open=True existing=no pending_external=False order_cooldown=False manual_cooldown=False live_allowed=True
[EXEC_PREFLIGHT] DOGEUSDT allow=True live_allowed=True managed=futures:129.79 prepared=cash:0.00 reasons=EXECUTIVE_OPERATING_VERDICT_ROLLBACK,LIVE_EVIDENCE_REJUDGE_WAITING,POLICY_BUCKET_OBSERVE_ONLY,SYMBOL_LIFECYCLE_HOLD
[DECISION] 2026-04-20T03:04:00+00:00 DOGEUSDT mode=futures side=long score=61.54
[SUBMISSION_GATE] DOGEUSDT allow=True can_open=True existing=no pending_external=False order_cooldown=False manual_cooldown=False live_allowed=True
[EXEC_PREFLIGHT] DOGEUSDT allow=True live_allowed=True managed=futures:129.79 prepared=cash:0.00 reasons=EXECUTIVE_OPERATING_VERDICT_ROLLBACK,LIVE_EVIDENCE_REJUDGE_WAITING,POLICY_BUCKET_OBSERVE_ONLY,SYMBOL_LIFECYCLE_HOLD
[DECISION] 2026-04-20T03:05:00+00:00 DOGEUSDT mode=cash side=flat score=48.59
[SUBMISSION_GATE] DOGEUSDT allow=False can_open=True existing=no pending_external=False order_cooldown=False manual_cooldown=False live_allowed=True
[EXEC_PREFLIGHT] DOGEUSDT allow=False live_allowed=True managed=cash:0.00 prepared=cash:0.00 reasons=DIRECTION_CONFLICT,EDGE_BELOW_COST,EDGE_TOO_THIN,LIQUIDITY_TOO_WEAK,SCORE_TOO_LOW,SENTIMENT_CAUTION,SUPPORT_NOT_CONFIRMED
[DECISION] 2026-04-20T03:06:00+00:00 DOGEUSDT mode=cash side=flat score=48.59
[SUBMISSION_GATE] DOGEUSDT allow=False can_open=True existing=no pending_external=False order_cooldown=False manual_cooldown=False live_allowed=True
[EXEC_PREFLIGHT] DOGEUSDT allow=False live_allowed=True managed=cash:0.00 prepared=cash:0.00 reasons=DIRECTION_CONFLICT,EDGE_BELOW_COST,EDGE_TOO_THIN,LIQUIDITY_TOO_WEAK,SCORE_TOO_LOW,SENTIMENT_CAUTION,SUPPORT_NOT_CONFIRMED
[DECISION] 2026-04-20T03:07:00+00:00 DOGEUSDT mode=cash side=flat score=48.59
[SUBMISSION_GATE] DOGEUSDT allow=False can_open=True existing=no pending_external=False order_cooldown=False manual_cooldown=False live_allowed=True
[EXEC_PREFLIGHT] DOGEUSDT allow=False live_allowed=True managed=cash:0.00 prepared=cash:0.00 reasons=DIRECTION_CONFLICT,EDGE_BELOW_COST,EDGE_TOO_THIN,LIQUIDITY_TOO_WEAK,SCORE_TOO_LOW,SENTIMENT_CAUTION,SUPPORT_NOT_CONFIRMED
[DECISION] 2026-04-20T03:08:00+00:00 DOGEUSDT mode=futures side=short score=66.34
[SUBMISSION_GATE] DOGEUSDT allow=True can_open=True existing=no pending_external=False order_cooldown=False manual_cooldown=False live_allowed=True
[EXEC_PREFLIGHT] DOGEUSDT allow=True live_allowed=True managed=futures:129.79 prepared=cash:0.00 reasons=EXECUTIVE_OPERATING_VERDICT_ROLLBACK,LIVE_EVIDENCE_REJUDGE_WAITING,POLICY_BUCKET_OBSERVE_ONLY,SYMBOL_LIFECYCLE_HOLD
[DECISION] 2026-04-20T03:09:00+00:00 DOGEUSDT mode=futures side=short score=66.34
[SUBMISSION_GATE] DOGEUSDT allow=True can_open=True existing=no pending_external=False order_cooldown=False manual_cooldown=False live_allowed=True
[EXEC_PREFLIGHT] DOGEUSDT allow=True live_allowed=True managed=futures:129.79 prepared=cash:0.00 reasons=EXECUTIVE_OPERATING_VERDICT_ROLLBACK,LIVE_EVIDENCE_REJUDGE_WAITING,POLICY_BUCKET_OBSERVE_ONLY,SYMBOL_LIFECYCLE_HOLD
[DECISION] 2026-04-20T03:10:00+00:00 DOGEUSDT mode=futures side=short score=66.34
[SUBMISSION_GATE] DOGEUSDT allow=True can_open=True existing=no pending_external=False order_cooldown=False manual_cooldown=False live_allowed=True
[EXEC_PREFLIGHT] DOGEUSDT allow=True live_allowed=True managed=futures:129.79 prepared=cash:0.00 reasons=EXECUTIVE_OPERATING_VERDICT_ROLLBACK,LIVE_EVIDENCE_REJUDGE_WAITING,POLICY_BUCKET_OBSERVE_ONLY,SYMBOL_LIFECYCLE_HOLD
[DECISION] 2026-04-20T03:11:00+00:00 DOGEUSDT mode=futures side=short score=66.34
[SUBMISSION_GATE] DOGEUSDT allow=True can_open=True existing=no pending_external=False order_cooldown=False manual_cooldown=False live_allowed=True
[EXEC_PREFLIGHT] DOGEUSDT allow=True live_allowed=True managed=futures:129.79 prepared=cash:0.00 reasons=EXECUTIVE_OPERATING_VERDICT_ROLLBACK,LIVE_EVIDENCE_REJUDGE_WAITING,POLICY_BUCKET_OBSERVE_ONLY,SYMBOL_LIFECYCLE_HOLD
[HEARTBEAT] events=105825 decisions=318 live_orders=0 tested_orders=0
[HEARTBEAT] events=105850 decisions=318 live_orders=0 tested_orders=0
[HEARTBEAT] events=105875 decisions=318 live_orders=0 tested_orders=0
[HEARTBEAT] events=105900 decisions=318 live_orders=0 tested_orders=0
[HEARTBEAT] events=105925 decisions=318 live_orders=0 tested_orders=0
[HEARTBEAT] events=105950 decisions=318 live_orders=0 tested_orders=0
[HEARTBEAT] events=105975 decisions=318 live_orders=0 tested_orders=0
[HEARTBEAT] events=106000 decisions=318 live_orders=0 tested_orders=0
[HEARTBEAT] events=106025 decisions=318 live_orders=0 tested_orders=0
[HEARTBEAT] events=106050 decisions=318 live_orders=0 tested_orders=0
[HEARTBEAT] events=106075 decisions=318 live_orders=0 tested_orders=0
[HEARTBEAT] events=106100 decisions=318 live_orders=0 tested_orders=0
[HEARTBEAT] events=106125 decisions=318 live_orders=0 tested_orders=0
[HEARTBEAT] events=106150 decisions=318 live_orders=0 tested_orders=0
[HEARTBEAT] events=106175 decisions=318 live_orders=0 tested_orders=0
[HEARTBEAT] events=106200 decisions=318 live_orders=0 tested_orders=0
[HEARTBEAT] events=106225 decisions=318 live_orders=0 tested_orders=0
[HEARTBEAT] events=106250 decisions=318 live_orders=0 tested_orders=0
[HEARTBEAT] events=106275 decisions=318 live_orders=0 tested_orders=0
[HEARTBEAT] events=106300 decisions=318 live_orders=0 tested_orders=0
[HEARTBEAT] events=106325 decisions=318 live_orders=0 tested_orders=0
[HEARTBEAT] events=106350 decisions=318 live_orders=0 tested_orders=0
[HEARTBEAT] events=106375 decisions=318 live_orders=0 tested_orders=0
[HEARTBEAT] events=106400 decisions=318 live_orders=0 tested_orders=0
[HEARTBEAT] events=106425 decisions=318 live_orders=0 tested_orders=0
[HEARTBEAT] events=106450 decisions=318 live_orders=0 tested_orders=0
[HEARTBEAT] events=106475 decisions=318 live_orders=0 tested_orders=0
[HEARTBEAT] events=106500 decisions=318 live_orders=0 tested_orders=0
[HEARTBEAT] events=106525 decisions=318 live_orders=0 tested_orders=0
[HEARTBEAT] events=106550 decisions=318 live_orders=0 tested_orders=0
[HEARTBEAT] events=106575 decisions=318 live_orders=0 tested_orders=0
[HEARTBEAT] events=106600 decisions=318 live_orders=0 tested_orders=0
[HEARTBEAT] events=106625 decisions=318 live_orders=0 tested_orders=0
[HEARTBEAT] events=106650 decisions=318 live_orders=0 tested_orders=0
[HEARTBEAT] events=106675 decisions=318 live_orders=0 tested_orders=0
[HEARTBEAT] events=106700 decisions=318 live_orders=0 tested_orders=0
[HEARTBEAT] events=106725 decisions=318 live_orders=0 tested_orders=0
[HEARTBEAT] events=106750 decisions=318 live_orders=0 tested_orders=0
[HEARTBEAT] events=106775 decisions=318 live_orders=0 tested_orders=0
[HEARTBEAT] events=106800 decisions=318 live_orders=0 tested_orders=0
[DECISION] 2026-04-20T02:58:00+00:00 SOLUSDT mode=futures side=short score=65.97
[SUBMISSION_GATE] SOLUSDT allow=True can_open=True existing=no pending_external=False order_cooldown=False manual_cooldown=False live_allowed=True
[EXEC_PREFLIGHT] SOLUSDT allow=True live_allowed=True managed=futures:129.79 prepared=cash:0.00 reasons=EXECUTIVE_OPERATING_VERDICT_ROLLBACK,LIVE_EVIDENCE_REJUDGE_WAITING,POLICY_BUCKET_OBSERVE_ONLY,SYMBOL_LIFECYCLE_HOLD
[DECISION] 2026-04-20T02:59:00+00:00 SOLUSDT mode=futures side=short score=65.97
[SUBMISSION_GATE] SOLUSDT allow=True can_open=True existing=no pending_external=False order_cooldown=False manual_cooldown=False live_allowed=True
[EXEC_PREFLIGHT] SOLUSDT allow=True live_allowed=True managed=futures:129.79 prepared=cash:0.00 reasons=EXECUTIVE_OPERATING_VERDICT_ROLLBACK,LIVE_EVIDENCE_REJUDGE_WAITING,POLICY_BUCKET_OBSERVE_ONLY,SYMBOL_LIFECYCLE_HOLD
[DECISION] 2026-04-20T03:00:00+00:00 SOLUSDT mode=futures side=short score=65.97
[SUBMISSION_GATE] SOLUSDT allow=True can_open=True existing=no pending_external=False order_cooldown=False manual_cooldown=False live_allowed=True
[EXEC_PREFLIGHT] SOLUSDT allow=True live_allowed=True managed=futures:129.79 prepared=cash:0.00 reasons=EXECUTIVE_OPERATING_VERDICT_ROLLBACK,LIVE_EVIDENCE_REJUDGE_WAITING,POLICY_BUCKET_OBSERVE_ONLY,SYMBOL_LIFECYCLE_HOLD
[DECISION] 2026-04-20T03:01:00+00:00 SOLUSDT mode=futures side=short score=65.97
[SUBMISSION_GATE] SOLUSDT allow=True can_open=True existing=no pending_external=False order_cooldown=False manual_cooldown=False live_allowed=True
[EXEC_PREFLIGHT] SOLUSDT allow=True live_allowed=True managed=futures:129.79 prepared=cash:0.00 reasons=EXECUTIVE_OPERATING_VERDICT_ROLLBACK,LIVE_EVIDENCE_REJUDGE_WAITING,POLICY_BUCKET_OBSERVE_ONLY,SYMBOL_LIFECYCLE_HOLD
[DECISION] 2026-04-20T03:02:00+00:00 SOLUSDT mode=futures side=short score=65.97
[SUBMISSION_GATE] SOLUSDT allow=True can_open=True existing=no pending_external=False order_cooldown=False manual_cooldown=False live_allowed=True
[EXEC_PREFLIGHT] SOLUSDT allow=True live_allowed=True managed=futures:129.79 prepared=cash:0.00 reasons=EXECUTIVE_OPERATING_VERDICT_ROLLBACK,LIVE_EVIDENCE_REJUDGE_WAITING,POLICY_BUCKET_OBSERVE_ONLY,SYMBOL_LIFECYCLE_HOLD
[DECISION] 2026-04-20T03:03:00+00:00 SOLUSDT mode=futures side=short score=65.98
[SUBMISSION_GATE] SOLUSDT allow=True can_open=True existing=no pending_external=False order_cooldown=False manual_cooldown=False live_allowed=True
[EXEC_PREFLIGHT] SOLUSDT allow=True live_allowed=True managed=futures:129.79 prepared=cash:0.00 reasons=EXECUTIVE_OPERATING_VERDICT_ROLLBACK,LIVE_EVIDENCE_REJUDGE_WAITING,POLICY_BUCKET_OBSERVE_ONLY,SYMBOL_LIFECYCLE_HOLD
[DECISION] 2026-04-20T03:04:00+00:00 SOLUSDT mode=futures side=short score=65.98
[SUBMISSION_GATE] SOLUSDT allow=True can_open=True existing=no pending_external=False order_cooldown=False manual_cooldown=False live_allowed=True
[EXEC_PREFLIGHT] SOLUSDT allow=True live_allowed=True managed=futures:129.79 prepared=cash:0.00 reasons=EXECUTIVE_OPERATING_VERDICT_ROLLBACK,LIVE_EVIDENCE_REJUDGE_WAITING,POLICY_BUCKET_OBSERVE_ONLY,SYMBOL_LIFECYCLE_HOLD
[DECISION] 2026-04-20T03:05:00+00:00 SOLUSDT mode=futures side=short score=65.97
[SUBMISSION_GATE] SOLUSDT allow=True can_open=True existing=no pending_external=False order_cooldown=False manual_cooldown=False live_allowed=True
[EXEC_PREFLIGHT] SOLUSDT allow=True live_allowed=True managed=futures:129.79 prepared=cash:0.00 reasons=EXECUTIVE_OPERATING_VERDICT_ROLLBACK,LIVE_EVIDENCE_REJUDGE_WAITING,POLICY_BUCKET_OBSERVE_ONLY,SYMBOL_LIFECYCLE_HOLD
[DECISION] 2026-04-20T03:06:00+00:00 SOLUSDT mode=futures side=short score=65.97
[SUBMISSION_GATE] SOLUSDT allow=True can_open=True existing=no pending_external=False order_cooldown=False manual_cooldown=False live_allowed=True
[EXEC_PREFLIGHT] SOLUSDT allow=True live_allowed=True managed=futures:129.79 prepared=cash:0.00 reasons=EXECUTIVE_OPERATING_VERDICT_ROLLBACK,LIVE_EVIDENCE_REJUDGE_WAITING,POLICY_BUCKET_OBSERVE_ONLY,SYMBOL_LIFECYCLE_HOLD
[DECISION] 2026-04-20T03:07:00+00:00 SOLUSDT mode=futures side=short score=65.97
[SUBMISSION_GATE] SOLUSDT allow=True can_open=True existing=no pending_external=False order_cooldown=False manual_cooldown=False live_allowed=True
[EXEC_PREFLIGHT] SOLUSDT allow=True live_allowed=True managed=futures:129.79 prepared=cash:0.00 reasons=EXECUTIVE_OPERATING_VERDICT_ROLLBACK,LIVE_EVIDENCE_REJUDGE_WAITING,POLICY_BUCKET_OBSERVE_ONLY,SYMBOL_LIFECYCLE_HOLD
[DECISION] 2026-04-20T03:08:00+00:00 SOLUSDT mode=futures side=short score=65.97
[SUBMISSION_GATE] SOLUSDT allow=True can_open=True existing=no pending_external=False order_cooldown=False manual_cooldown=False live_allowed=True
[EXEC_PREFLIGHT] SOLUSDT allow=True live_allowed=True managed=futures:129.79 prepared=cash:0.00 reasons=EXECUTIVE_OPERATING_VERDICT_ROLLBACK,LIVE_EVIDENCE_REJUDGE_WAITING,POLICY_BUCKET_OBSERVE_ONLY,SYMBOL_LIFECYCLE_HOLD
[DECISION] 2026-04-20T03:09:00+00:00 SOLUSDT mode=futures side=short score=65.97
[SUBMISSION_GATE] SOLUSDT allow=True can_open=True existing=no pending_external=False order_cooldown=False manual_cooldown=False live_allowed=True
[EXEC_PREFLIGHT] SOLUSDT allow=True live_allowed=True managed=futures:129.79 prepared=cash:0.00 reasons=EXECUTIVE_OPERATING_VERDICT_ROLLBACK,LIVE_EVIDENCE_REJUDGE_WAITING,POLICY_BUCKET_OBSERVE_ONLY,SYMBOL_LIFECYCLE_HOLD
[DECISION] 2026-04-20T03:10:00+00:00 SOLUSDT mode=futures side=short score=65.97
[SUBMISSION_GATE] SOLUSDT allow=True can_open=True existing=no pending_external=False order_cooldown=False manual_cooldown=False live_allowed=True
[EXEC_PREFLIGHT] SOLUSDT allow=True live_allowed=True managed=futures:129.79 prepared=cash:0.00 reasons=EXECUTIVE_OPERATING_VERDICT_ROLLBACK,LIVE_EVIDENCE_REJUDGE_WAITING,POLICY_BUCKET_OBSERVE_ONLY,SYMBOL_LIFECYCLE_HOLD
[DECISION] 2026-04-20T03:11:00+00:00 SOLUSDT mode=cash side=flat score=48.23
[SUBMISSION_GATE] SOLUSDT allow=False can_open=True existing=no pending_external=False order_cooldown=False manual_cooldown=False live_allowed=True
[EXEC_PREFLIGHT] SOLUSDT allow=False live_allowed=True managed=cash:0.00 prepared=cash:0.00 reasons=DIRECTION_CONFLICT,EDGE_BELOW_COST,EDGE_TOO_THIN,LIQUIDITY_TOO_WEAK,SCORE_TOO_LOW,SENTIMENT_CAUTION,SUPPORT_NOT_CONFIRMED
[HEARTBEAT] events=106825 decisions=332 live_orders=0 tested_orders=0
[HEARTBEAT] events=106850 decisions=332 live_orders=0 tested_orders=0
[HEARTBEAT] events=106875 decisions=332 live_orders=0 tested_orders=0
[HEARTBEAT] events=106900 decisions=332 live_orders=0 tested_orders=0
[HEARTBEAT] events=106925 decisions=332 live_orders=0 tested_orders=0
[HEARTBEAT] events=106950 decisions=332 live_orders=0 tested_orders=0
[HEARTBEAT] events=106975 decisions=332 live_orders=0 tested_orders=0
[HEARTBEAT] events=107000 decisions=332 live_orders=0 tested_orders=0
[HEARTBEAT] events=107025 decisions=332 live_orders=0 tested_orders=0
[HEARTBEAT] events=107050 decisions=332 live_orders=0 tested_orders=0
[HEARTBEAT] events=107075 decisions=332 live_orders=0 tested_orders=0
[HEARTBEAT] events=107100 decisions=332 live_orders=0 tested_orders=0
[HEARTBEAT] events=107125 decisions=332 live_orders=0 tested_orders=0
[HEARTBEAT] events=107150 decisions=332 live_orders=0 tested_orders=0
[HEARTBEAT] events=107175 decisions=332 live_orders=0 tested_orders=0
[HEARTBEAT] events=107200 decisions=332 live_orders=0 tested_orders=0
[HEARTBEAT] events=107225 decisions=332 live_orders=0 tested_orders=0
[HEARTBEAT] events=107250 decisions=332 live_orders=0 tested_orders=0
[HEARTBEAT] events=107275 decisions=332 live_orders=0 tested_orders=0
[HEARTBEAT] events=107300 decisions=332 live_orders=0 tested_orders=0
[HEARTBEAT] events=107325 decisions=332 live_orders=0 tested_orders=0
[HEARTBEAT] events=107350 decisions=332 live_orders=0 tested_orders=0
[HEARTBEAT] events=107375 decisions=332 live_orders=0 tested_orders=0
[HEARTBEAT] events=107400 decisions=332 live_orders=0 tested_orders=0
[HEARTBEAT] events=107425 decisions=332 live_orders=0 tested_orders=0
[HEARTBEAT] events=107450 decisions=332 live_orders=0 tested_orders=0
[HEARTBEAT] events=107475 decisions=332 live_orders=0 tested_orders=0
[HEARTBEAT] events=107500 decisions=332 live_orders=0 tested_orders=0
[HEARTBEAT] events=107525 decisions=332 live_orders=0 tested_orders=0
[HEARTBEAT] events=107550 decisions=332 live_orders=0 tested_orders=0
[HEARTBEAT] events=107575 decisions=332 live_orders=0 tested_orders=0
[HEARTBEAT] events=107600 decisions=332 live_orders=0 tested_orders=0
[HEARTBEAT] events=107625 decisions=332 live_orders=0 tested_orders=0
[HEARTBEAT] events=107650 decisions=332 live_orders=0 tested_orders=0
[HEARTBEAT] events=107675 decisions=332 live_orders=0 tested_orders=0
[HEARTBEAT] events=107700 decisions=332 live_orders=0 tested_orders=0
[HEARTBEAT] events=107725 decisions=332 live_orders=0 tested_orders=0
[HEARTBEAT] events=107750 decisions=332 live_orders=0 tested_orders=0
[HEARTBEAT] events=107775 decisions=332 live_orders=0 tested_orders=0
[HEARTBEAT] events=107800 decisions=332 live_orders=0 tested_orders=0
[HEARTBEAT] events=107825 decisions=332 live_orders=0 tested_orders=0
[HEARTBEAT] events=107850 decisions=332 live_orders=0 tested_orders=0
[HEARTBEAT] events=107875 decisions=332 live_orders=0 tested_orders=0
[HEARTBEAT] events=107900 decisions=332 live_orders=0 tested_orders=0
[HEARTBEAT] events=107925 decisions=332 live_orders=0 tested_orders=0
[HEARTBEAT] events=107950 decisions=332 live_orders=0 tested_orders=0
[HEARTBEAT] events=107975 decisions=332 live_orders=0 tested_orders=0
[HEARTBEAT] events=108000 decisions=332 live_orders=0 tested_orders=0
[HEARTBEAT] events=108025 decisions=332 live_orders=0 tested_orders=0
[HEARTBEAT] events=108050 decisions=332 live_orders=0 tested_orders=0
[HEARTBEAT] events=108075 decisions=332 live_orders=0 tested_orders=0
[HEARTBEAT] events=108100 decisions=332 live_orders=0 tested_orders=0
[HEARTBEAT] events=108125 decisions=332 live_orders=0 tested_orders=0
[HEARTBEAT] events=108150 decisions=332 live_orders=0 tested_orders=0
[HEARTBEAT] events=108175 decisions=332 live_orders=0 tested_orders=0
[HEARTBEAT] events=108200 decisions=332 live_orders=0 tested_orders=0
[HEARTBEAT] events=108225 decisions=332 live_orders=0 tested_orders=0
[HEARTBEAT] events=108250 decisions=332 live_orders=0 tested_orders=0
[HEARTBEAT] events=108275 decisions=332 live_orders=0 tested_orders=0
[HEARTBEAT] events=108300 decisions=332 live_orders=0 tested_orders=0
[HEARTBEAT] events=108325 decisions=332 live_orders=0 tested_orders=0
[HEARTBEAT] events=108350 decisions=332 live_orders=0 tested_orders=0
[HEARTBEAT] events=108375 decisions=332 live_orders=0 tested_orders=0
[HEARTBEAT] events=108400 decisions=332 live_orders=0 tested_orders=0
[HEARTBEAT] events=108425 decisions=332 live_orders=0 tested_orders=0
[HEARTBEAT] events=108450 decisions=332 live_orders=0 tested_orders=0
[HEARTBEAT] events=108475 decisions=332 live_orders=0 tested_orders=0
[HEARTBEAT] events=108500 decisions=332 live_orders=0 tested_orders=0
[HEARTBEAT] events=108525 decisions=332 live_orders=0 tested_orders=0
[HEARTBEAT] events=108550 decisions=332 live_orders=0 tested_orders=0
[HEARTBEAT] events=108575 decisions=332 live_orders=0 tested_orders=0
[HEARTBEAT] events=108600 decisions=332 live_orders=0 tested_orders=0
[HEARTBEAT] events=108625 decisions=332 live_orders=0 tested_orders=0
[HEARTBEAT] events=108650 decisions=332 live_orders=0 tested_orders=0
[HEARTBEAT] events=108675 decisions=332 live_orders=0 tested_orders=0
[SYNC] 2026-04-20T03:12:46.670519+00:00 account/open-order snapshot refreshed
[HEARTBEAT] events=108700 decisions=332 live_orders=0 tested_orders=0
[HEARTBEAT] events=108725 decisions=332 live_orders=0 tested_orders=0
[HEARTBEAT] events=108750 decisions=332 live_orders=0 tested_orders=0
[HEARTBEAT] events=108775 decisions=332 live_orders=0 tested_orders=0
[HEARTBEAT] events=108800 decisions=332 live_orders=0 tested_orders=0
[DECISION] 2026-04-20T02:58:00+00:00 ETHUSDT mode=futures side=short score=67.25
[SUBMISSION_GATE] ETHUSDT allow=True can_open=True existing=no pending_external=False order_cooldown=False manual_cooldown=False live_allowed=True
[EXEC_PREFLIGHT] ETHUSDT allow=True live_allowed=True managed=futures:129.79 prepared=cash:0.00 reasons=EXECUTIVE_OPERATING_VERDICT_ROLLBACK,LIVE_EVIDENCE_REJUDGE_WAITING,POLICY_BUCKET_OBSERVE_ONLY,SYMBOL_LIFECYCLE_HOLD
[DECISION] 2026-04-20T02:59:00+00:00 ETHUSDT mode=futures side=short score=67.25
[SUBMISSION_GATE] ETHUSDT allow=True can_open=True existing=no pending_external=False order_cooldown=False manual_cooldown=False live_allowed=True
[EXEC_PREFLIGHT] ETHUSDT allow=True live_allowed=True managed=futures:129.79 prepared=cash:0.00 reasons=EXECUTIVE_OPERATING_VERDICT_ROLLBACK,LIVE_EVIDENCE_REJUDGE_WAITING,POLICY_BUCKET_OBSERVE_ONLY,SYMBOL_LIFECYCLE_HOLD
[DECISION] 2026-04-20T03:00:00+00:00 ETHUSDT mode=futures side=short score=67.25
[SUBMISSION_GATE] ETHUSDT allow=True can_open=True existing=no pending_external=False order_cooldown=False manual_cooldown=False live_allowed=True
[EXEC_PREFLIGHT] ETHUSDT allow=True live_allowed=True managed=futures:129.79 prepared=cash:0.00 reasons=EXECUTIVE_OPERATING_VERDICT_ROLLBACK,LIVE_EVIDENCE_REJUDGE_WAITING,POLICY_BUCKET_OBSERVE_ONLY,SYMBOL_LIFECYCLE_HOLD
[DECISION] 2026-04-20T03:01:00+00:00 ETHUSDT mode=futures side=short score=67.25
[SUBMISSION_GATE] ETHUSDT allow=True can_open=True existing=no pending_external=False order_cooldown=False manual_cooldown=False live_allowed=True
[EXEC_PREFLIGHT] ETHUSDT allow=True live_allowed=True managed=futures:129.79 prepared=cash:0.00 reasons=EXECUTIVE_OPERATING_VERDICT_ROLLBACK,LIVE_EVIDENCE_REJUDGE_WAITING,POLICY_BUCKET_OBSERVE_ONLY,SYMBOL_LIFECYCLE_HOLD
[DECISION] 2026-04-20T03:02:00+00:00 ETHUSDT mode=futures side=short score=67.25
[SUBMISSION_GATE] ETHUSDT allow=True can_open=True existing=no pending_external=False order_cooldown=False manual_cooldown=False live_allowed=True
[EXEC_PREFLIGHT] ETHUSDT allow=True live_allowed=True managed=futures:129.79 prepared=cash:0.00 reasons=EXECUTIVE_OPERATING_VERDICT_ROLLBACK,LIVE_EVIDENCE_REJUDGE_WAITING,POLICY_BUCKET_OBSERVE_ONLY,SYMBOL_LIFECYCLE_HOLD
[DECISION] 2026-04-20T03:03:00+00:00 ETHUSDT mode=futures side=short score=67.25
[SUBMISSION_GATE] ETHUSDT allow=True can_open=True existing=no pending_external=False order_cooldown=False manual_cooldown=False live_allowed=True
[EXEC_PREFLIGHT] ETHUSDT allow=True live_allowed=True managed=futures:129.79 prepared=cash:0.00 reasons=EXECUTIVE_OPERATING_VERDICT_ROLLBACK,LIVE_EVIDENCE_REJUDGE_WAITING,POLICY_BUCKET_OBSERVE_ONLY,SYMBOL_LIFECYCLE_HOLD
[DECISION] 2026-04-20T03:04:00+00:00 ETHUSDT mode=futures side=short score=67.25
[SUBMISSION_GATE] ETHUSDT allow=True can_open=True existing=no pending_external=False order_cooldown=False manual_cooldown=False live_allowed=True
[EXEC_PREFLIGHT] ETHUSDT allow=True live_allowed=True managed=futures:129.79 prepared=cash:0.00 reasons=EXECUTIVE_OPERATING_VERDICT_ROLLBACK,LIVE_EVIDENCE_REJUDGE_WAITING,POLICY_BUCKET_OBSERVE_ONLY,SYMBOL_LIFECYCLE_HOLD
[DECISION] 2026-04-20T03:05:00+00:00 ETHUSDT mode=futures side=short score=67.25
[SUBMISSION_GATE] ETHUSDT allow=True can_open=True existing=no pending_external=False order_cooldown=False manual_cooldown=False live_allowed=True
[EXEC_PREFLIGHT] ETHUSDT allow=True live_allowed=True managed=futures:129.79 prepared=cash:0.00 reasons=EXECUTIVE_OPERATING_VERDICT_ROLLBACK,LIVE_EVIDENCE_REJUDGE_WAITING,POLICY_BUCKET_OBSERVE_ONLY,SYMBOL_LIFECYCLE_HOLD
[DECISION] 2026-04-20T03:06:00+00:00 ETHUSDT mode=futures side=short score=67.25
[SUBMISSION_GATE] ETHUSDT allow=True can_open=True existing=no pending_external=False order_cooldown=False manual_cooldown=False live_allowed=True
[EXEC_PREFLIGHT] ETHUSDT allow=True live_allowed=True managed=futures:129.79 prepared=cash:0.00 reasons=EXECUTIVE_OPERATING_VERDICT_ROLLBACK,LIVE_EVIDENCE_REJUDGE_WAITING,POLICY_BUCKET_OBSERVE_ONLY,SYMBOL_LIFECYCLE_HOLD
[DECISION] 2026-04-20T03:07:00+00:00 ETHUSDT mode=futures side=short score=67.25
[SUBMISSION_GATE] ETHUSDT allow=True can_open=True existing=no pending_external=False order_cooldown=False manual_cooldown=False live_allowed=True
[EXEC_PREFLIGHT] ETHUSDT allow=True live_allowed=True managed=futures:129.79 prepared=cash:0.00 reasons=EXECUTIVE_OPERATING_VERDICT_ROLLBACK,LIVE_EVIDENCE_REJUDGE_WAITING,POLICY_BUCKET_OBSERVE_ONLY,SYMBOL_LIFECYCLE_HOLD
[DECISION] 2026-04-20T03:08:00+00:00 ETHUSDT mode=futures side=short score=67.25
[SUBMISSION_GATE] ETHUSDT allow=True can_open=True existing=no pending_external=False order_cooldown=False manual_cooldown=False live_allowed=True
[EXEC_PREFLIGHT] ETHUSDT allow=True live_allowed=True managed=futures:129.79 prepared=cash:0.00 reasons=EXECUTIVE_OPERATING_VERDICT_ROLLBACK,LIVE_EVIDENCE_REJUDGE_WAITING,POLICY_BUCKET_OBSERVE_ONLY,SYMBOL_LIFECYCLE_HOLD
[DECISION] 2026-04-20T03:09:00+00:00 ETHUSDT mode=futures side=short score=67.25
[SUBMISSION_GATE] ETHUSDT allow=True can_open=True existing=no pending_external=False order_cooldown=False manual_cooldown=False live_allowed=True
[EXEC_PREFLIGHT] ETHUSDT allow=True live_allowed=True managed=futures:129.79 prepared=cash:0.00 reasons=EXECUTIVE_OPERATING_VERDICT_ROLLBACK,LIVE_EVIDENCE_REJUDGE_WAITING,POLICY_BUCKET_OBSERVE_ONLY,SYMBOL_LIFECYCLE_HOLD
[DECISION] 2026-04-20T03:10:00+00:00 ETHUSDT mode=futures side=short score=67.25
[SUBMISSION_GATE] ETHUSDT allow=True can_open=True existing=no pending_external=False order_cooldown=False manual_cooldown=False live_allowed=True
[EXEC_PREFLIGHT] ETHUSDT allow=True live_allowed=True managed=futures:129.79 prepared=cash:0.00 reasons=EXECUTIVE_OPERATING_VERDICT_ROLLBACK,LIVE_EVIDENCE_REJUDGE_WAITING,POLICY_BUCKET_OBSERVE_ONLY,SYMBOL_LIFECYCLE_HOLD
[DECISION] 2026-04-20T03:11:00+00:00 ETHUSDT mode=cash side=flat score=47.50
[SUBMISSION_GATE] ETHUSDT allow=False can_open=True existing=no pending_external=False order_cooldown=False manual_cooldown=False live_allowed=True
[EXEC_PREFLIGHT] ETHUSDT allow=False live_allowed=True managed=cash:0.00 prepared=cash:0.00 reasons=DIRECTION_CONFLICT,EDGE_BELOW_COST,EDGE_TOO_THIN,LIQUIDITY_TOO_WEAK,SCORE_TOO_LOW
[HEARTBEAT] events=108825 decisions=346 live_orders=0 tested_orders=0
[DECISION] 2026-04-20T03:11:00+00:00 PEPEUSDT mode=cash side=flat score=63.54
[SUBMISSION_GATE] PEPEUSDT allow=False can_open=True existing=no pending_external=False order_cooldown=False manual_cooldown=False live_allowed=True
[EXEC_PREFLIGHT] PEPEUSDT allow=False live_allowed=True managed=cash:0.00 prepared=cash:0.00 reasons=DIRECTION_CONFLICT,EDGE_BELOW_COST,LIQUIDITY_TOO_WEAK,SCORE_TOO_LOW,SENTIMENT_TOO_WEAK,SUPPORT_NOT_CONFIRMED
[HEARTBEAT] events=108850 decisions=347 live_orders=0 tested_orders=0
[HEARTBEAT] events=108875 decisions=347 live_orders=0 tested_orders=0
[HEARTBEAT] events=108900 decisions=347 live_orders=0 tested_orders=0
[HEARTBEAT] events=108925 decisions=347 live_orders=0 tested_orders=0
[HEARTBEAT] events=108950 decisions=347 live_orders=0 tested_orders=0
[HEARTBEAT] events=108975 decisions=347 live_orders=0 tested_orders=0
[HEARTBEAT] events=109000 decisions=347 live_orders=0 tested_orders=0
[HEARTBEAT] events=109025 decisions=347 live_orders=0 tested_orders=0
[HEARTBEAT] events=109050 decisions=347 live_orders=0 tested_orders=0
[HEARTBEAT] events=109075 decisions=347 live_orders=0 tested_orders=0
[HEARTBEAT] events=109100 decisions=347 live_orders=0 tested_orders=0
[HEARTBEAT] events=109125 decisions=347 live_orders=0 tested_orders=0
[HEARTBEAT] events=109150 decisions=347 live_orders=0 tested_orders=0
[HEARTBEAT] events=109175 decisions=347 live_orders=0 tested_orders=0
[HEARTBEAT] events=109200 decisions=347 live_orders=0 tested_orders=0
[HEARTBEAT] events=109225 decisions=347 live_orders=0 tested_orders=0
[HEARTBEAT] events=109250 decisions=347 live_orders=0 tested_orders=0
[HEARTBEAT] events=109275 decisions=347 live_orders=0 tested_orders=0
[HEARTBEAT] events=109300 decisions=347 live_orders=0 tested_orders=0
[HEARTBEAT] events=109325 decisions=347 live_orders=0 tested_orders=0
[HEARTBEAT] events=109350 decisions=347 live_orders=0 tested_orders=0
[HEARTBEAT] events=109375 decisions=347 live_orders=0 tested_orders=0
[HEARTBEAT] events=109400 decisions=347 live_orders=0 tested_orders=0
[HEARTBEAT] events=109425 decisions=347 live_orders=0 tested_orders=0
[HEARTBEAT] events=109450 decisions=347 live_orders=0 tested_orders=0
[HEARTBEAT] events=109475 decisions=347 live_orders=0 tested_orders=0
[HEARTBEAT] events=109500 decisions=347 live_orders=0 tested_orders=0
[HEARTBEAT] events=109525 decisions=347 live_orders=0 tested_orders=0
[HEARTBEAT] events=109550 decisions=347 live_orders=0 tested_orders=0
[HEARTBEAT] events=109575 decisions=347 live_orders=0 tested_orders=0
[HEARTBEAT] events=109600 decisions=347 live_orders=0 tested_orders=0
[HEARTBEAT] events=109625 decisions=347 live_orders=0 tested_orders=0
[HEARTBEAT] events=109650 decisions=347 live_orders=0 tested_orders=0
[DECISION] 2026-04-20T03:13:00+00:00 DOGEUSDT mode=futures side=short score=66.48
[SUBMISSION_GATE] DOGEUSDT allow=True can_open=True existing=no pending_external=False order_cooldown=False manual_cooldown=False live_allowed=True
[EXEC_PREFLIGHT] DOGEUSDT allow=True live_allowed=True managed=futures:129.79 prepared=cash:0.00 reasons=EXECUTIVE_OPERATING_VERDICT_ROLLBACK,LIVE_EVIDENCE_REJUDGE_WAITING,POLICY_BUCKET_OBSERVE_ONLY,SYMBOL_LIFECYCLE_HOLD
[HEARTBEAT] events=109675 decisions=348 live_orders=0 tested_orders=0
[HEARTBEAT] events=109700 decisions=348 live_orders=0 tested_orders=0
[HEARTBEAT] events=109725 decisions=348 live_orders=0 tested_orders=0
[HEARTBEAT] events=109750 decisions=348 live_orders=0 tested_orders=0
[HEARTBEAT] events=109775 decisions=348 live_orders=0 tested_orders=0
[HEARTBEAT] events=109800 decisions=348 live_orders=0 tested_orders=0
[HEARTBEAT] events=109825 decisions=348 live_orders=0 tested_orders=0
[HEARTBEAT] events=109850 decisions=348 live_orders=0 tested_orders=0
[HEARTBEAT] events=109875 decisions=348 live_orders=0 tested_orders=0
[HEARTBEAT] events=109900 decisions=348 live_orders=0 tested_orders=0
[HEARTBEAT] events=109925 decisions=348 live_orders=0 tested_orders=0
[HEARTBEAT] events=109950 decisions=348 live_orders=0 tested_orders=0
[HEARTBEAT] events=109975 decisions=348 live_orders=0 tested_orders=0
[HEARTBEAT] events=110000 decisions=348 live_orders=0 tested_orders=0
[HEARTBEAT] events=110025 decisions=348 live_orders=0 tested_orders=0
[HEARTBEAT] events=110050 decisions=348 live_orders=0 tested_orders=0
[HEARTBEAT] events=110075 decisions=348 live_orders=0 tested_orders=0
[HEARTBEAT] events=110100 decisions=348 live_orders=0 tested_orders=0
[HEARTBEAT] events=110125 decisions=348 live_orders=0 tested_orders=0
[DECISION] 2026-04-20T02:58:00+00:00 SOLUSDT mode=futures side=short score=66.48
[SUBMISSION_GATE] SOLUSDT allow=True can_open=True existing=no pending_external=False order_cooldown=False manual_cooldown=False live_allowed=True
[EXEC_PREFLIGHT] SOLUSDT allow=True live_allowed=True managed=futures:129.79 prepared=cash:0.00 reasons=EXECUTIVE_OPERATING_VERDICT_ROLLBACK,LIVE_EVIDENCE_REJUDGE_WAITING,POLICY_BUCKET_OBSERVE_ONLY,SYMBOL_LIFECYCLE_HOLD
[DECISION] 2026-04-20T02:59:00+00:00 SOLUSDT mode=futures side=short score=66.48
[SUBMISSION_GATE] SOLUSDT allow=True can_open=True existing=no pending_external=False order_cooldown=False manual_cooldown=False live_allowed=True
[EXEC_PREFLIGHT] SOLUSDT allow=True live_allowed=True managed=futures:129.79 prepared=cash:0.00 reasons=EXECUTIVE_OPERATING_VERDICT_ROLLBACK,LIVE_EVIDENCE_REJUDGE_WAITING,POLICY_BUCKET_OBSERVE_ONLY,SYMBOL_LIFECYCLE_HOLD
[DECISION] 2026-04-20T03:00:00+00:00 SOLUSDT mode=futures side=short score=66.48
[SUBMISSION_GATE] SOLUSDT allow=True can_open=True existing=no pending_external=False order_cooldown=False manual_cooldown=False live_allowed=True
[EXEC_PREFLIGHT] SOLUSDT allow=True live_allowed=True managed=futures:129.79 prepared=cash:0.00 reasons=EXECUTIVE_OPERATING_VERDICT_ROLLBACK,LIVE_EVIDENCE_REJUDGE_WAITING,POLICY_BUCKET_OBSERVE_ONLY,SYMBOL_LIFECYCLE_HOLD
[DECISION] 2026-04-20T03:01:00+00:00 SOLUSDT mode=futures side=short score=66.48
[SUBMISSION_GATE] SOLUSDT allow=True can_open=True existing=no pending_external=False order_cooldown=False manual_cooldown=False live_allowed=True
[EXEC_PREFLIGHT] SOLUSDT allow=True live_allowed=True managed=futures:129.79 prepared=cash:0.00 reasons=EXECUTIVE_OPERATING_VERDICT_ROLLBACK,LIVE_EVIDENCE_REJUDGE_WAITING,POLICY_BUCKET_OBSERVE_ONLY,SYMBOL_LIFECYCLE_HOLD
[DECISION] 2026-04-20T03:02:00+00:00 SOLUSDT mode=futures side=short score=66.48
[SUBMISSION_GATE] SOLUSDT allow=True can_open=True existing=no pending_external=False order_cooldown=False manual_cooldown=False live_allowed=True
[EXEC_PREFLIGHT] SOLUSDT allow=True live_allowed=True managed=futures:129.79 prepared=cash:0.00 reasons=EXECUTIVE_OPERATING_VERDICT_ROLLBACK,LIVE_EVIDENCE_REJUDGE_WAITING,POLICY_BUCKET_OBSERVE_ONLY,SYMBOL_LIFECYCLE_HOLD
[DECISION] 2026-04-20T03:03:00+00:00 SOLUSDT mode=futures side=short score=66.48
[SUBMISSION_GATE] SOLUSDT allow=True can_open=True existing=no pending_external=False order_cooldown=False manual_cooldown=False live_allowed=True
[EXEC_PREFLIGHT] SOLUSDT allow=True live_allowed=True managed=futures:129.79 prepared=cash:0.00 reasons=EXECUTIVE_OPERATING_VERDICT_ROLLBACK,LIVE_EVIDENCE_REJUDGE_WAITING,POLICY_BUCKET_OBSERVE_ONLY,SYMBOL_LIFECYCLE_HOLD
[DECISION] 2026-04-20T03:04:00+00:00 SOLUSDT mode=futures side=short score=66.48
[SUBMISSION_GATE] SOLUSDT allow=True can_open=True existing=no pending_external=False order_cooldown=False manual_cooldown=False live_allowed=True
[EXEC_PREFLIGHT] SOLUSDT allow=True live_allowed=True managed=futures:129.79 prepared=cash:0.00 reasons=EXECUTIVE_OPERATING_VERDICT_ROLLBACK,LIVE_EVIDENCE_REJUDGE_WAITING,POLICY_BUCKET_OBSERVE_ONLY,SYMBOL_LIFECYCLE_HOLD
[DECISION] 2026-04-20T03:05:00+00:00 SOLUSDT mode=futures side=short score=66.48
[SUBMISSION_GATE] SOLUSDT allow=True can_open=True existing=no pending_external=False order_cooldown=False manual_cooldown=False live_allowed=True
[EXEC_PREFLIGHT] SOLUSDT allow=True live_allowed=True managed=futures:129.79 prepared=cash:0.00 reasons=EXECUTIVE_OPERATING_VERDICT_ROLLBACK,LIVE_EVIDENCE_REJUDGE_WAITING,POLICY_BUCKET_OBSERVE_ONLY,SYMBOL_LIFECYCLE_HOLD
[DECISION] 2026-04-20T03:06:00+00:00 SOLUSDT mode=futures side=short score=66.48
[SUBMISSION_GATE] SOLUSDT allow=True can_open=True existing=no pending_external=False order_cooldown=False manual_cooldown=False live_allowed=True
[EXEC_PREFLIGHT] SOLUSDT allow=True live_allowed=True managed=futures:129.79 prepared=cash:0.00 reasons=EXECUTIVE_OPERATING_VERDICT_ROLLBACK,LIVE_EVIDENCE_REJUDGE_WAITING,POLICY_BUCKET_OBSERVE_ONLY,SYMBOL_LIFECYCLE_HOLD
[DECISION] 2026-04-20T03:07:00+00:00 SOLUSDT mode=futures side=short score=66.48
[SUBMISSION_GATE] SOLUSDT allow=True can_open=True existing=no pending_external=False order_cooldown=False manual_cooldown=False live_allowed=True
[EXEC_PREFLIGHT] SOLUSDT allow=True live_allowed=True managed=futures:129.79 prepared=cash:0.00 reasons=EXECUTIVE_OPERATING_VERDICT_ROLLBACK,LIVE_EVIDENCE_REJUDGE_WAITING,POLICY_BUCKET_OBSERVE_ONLY,SYMBOL_LIFECYCLE_HOLD
[DECISION] 2026-04-20T03:08:00+00:00 SOLUSDT mode=futures side=short score=66.48
[SUBMISSION_GATE] SOLUSDT allow=True can_open=True existing=no pending_external=False order_cooldown=False manual_cooldown=False live_allowed=True
[EXEC_PREFLIGHT] SOLUSDT allow=True live_allowed=True managed=futures:129.79 prepared=cash:0.00 reasons=EXECUTIVE_OPERATING_VERDICT_ROLLBACK,LIVE_EVIDENCE_REJUDGE_WAITING,POLICY_BUCKET_OBSERVE_ONLY,SYMBOL_LIFECYCLE_HOLD
[DECISION] 2026-04-20T03:09:00+00:00 SOLUSDT mode=futures side=short score=66.48
[SUBMISSION_GATE] SOLUSDT allow=True can_open=True existing=no pending_external=False order_cooldown=False manual_cooldown=False live_allowed=True
[EXEC_PREFLIGHT] SOLUSDT allow=True live_allowed=True managed=futures:129.79 prepared=cash:0.00 reasons=EXECUTIVE_OPERATING_VERDICT_ROLLBACK,LIVE_EVIDENCE_REJUDGE_WAITING,POLICY_BUCKET_OBSERVE_ONLY,SYMBOL_LIFECYCLE_HOLD
[DECISION] 2026-04-20T03:10:00+00:00 SOLUSDT mode=futures side=short score=66.48
[SUBMISSION_GATE] SOLUSDT allow=True can_open=True existing=no pending_external=False order_cooldown=False manual_cooldown=False live_allowed=True
[EXEC_PREFLIGHT] SOLUSDT allow=True live_allowed=True managed=futures:129.79 prepared=cash:0.00 reasons=EXECUTIVE_OPERATING_VERDICT_ROLLBACK,LIVE_EVIDENCE_REJUDGE_WAITING,POLICY_BUCKET_OBSERVE_ONLY,SYMBOL_LIFECYCLE_HOLD
[DECISION] 2026-04-20T03:11:00+00:00 SOLUSDT mode=cash side=flat score=48.73
[SUBMISSION_GATE] SOLUSDT allow=False can_open=True existing=no pending_external=False order_cooldown=False manual_cooldown=False live_allowed=True
[EXEC_PREFLIGHT] SOLUSDT allow=False live_allowed=True managed=cash:0.00 prepared=cash:0.00 reasons=DIRECTION_CONFLICT,EDGE_BELOW_COST,EDGE_TOO_THIN,LIQUIDITY_TOO_WEAK,SCORE_TOO_LOW,SENTIMENT_CAUTION,SUPPORT_NOT_CONFIRMED
[HEARTBEAT] events=110150 decisions=362 live_orders=0 tested_orders=0
[HEARTBEAT] events=110175 decisions=362 live_orders=0 tested_orders=0
[HEARTBEAT] events=110200 decisions=362 live_orders=0 tested_orders=0
[HEARTBEAT] events=110225 decisions=362 live_orders=0 tested_orders=0
[HEARTBEAT] events=110250 decisions=362 live_orders=0 tested_orders=0
[HEARTBEAT] events=110275 decisions=362 live_orders=0 tested_orders=0
[HEARTBEAT] events=110300 decisions=362 live_orders=0 tested_orders=0
[HEARTBEAT] events=110325 decisions=362 live_orders=0 tested_orders=0
[HEARTBEAT] events=110350 decisions=362 live_orders=0 tested_orders=0
[HEARTBEAT] events=110375 decisions=362 live_orders=0 tested_orders=0
[HEARTBEAT] events=110400 decisions=362 live_orders=0 tested_orders=0
[HEARTBEAT] events=110425 decisions=362 live_orders=0 tested_orders=0
[HEARTBEAT] events=110450 decisions=362 live_orders=0 tested_orders=0
[HEARTBEAT] events=110475 decisions=362 live_orders=0 tested_orders=0
[HEARTBEAT] events=110500 decisions=362 live_orders=0 tested_orders=0
[HEARTBEAT] events=110525 decisions=362 live_orders=0 tested_orders=0
[HEARTBEAT] events=110550 decisions=362 live_orders=0 tested_orders=0
[HEARTBEAT] events=110575 decisions=362 live_orders=0 tested_orders=0
[HEARTBEAT] events=110600 decisions=362 live_orders=0 tested_orders=0
[HEARTBEAT] events=110625 decisions=362 live_orders=0 tested_orders=0
[HEARTBEAT] events=110650 decisions=362 live_orders=0 tested_orders=0
[HEARTBEAT] events=110675 decisions=362 live_orders=0 tested_orders=0
[HEARTBEAT] events=110700 decisions=362 live_orders=0 tested_orders=0
[HEARTBEAT] events=110725 decisions=362 live_orders=0 tested_orders=0
[HEARTBEAT] events=110750 decisions=362 live_orders=0 tested_orders=0
[HEARTBEAT] events=110775 decisions=362 live_orders=0 tested_orders=0
[HEARTBEAT] events=110800 decisions=362 live_orders=0 tested_orders=0
[HEARTBEAT] events=110825 decisions=362 live_orders=0 tested_orders=0
[HEARTBEAT] events=110850 decisions=362 live_orders=0 tested_orders=0
[HEARTBEAT] events=110875 decisions=362 live_orders=0 tested_orders=0
[HEARTBEAT] events=110900 decisions=362 live_orders=0 tested_orders=0
[HEARTBEAT] events=110925 decisions=362 live_orders=0 tested_orders=0
[HEARTBEAT] events=110950 decisions=362 live_orders=0 tested_orders=0
[HEARTBEAT] events=110975 decisions=362 live_orders=0 tested_orders=0
[HEARTBEAT] events=111000 decisions=362 live_orders=0 tested_orders=0
[HEARTBEAT] events=111025 decisions=362 live_orders=0 tested_orders=0
[HEARTBEAT] events=111050 decisions=362 live_orders=0 tested_orders=0
[HEARTBEAT] events=111075 decisions=362 live_orders=0 tested_orders=0
[HEARTBEAT] events=111100 decisions=362 live_orders=0 tested_orders=0
[HEARTBEAT] events=111125 decisions=362 live_orders=0 tested_orders=0
[HEARTBEAT] events=111150 decisions=362 live_orders=0 tested_orders=0
[HEARTBEAT] events=111175 decisions=362 live_orders=0 tested_orders=0
[HEARTBEAT] events=111200 decisions=362 live_orders=0 tested_orders=0
[HEARTBEAT] events=111225 decisions=362 live_orders=0 tested_orders=0
[HEARTBEAT] events=111250 decisions=362 live_orders=0 tested_orders=0
[HEARTBEAT] events=111275 decisions=362 live_orders=0 tested_orders=0
[HEARTBEAT] events=111300 decisions=362 live_orders=0 tested_orders=0
[HEARTBEAT] events=111325 decisions=362 live_orders=0 tested_orders=0
[HEARTBEAT] events=111350 decisions=362 live_orders=0 tested_orders=0
[HEARTBEAT] events=111375 decisions=362 live_orders=0 tested_orders=0
[HEARTBEAT] events=111400 decisions=362 live_orders=0 tested_orders=0
[HEARTBEAT] events=111425 decisions=362 live_orders=0 tested_orders=0
[HEARTBEAT] events=111450 decisions=362 live_orders=0 tested_orders=0
[HEARTBEAT] events=111475 decisions=362 live_orders=0 tested_orders=0
[HEARTBEAT] events=111500 decisions=362 live_orders=0 tested_orders=0
[HEARTBEAT] events=111525 decisions=362 live_orders=0 tested_orders=0
[HEARTBEAT] events=111550 decisions=362 live_orders=0 tested_orders=0
[HEARTBEAT] events=111575 decisions=362 live_orders=0 tested_orders=0
[HEARTBEAT] events=111600 decisions=362 live_orders=0 tested_orders=0
[HEARTBEAT] events=111625 decisions=362 live_orders=0 tested_orders=0
[HEARTBEAT] events=111650 decisions=362 live_orders=0 tested_orders=0
[HEARTBEAT] events=111675 decisions=362 live_orders=0 tested_orders=0
[HEARTBEAT] events=111700 decisions=362 live_orders=0 tested_orders=0
[HEARTBEAT] events=111725 decisions=362 live_orders=0 tested_orders=0
[HEARTBEAT] events=111750 decisions=362 live_orders=0 tested_orders=0
[HEARTBEAT] events=111775 decisions=362 live_orders=0 tested_orders=0
[HEARTBEAT] events=111800 decisions=362 live_orders=0 tested_orders=0
[HEARTBEAT] events=111825 decisions=362 live_orders=0 tested_orders=0
[HEARTBEAT] events=111850 decisions=362 live_orders=0 tested_orders=0
[HEARTBEAT] events=111875 decisions=362 live_orders=0 tested_orders=0
[HEARTBEAT] events=111900 decisions=362 live_orders=0 tested_orders=0
[HEARTBEAT] events=111925 decisions=362 live_orders=0 tested_orders=0
[HEARTBEAT] events=111950 decisions=362 live_orders=0 tested_orders=0
