{
  "observation_count": 28,
  "symbols": {
    "BTCUSDT": [
      {
        "bucket": 5,
        "median_bps": 38.122179,
        "mode": "spot",
        "observations": [
          38.122179
        ],
        "trend_direction": 1
      },
      {
        "bucket": 6,
        "median_bps": 50.649492,
        "mode": "spot",
        "observations": [
          41.277139,
          50.649492,
          40.957964,
          54.319224,
          39.027861,
          51.589414
        ],
        "trend_direction": 1
      }
    ],
    "ETHUSDT": [
      {
        "bucket": 6,
        "median_bps": 41.987091,
        "mode": "spot",
        "observations": [
          42.083081,
          55.289465,
          39.665662,
          41.987091,
          54.831962,
          38.130891,
          39.08918
        ],
        "trend_direction": 1
      }
    ],
    "SOLUSDT": [
      {
        "bucket": 5,
        "median_bps": 28.004404,
        "mode": "spot",
        "observations": [
          27.535691,
          28.004404,
          36.991447
        ],
        "trend_direction": 1
      },
      {
        "bucket": 6,
        "median_bps": 40.514158,
        "mode": "spot",
        "observations": [
          35.449384,
          54.936462,
          33.3358,
          40.514158
        ],
        "trend_direction": 1
      }
    ],
    "VIRTUALUSDT": [
      {
        "bucket": 5,
        "median_bps": 38.254739,
        "mode": "spot",
        "observations": [
          38.950533,
          34.24262,
          36.677848,
          42.625779,
          31.482922,
          38.254739
        ],
        "trend_direction": 1
      },
      {
        "bucket": 6,
        "median_bps": 47.241638,
        "mode": "spot",
        "observations": [
          47.241638
        ],
        "trend_direction": 1
      }
    ]
  }
}